Handle,Title,Body (HTML),Vendor,Type,Tags,Option1 Name,Option1 Value,Option2 Name,Option2 Value,Variant SKU,Variant Price,Variant Requires Shipping
amalfi-lemon-groves-terracotta-heirloom-amalfi-lemon-branch-with-leaves-no-5-3927d3,Amalfi Lemon Groves & Terracotta - Heirloom Amalfi lemon branch with leaves No. 5,"<p>Transform your living space with Amalfi Lemon Groves & Terracotta - Heirloom Amalfi lemon branch with leaves No. 5. Printed on museum-grade heavyweight matte paper and encased in premium solid wood frames.</p><p>Created to reflect the calming balance of Amalfi Lemon Groves & Terracotta, combining Mustard Yellow, Forest Moss, Amalfi Ultramarine, Terracotta Clay, Sunlit Limewash tones to anchor modern interiors with refined elegance.</p>",Atelier & Canvas,Wall Art,"amalfi lemon groves & terracotta wall art, framed canvas print, modern living room art, large statement art, neutral home decor, gallery wall art, bedroom wall decor, minimalist poster, terracotta art print, fine art giclee, sustainable wall art",Size,12x18 in (30x45 cm),Frame Style,Solid Natural Oak Wood Frame,framed-poster_flat_wood_natural_12x18-in_200-gsm,52.0,TRUE
amalfi-lemon-groves-terracotta-heirloom-amalfi-lemon-branch-with-leaves-no-5-3927d3,Amalfi Lemon Groves & Terracotta - Heirloom Amalfi lemon branch with leaves No. 5,"<p>Transform your living space with Amalfi Lemon Groves & Terracotta - Heirloom Amalfi lemon branch with leaves No. 5. Printed on museum-grade heavyweight matte paper and encased in premium solid wood frames.</p><p>Created to reflect the calming balance of Amalfi Lemon Groves & Terracotta, combining Mustard Yellow, Forest Moss, Amalfi Ultramarine, Terracotta Clay, Sunlit Limewash tones to anchor modern interiors with refined elegance.</p>",Atelier & Canvas,Wall Art,"amalfi lemon groves & terracotta wall art, framed canvas print, modern living room art, large statement art, neutral home decor, gallery wall art, bedroom wall decor, minimalist poster, terracotta art print, fine art giclee, sustainable wall art",Size,12x18 in (30x45 cm),Frame Style,Matte Black Solid Wood Frame,framed-poster_flat_wood_black_12x18-in_200-gsm,50.0,TRUE
amalfi-lemon-groves-terracotta-heirloom-amalfi-lemon-branch-with-leaves-no-5-3927d3,Amalfi Lemon Groves & Terracotta - Heirloom Amalfi lemon branch with leaves No. 5,"<p>Transform your living space with Amalfi Lemon Groves & Terracotta - Heirloom Amalfi lemon branch with leaves No. 5. Printed on museum-grade heavyweight matte paper and encased in premium solid wood frames.</p><p>Created to reflect the calming balance of Amalfi Lemon Groves & Terracotta, combining Mustard Yellow, Forest Moss, Amalfi Ultramarine, Terracotta Clay, Sunlit Limewash tones to anchor modern interiors with refined elegance.</p>",Atelier & Canvas,Wall Art,"amalfi lemon groves & terracotta wall art, framed canvas print, modern living room art, large statement art, neutral home decor, gallery wall art, bedroom wall decor, minimalist poster, terracotta art print, fine art giclee, sustainable wall art",Size,12x18 in (30x45 cm),Frame Style,Museum-Grade Matte Fine Art Print (Unframed),poster_matte_12x18-in_250-gsm,26.0,TRUE
amalfi-lemon-groves-terracotta-heirloom-amalfi-lemon-branch-with-leaves-no-5-3927d3,Amalfi Lemon Groves & Terracotta - Heirloom Amalfi lemon branch with leaves No. 5,"<p>Transform your living space with Amalfi Lemon Groves & Terracotta - Heirloom Amalfi lemon branch with leaves No. 5. Printed on museum-grade heavyweight matte paper and encased in premium solid wood frames.</p><p>Created to reflect the calming balance of Amalfi Lemon Groves & Terracotta, combining Mustard Yellow, Forest Moss, Amalfi Ultramarine, Terracotta Clay, Sunlit Limewash tones to anchor modern interiors with refined elegance.</p>",Atelier & Canvas,Wall Art,"amalfi lemon groves & terracotta wall art, framed canvas print, modern living room art, large statement art, neutral home decor, gallery wall art, bedroom wall decor, minimalist poster, terracotta art print, fine art giclee, sustainable wall art",Size,18x24 in (45x60 cm),Frame Style,Solid Natural Oak Wood Frame,framed-poster_flat_wood_natural_18x24-in_200-gsm,76.0,TRUE
amalfi-lemon-groves-terracotta-heirloom-amalfi-lemon-branch-with-leaves-no-5-3927d3,Amalfi Lemon Groves & Terracotta - Heirloom Amalfi lemon branch with leaves No. 5,"<p>Transform your living space with Amalfi Lemon Groves & Terracotta - Heirloom Amalfi lemon branch with leaves No. 5. Printed on museum-grade heavyweight matte paper and encased in premium solid wood frames.</p><p>Created to reflect the calming balance of Amalfi Lemon Groves & Terracotta, combining Mustard Yellow, Forest Moss, Amalfi Ultramarine, Terracotta Clay, Sunlit Limewash tones to anchor modern interiors with refined elegance.</p>",Atelier & Canvas,Wall Art,"amalfi lemon groves & terracotta wall art, framed canvas print, modern living room art, large statement art, neutral home decor, gallery wall art, bedroom wall decor, minimalist poster, terracotta art print, fine art giclee, sustainable wall art",Size,18x24 in (45x60 cm),Frame Style,Matte Black Solid Wood Frame,framed-poster_flat_wood_black_18x24-in_200-gsm,73.0,TRUE
amalfi-lemon-groves-terracotta-heirloom-amalfi-lemon-branch-with-leaves-no-5-3927d3,Amalfi Lemon Groves & Terracotta - Heirloom Amalfi lemon branch with leaves No. 5,"<p>Transform your living space with Amalfi Lemon Groves & Terracotta - Heirloom Amalfi lemon branch with leaves No. 5. Printed on museum-grade heavyweight matte paper and encased in premium solid wood frames.</p><p>Created to reflect the calming balance of Amalfi Lemon Groves & Terracotta, combining Mustard Yellow, Forest Moss, Amalfi Ultramarine, Terracotta Clay, Sunlit Limewash tones to anchor modern interiors with refined elegance.</p>",Atelier & Canvas,Wall Art,"amalfi lemon groves & terracotta wall art, framed canvas print, modern living room art, large statement art, neutral home decor, gallery wall art, bedroom wall decor, minimalist poster, terracotta art print, fine art giclee, sustainable wall art",Size,18x24 in (45x60 cm),Frame Style,Nordic White Wood Frame,framed-poster_flat_wood_white_18x24-in_200-gsm,73.0,TRUE
amalfi-lemon-groves-terracotta-heirloom-amalfi-lemon-branch-with-leaves-no-5-3927d3,Amalfi Lemon Groves & Terracotta - Heirloom Amalfi lemon branch with leaves No. 5,"<p>Transform your living space with Amalfi Lemon Groves & Terracotta - Heirloom Amalfi lemon branch with leaves No. 5. Printed on museum-grade heavyweight matte paper and encased in premium solid wood frames.</p><p>Created to reflect the calming balance of Amalfi Lemon Groves & Terracotta, combining Mustard Yellow, Forest Moss, Amalfi Ultramarine, Terracotta Clay, Sunlit Limewash tones to anchor modern interiors with refined elegance.</p>",Atelier & Canvas,Wall Art,"amalfi lemon groves & terracotta wall art, framed canvas print, modern living room art, large statement art, neutral home decor, gallery wall art, bedroom wall decor, minimalist poster, terracotta art print, fine art giclee, sustainable wall art",Size,18x24 in (45x60 cm),Frame Style,Gallery Stretched Fine Art Canvas,canvas_slim_18x24-in_wood-frame,68.0,TRUE
amalfi-lemon-groves-terracotta-heirloom-amalfi-lemon-branch-with-leaves-no-5-3927d3,Amalfi Lemon Groves & Terracotta - Heirloom Amalfi lemon branch with leaves No. 5,"<p>Transform your living space with Amalfi Lemon Groves & Terracotta - Heirloom Amalfi lemon branch with leaves No. 5. Printed on museum-grade heavyweight matte paper and encased in premium solid wood frames.</p><p>Created to reflect the calming balance of Amalfi Lemon Groves & Terracotta, combining Mustard Yellow, Forest Moss, Amalfi Ultramarine, Terracotta Clay, Sunlit Limewash tones to anchor modern interiors with refined elegance.</p>",Atelier & Canvas,Wall Art,"amalfi lemon groves & terracotta wall art, framed canvas print, modern living room art, large statement art, neutral home decor, gallery wall art, bedroom wall decor, minimalist poster, terracotta art print, fine art giclee, sustainable wall art",Size,18x24 in (45x60 cm),Frame Style,Museum-Grade Matte Fine Art Print (Unframed),poster_matte_18x24-in_250-gsm,33.0,TRUE
amalfi-lemon-groves-terracotta-heirloom-amalfi-lemon-branch-with-leaves-no-5-3927d3,Amalfi Lemon Groves & Terracotta - Heirloom Amalfi lemon branch with leaves No. 5,"<p>Transform your living space with Amalfi Lemon Groves & Terracotta - Heirloom Amalfi lemon branch with leaves No. 5. Printed on museum-grade heavyweight matte paper and encased in premium solid wood frames.</p><p>Created to reflect the calming balance of Amalfi Lemon Groves & Terracotta, combining Mustard Yellow, Forest Moss, Amalfi Ultramarine, Terracotta Clay, Sunlit Limewash tones to anchor modern interiors with refined elegance.</p>",Atelier & Canvas,Wall Art,"amalfi lemon groves & terracotta wall art, framed canvas print, modern living room art, large statement art, neutral home decor, gallery wall art, bedroom wall decor, minimalist poster, terracotta art print, fine art giclee, sustainable wall art",Size,24x36 in (60x90 cm),Frame Style,Solid Natural Oak Wood Frame,framed-poster_flat_wood_natural_24x36-in_200-gsm,110.0,TRUE
amalfi-lemon-groves-terracotta-heirloom-amalfi-lemon-branch-with-leaves-no-5-3927d3,Amalfi Lemon Groves & Terracotta - Heirloom Amalfi lemon branch with leaves No. 5,"<p>Transform your living space with Amalfi Lemon Groves & Terracotta - Heirloom Amalfi lemon branch with leaves No. 5. Printed on museum-grade heavyweight matte paper and encased in premium solid wood frames.</p><p>Created to reflect the calming balance of Amalfi Lemon Groves & Terracotta, combining Mustard Yellow, Forest Moss, Amalfi Ultramarine, Terracotta Clay, Sunlit Limewash tones to anchor modern interiors with refined elegance.</p>",Atelier & Canvas,Wall Art,"amalfi lemon groves & terracotta wall art, framed canvas print, modern living room art, large statement art, neutral home decor, gallery wall art, bedroom wall decor, minimalist poster, terracotta art print, fine art giclee, sustainable wall art",Size,24x36 in (60x90 cm),Frame Style,Matte Black Solid Wood Frame,framed-poster_flat_wood_black_24x36-in_200-gsm,105.0,TRUE
amalfi-lemon-groves-terracotta-heirloom-amalfi-lemon-branch-with-leaves-no-5-3927d3,Amalfi Lemon Groves & Terracotta - Heirloom Amalfi lemon branch with leaves No. 5,"<p>Transform your living space with Amalfi Lemon Groves & Terracotta - Heirloom Amalfi lemon branch with leaves No. 5. Printed on museum-grade heavyweight matte paper and encased in premium solid wood frames.</p><p>Created to reflect the calming balance of Amalfi Lemon Groves & Terracotta, combining Mustard Yellow, Forest Moss, Amalfi Ultramarine, Terracotta Clay, Sunlit Limewash tones to anchor modern interiors with refined elegance.</p>",Atelier & Canvas,Wall Art,"amalfi lemon groves & terracotta wall art, framed canvas print, modern living room art, large statement art, neutral home decor, gallery wall art, bedroom wall decor, minimalist poster, terracotta art print, fine art giclee, sustainable wall art",Size,24x36 in (60x90 cm),Frame Style,Nordic White Wood Frame,framed-poster_flat_wood_white_24x36-in_200-gsm,105.0,TRUE
amalfi-lemon-groves-terracotta-heirloom-amalfi-lemon-branch-with-leaves-no-5-3927d3,Amalfi Lemon Groves & Terracotta - Heirloom Amalfi lemon branch with leaves No. 5,"<p>Transform your living space with Amalfi Lemon Groves & Terracotta - Heirloom Amalfi lemon branch with leaves No. 5. Printed on museum-grade heavyweight matte paper and encased in premium solid wood frames.</p><p>Created to reflect the calming balance of Amalfi Lemon Groves & Terracotta, combining Mustard Yellow, Forest Moss, Amalfi Ultramarine, Terracotta Clay, Sunlit Limewash tones to anchor modern interiors with refined elegance.</p>",Atelier & Canvas,Wall Art,"amalfi lemon groves & terracotta wall art, framed canvas print, modern living room art, large statement art, neutral home decor, gallery wall art, bedroom wall decor, minimalist poster, terracotta art print, fine art giclee, sustainable wall art",Size,24x36 in (60x90 cm),Frame Style,Gallery Stretched Fine Art Canvas,canvas_slim_24x36-in_wood-frame,98.0,TRUE
amalfi-lemon-groves-terracotta-heirloom-amalfi-lemon-branch-with-leaves-no-5-3927d3,Amalfi Lemon Groves & Terracotta - Heirloom Amalfi lemon branch with leaves No. 5,"<p>Transform your living space with Amalfi Lemon Groves & Terracotta - Heirloom Amalfi lemon branch with leaves No. 5. Printed on museum-grade heavyweight matte paper and encased in premium solid wood frames.</p><p>Created to reflect the calming balance of Amalfi Lemon Groves & Terracotta, combining Mustard Yellow, Forest Moss, Amalfi Ultramarine, Terracotta Clay, Sunlit Limewash tones to anchor modern interiors with refined elegance.</p>",Atelier & Canvas,Wall Art,"amalfi lemon groves & terracotta wall art, framed canvas print, modern living room art, large statement art, neutral home decor, gallery wall art, bedroom wall decor, minimalist poster, terracotta art print, fine art giclee, sustainable wall art",Size,24x36 in (60x90 cm),Frame Style,Museum-Grade Matte Fine Art Print (Unframed),poster_matte_24x36-in_250-gsm,46.0,TRUE
amalfi-lemon-groves-terracotta-heirloom-amalfi-lemon-branch-with-leaves-no-5-3927d3,Amalfi Lemon Groves & Terracotta - Heirloom Amalfi lemon branch with leaves No. 5,"<p>Transform your living space with Amalfi Lemon Groves & Terracotta - Heirloom Amalfi lemon branch with leaves No. 5. Printed on museum-grade heavyweight matte paper and encased in premium solid wood frames.</p><p>Created to reflect the calming balance of Amalfi Lemon Groves & Terracotta, combining Mustard Yellow, Forest Moss, Amalfi Ultramarine, Terracotta Clay, Sunlit Limewash tones to anchor modern interiors with refined elegance.</p>",Atelier & Canvas,Wall Art,"amalfi lemon groves & terracotta wall art, framed canvas print, modern living room art, large statement art, neutral home decor, gallery wall art, bedroom wall decor, minimalist poster, terracotta art print, fine art giclee, sustainable wall art",Size,30x40 in (75x100 cm),Frame Style,Solid Natural Oak Wood Frame,framed-poster_flat_wood_natural_30x40-in_200-gsm,148.0,TRUE
amalfi-lemon-groves-terracotta-heirloom-amalfi-lemon-branch-with-leaves-no-5-3927d3,Amalfi Lemon Groves & Terracotta - Heirloom Amalfi lemon branch with leaves No. 5,"<p>Transform your living space with Amalfi Lemon Groves & Terracotta - Heirloom Amalfi lemon branch with leaves No. 5. Printed on museum-grade heavyweight matte paper and encased in premium solid wood frames.</p><p>Created to reflect the calming balance of Amalfi Lemon Groves & Terracotta, combining Mustard Yellow, Forest Moss, Amalfi Ultramarine, Terracotta Clay, Sunlit Limewash tones to anchor modern interiors with refined elegance.</p>",Atelier & Canvas,Wall Art,"amalfi lemon groves & terracotta wall art, framed canvas print, modern living room art, large statement art, neutral home decor, gallery wall art, bedroom wall decor, minimalist poster, terracotta art print, fine art giclee, sustainable wall art",Size,30x40 in (75x100 cm),Frame Style,Matte Black Solid Wood Frame,framed-poster_flat_wood_black_30x40-in_200-gsm,143.0,TRUE
amalfi-lemon-groves-terracotta-heirloom-amalfi-lemon-branch-with-leaves-no-5-3927d3,Amalfi Lemon Groves & Terracotta - Heirloom Amalfi lemon branch with leaves No. 5,"<p>Transform your living space with Amalfi Lemon Groves & Terracotta - Heirloom Amalfi lemon branch with leaves No. 5. Printed on museum-grade heavyweight matte paper and encased in premium solid wood frames.</p><p>Created to reflect the calming balance of Amalfi Lemon Groves & Terracotta, combining Mustard Yellow, Forest Moss, Amalfi Ultramarine, Terracotta Clay, Sunlit Limewash tones to anchor modern interiors with refined elegance.</p>",Atelier & Canvas,Wall Art,"amalfi lemon groves & terracotta wall art, framed canvas print, modern living room art, large statement art, neutral home decor, gallery wall art, bedroom wall decor, minimalist poster, terracotta art print, fine art giclee, sustainable wall art",Size,30x40 in (75x100 cm),Frame Style,Gallery Stretched Fine Art Canvas,canvas_slim_30x40-in_wood-frame,137.0,TRUE
amalfi-lemon-groves-terracotta-heirloom-amalfi-lemon-branch-with-leaves-no-5-3927d3,Amalfi Lemon Groves & Terracotta - Heirloom Amalfi lemon branch with leaves No. 5,"<p>Transform your living space with Amalfi Lemon Groves & Terracotta - Heirloom Amalfi lemon branch with leaves No. 5. Printed on museum-grade heavyweight matte paper and encased in premium solid wood frames.</p><p>Created to reflect the calming balance of Amalfi Lemon Groves & Terracotta, combining Mustard Yellow, Forest Moss, Amalfi Ultramarine, Terracotta Clay, Sunlit Limewash tones to anchor modern interiors with refined elegance.</p>",Atelier & Canvas,Wall Art,"amalfi lemon groves & terracotta wall art, framed canvas print, modern living room art, large statement art, neutral home decor, gallery wall art, bedroom wall decor, minimalist poster, terracotta art print, fine art giclee, sustainable wall art",Size,30x40 in (75x100 cm),Frame Style,Museum-Grade Matte Fine Art Print (Unframed),poster_matte_30x40-in_250-gsm,59.0,TRUE
retro-futuristic-cyber-architecture-isometric-sky-garden-elevation-no-3-25250b,Retro-Futuristic & Cyber Architecture - Isometric sky garden elevation No. 3,"<p>Transform your living space with Retro-Futuristic & Cyber Architecture - Isometric sky garden elevation No. 3. Printed on museum-grade heavyweight matte paper and encased in premium solid wood frames.</p><p>Created to reflect the calming balance of Retro-Futuristic & Cyber Architecture, combining Deep Cobalt, Burnt Vermilion, Deep Obsidian, Warm Ochre, Sunlit Limewash tones to anchor modern interiors with refined elegance.</p>",Atelier & Canvas,Wall Art,"retro-futuristic & cyber architecture wall art, framed canvas print, modern living room art, large statement art, neutral home decor, gallery wall art, bedroom wall decor, minimalist poster, terracotta art print, fine art giclee, sustainable wall art",Size,12x18 in (30x45 cm),Frame Style,Solid Natural Oak Wood Frame,framed-poster_flat_wood_natural_12x18-in_200-gsm,52.0,TRUE
retro-futuristic-cyber-architecture-isometric-sky-garden-elevation-no-3-25250b,Retro-Futuristic & Cyber Architecture - Isometric sky garden elevation No. 3,"<p>Transform your living space with Retro-Futuristic & Cyber Architecture - Isometric sky garden elevation No. 3. Printed on museum-grade heavyweight matte paper and encased in premium solid wood frames.</p><p>Created to reflect the calming balance of Retro-Futuristic & Cyber Architecture, combining Deep Cobalt, Burnt Vermilion, Deep Obsidian, Warm Ochre, Sunlit Limewash tones to anchor modern interiors with refined elegance.</p>",Atelier & Canvas,Wall Art,"retro-futuristic & cyber architecture wall art, framed canvas print, modern living room art, large statement art, neutral home decor, gallery wall art, bedroom wall decor, minimalist poster, terracotta art print, fine art giclee, sustainable wall art",Size,12x18 in (30x45 cm),Frame Style,Matte Black Solid Wood Frame,framed-poster_flat_wood_black_12x18-in_200-gsm,50.0,TRUE
retro-futuristic-cyber-architecture-isometric-sky-garden-elevation-no-3-25250b,Retro-Futuristic & Cyber Architecture - Isometric sky garden elevation No. 3,"<p>Transform your living space with Retro-Futuristic & Cyber Architecture - Isometric sky garden elevation No. 3. Printed on museum-grade heavyweight matte paper and encased in premium solid wood frames.</p><p>Created to reflect the calming balance of Retro-Futuristic & Cyber Architecture, combining Deep Cobalt, Burnt Vermilion, Deep Obsidian, Warm Ochre, Sunlit Limewash tones to anchor modern interiors with refined elegance.</p>",Atelier & Canvas,Wall Art,"retro-futuristic & cyber architecture wall art, framed canvas print, modern living room art, large statement art, neutral home decor, gallery wall art, bedroom wall decor, minimalist poster, terracotta art print, fine art giclee, sustainable wall art",Size,12x18 in (30x45 cm),Frame Style,Museum-Grade Matte Fine Art Print (Unframed),poster_matte_12x18-in_250-gsm,26.0,TRUE
retro-futuristic-cyber-architecture-isometric-sky-garden-elevation-no-3-25250b,Retro-Futuristic & Cyber Architecture - Isometric sky garden elevation No. 3,"<p>Transform your living space with Retro-Futuristic & Cyber Architecture - Isometric sky garden elevation No. 3. Printed on museum-grade heavyweight matte paper and encased in premium solid wood frames.</p><p>Created to reflect the calming balance of Retro-Futuristic & Cyber Architecture, combining Deep Cobalt, Burnt Vermilion, Deep Obsidian, Warm Ochre, Sunlit Limewash tones to anchor modern interiors with refined elegance.</p>",Atelier & Canvas,Wall Art,"retro-futuristic & cyber architecture wall art, framed canvas print, modern living room art, large statement art, neutral home decor, gallery wall art, bedroom wall decor, minimalist poster, terracotta art print, fine art giclee, sustainable wall art",Size,18x24 in (45x60 cm),Frame Style,Solid Natural Oak Wood Frame,framed-poster_flat_wood_natural_18x24-in_200-gsm,76.0,TRUE
retro-futuristic-cyber-architecture-isometric-sky-garden-elevation-no-3-25250b,Retro-Futuristic & Cyber Architecture - Isometric sky garden elevation No. 3,"<p>Transform your living space with Retro-Futuristic & Cyber Architecture - Isometric sky garden elevation No. 3. Printed on museum-grade heavyweight matte paper and encased in premium solid wood frames.</p><p>Created to reflect the calming balance of Retro-Futuristic & Cyber Architecture, combining Deep Cobalt, Burnt Vermilion, Deep Obsidian, Warm Ochre, Sunlit Limewash tones to anchor modern interiors with refined elegance.</p>",Atelier & Canvas,Wall Art,"retro-futuristic & cyber architecture wall art, framed canvas print, modern living room art, large statement art, neutral home decor, gallery wall art, bedroom wall decor, minimalist poster, terracotta art print, fine art giclee, sustainable wall art",Size,18x24 in (45x60 cm),Frame Style,Matte Black Solid Wood Frame,framed-poster_flat_wood_black_18x24-in_200-gsm,73.0,TRUE
retro-futuristic-cyber-architecture-isometric-sky-garden-elevation-no-3-25250b,Retro-Futuristic & Cyber Architecture - Isometric sky garden elevation No. 3,"<p>Transform your living space with Retro-Futuristic & Cyber Architecture - Isometric sky garden elevation No. 3. Printed on museum-grade heavyweight matte paper and encased in premium solid wood frames.</p><p>Created to reflect the calming balance of Retro-Futuristic & Cyber Architecture, combining Deep Cobalt, Burnt Vermilion, Deep Obsidian, Warm Ochre, Sunlit Limewash tones to anchor modern interiors with refined elegance.</p>",Atelier & Canvas,Wall Art,"retro-futuristic & cyber architecture wall art, framed canvas print, modern living room art, large statement art, neutral home decor, gallery wall art, bedroom wall decor, minimalist poster, terracotta art print, fine art giclee, sustainable wall art",Size,18x24 in (45x60 cm),Frame Style,Nordic White Wood Frame,framed-poster_flat_wood_white_18x24-in_200-gsm,73.0,TRUE
retro-futuristic-cyber-architecture-isometric-sky-garden-elevation-no-3-25250b,Retro-Futuristic & Cyber Architecture - Isometric sky garden elevation No. 3,"<p>Transform your living space with Retro-Futuristic & Cyber Architecture - Isometric sky garden elevation No. 3. Printed on museum-grade heavyweight matte paper and encased in premium solid wood frames.</p><p>Created to reflect the calming balance of Retro-Futuristic & Cyber Architecture, combining Deep Cobalt, Burnt Vermilion, Deep Obsidian, Warm Ochre, Sunlit Limewash tones to anchor modern interiors with refined elegance.</p>",Atelier & Canvas,Wall Art,"retro-futuristic & cyber architecture wall art, framed canvas print, modern living room art, large statement art, neutral home decor, gallery wall art, bedroom wall decor, minimalist poster, terracotta art print, fine art giclee, sustainable wall art",Size,18x24 in (45x60 cm),Frame Style,Gallery Stretched Fine Art Canvas,canvas_slim_18x24-in_wood-frame,68.0,TRUE
retro-futuristic-cyber-architecture-isometric-sky-garden-elevation-no-3-25250b,Retro-Futuristic & Cyber Architecture - Isometric sky garden elevation No. 3,"<p>Transform your living space with Retro-Futuristic & Cyber Architecture - Isometric sky garden elevation No. 3. Printed on museum-grade heavyweight matte paper and encased in premium solid wood frames.</p><p>Created to reflect the calming balance of Retro-Futuristic & Cyber Architecture, combining Deep Cobalt, Burnt Vermilion, Deep Obsidian, Warm Ochre, Sunlit Limewash tones to anchor modern interiors with refined elegance.</p>",Atelier & Canvas,Wall Art,"retro-futuristic & cyber architecture wall art, framed canvas print, modern living room art, large statement art, neutral home decor, gallery wall art, bedroom wall decor, minimalist poster, terracotta art print, fine art giclee, sustainable wall art",Size,18x24 in (45x60 cm),Frame Style,Museum-Grade Matte Fine Art Print (Unframed),poster_matte_18x24-in_250-gsm,33.0,TRUE
retro-futuristic-cyber-architecture-isometric-sky-garden-elevation-no-3-25250b,Retro-Futuristic & Cyber Architecture - Isometric sky garden elevation No. 3,"<p>Transform your living space with Retro-Futuristic & Cyber Architecture - Isometric sky garden elevation No. 3. Printed on museum-grade heavyweight matte paper and encased in premium solid wood frames.</p><p>Created to reflect the calming balance of Retro-Futuristic & Cyber Architecture, combining Deep Cobalt, Burnt Vermilion, Deep Obsidian, Warm Ochre, Sunlit Limewash tones to anchor modern interiors with refined elegance.</p>",Atelier & Canvas,Wall Art,"retro-futuristic & cyber architecture wall art, framed canvas print, modern living room art, large statement art, neutral home decor, gallery wall art, bedroom wall decor, minimalist poster, terracotta art print, fine art giclee, sustainable wall art",Size,24x36 in (60x90 cm),Frame Style,Solid Natural Oak Wood Frame,framed-poster_flat_wood_natural_24x36-in_200-gsm,110.0,TRUE
retro-futuristic-cyber-architecture-isometric-sky-garden-elevation-no-3-25250b,Retro-Futuristic & Cyber Architecture - Isometric sky garden elevation No. 3,"<p>Transform your living space with Retro-Futuristic & Cyber Architecture - Isometric sky garden elevation No. 3. Printed on museum-grade heavyweight matte paper and encased in premium solid wood frames.</p><p>Created to reflect the calming balance of Retro-Futuristic & Cyber Architecture, combining Deep Cobalt, Burnt Vermilion, Deep Obsidian, Warm Ochre, Sunlit Limewash tones to anchor modern interiors with refined elegance.</p>",Atelier & Canvas,Wall Art,"retro-futuristic & cyber architecture wall art, framed canvas print, modern living room art, large statement art, neutral home decor, gallery wall art, bedroom wall decor, minimalist poster, terracotta art print, fine art giclee, sustainable wall art",Size,24x36 in (60x90 cm),Frame Style,Matte Black Solid Wood Frame,framed-poster_flat_wood_black_24x36-in_200-gsm,105.0,TRUE
retro-futuristic-cyber-architecture-isometric-sky-garden-elevation-no-3-25250b,Retro-Futuristic & Cyber Architecture - Isometric sky garden elevation No. 3,"<p>Transform your living space with Retro-Futuristic & Cyber Architecture - Isometric sky garden elevation No. 3. Printed on museum-grade heavyweight matte paper and encased in premium solid wood frames.</p><p>Created to reflect the calming balance of Retro-Futuristic & Cyber Architecture, combining Deep Cobalt, Burnt Vermilion, Deep Obsidian, Warm Ochre, Sunlit Limewash tones to anchor modern interiors with refined elegance.</p>",Atelier & Canvas,Wall Art,"retro-futuristic & cyber architecture wall art, framed canvas print, modern living room art, large statement art, neutral home decor, gallery wall art, bedroom wall decor, minimalist poster, terracotta art print, fine art giclee, sustainable wall art",Size,24x36 in (60x90 cm),Frame Style,Nordic White Wood Frame,framed-poster_flat_wood_white_24x36-in_200-gsm,105.0,TRUE
retro-futuristic-cyber-architecture-isometric-sky-garden-elevation-no-3-25250b,Retro-Futuristic & Cyber Architecture - Isometric sky garden elevation No. 3,"<p>Transform your living space with Retro-Futuristic & Cyber Architecture - Isometric sky garden elevation No. 3. Printed on museum-grade heavyweight matte paper and encased in premium solid wood frames.</p><p>Created to reflect the calming balance of Retro-Futuristic & Cyber Architecture, combining Deep Cobalt, Burnt Vermilion, Deep Obsidian, Warm Ochre, Sunlit Limewash tones to anchor modern interiors with refined elegance.</p>",Atelier & Canvas,Wall Art,"retro-futuristic & cyber architecture wall art, framed canvas print, modern living room art, large statement art, neutral home decor, gallery wall art, bedroom wall decor, minimalist poster, terracotta art print, fine art giclee, sustainable wall art",Size,24x36 in (60x90 cm),Frame Style,Gallery Stretched Fine Art Canvas,canvas_slim_24x36-in_wood-frame,98.0,TRUE
retro-futuristic-cyber-architecture-isometric-sky-garden-elevation-no-3-25250b,Retro-Futuristic & Cyber Architecture - Isometric sky garden elevation No. 3,"<p>Transform your living space with Retro-Futuristic & Cyber Architecture - Isometric sky garden elevation No. 3. Printed on museum-grade heavyweight matte paper and encased in premium solid wood frames.</p><p>Created to reflect the calming balance of Retro-Futuristic & Cyber Architecture, combining Deep Cobalt, Burnt Vermilion, Deep Obsidian, Warm Ochre, Sunlit Limewash tones to anchor modern interiors with refined elegance.</p>",Atelier & Canvas,Wall Art,"retro-futuristic & cyber architecture wall art, framed canvas print, modern living room art, large statement art, neutral home decor, gallery wall art, bedroom wall decor, minimalist poster, terracotta art print, fine art giclee, sustainable wall art",Size,24x36 in (60x90 cm),Frame Style,Museum-Grade Matte Fine Art Print (Unframed),poster_matte_24x36-in_250-gsm,46.0,TRUE
retro-futuristic-cyber-architecture-isometric-sky-garden-elevation-no-3-25250b,Retro-Futuristic & Cyber Architecture - Isometric sky garden elevation No. 3,"<p>Transform your living space with Retro-Futuristic & Cyber Architecture - Isometric sky garden elevation No. 3. Printed on museum-grade heavyweight matte paper and encased in premium solid wood frames.</p><p>Created to reflect the calming balance of Retro-Futuristic & Cyber Architecture, combining Deep Cobalt, Burnt Vermilion, Deep Obsidian, Warm Ochre, Sunlit Limewash tones to anchor modern interiors with refined elegance.</p>",Atelier & Canvas,Wall Art,"retro-futuristic & cyber architecture wall art, framed canvas print, modern living room art, large statement art, neutral home decor, gallery wall art, bedroom wall decor, minimalist poster, terracotta art print, fine art giclee, sustainable wall art",Size,30x40 in (75x100 cm),Frame Style,Solid Natural Oak Wood Frame,framed-poster_flat_wood_natural_30x40-in_200-gsm,148.0,TRUE
retro-futuristic-cyber-architecture-isometric-sky-garden-elevation-no-3-25250b,Retro-Futuristic & Cyber Architecture - Isometric sky garden elevation No. 3,"<p>Transform your living space with Retro-Futuristic & Cyber Architecture - Isometric sky garden elevation No. 3. Printed on museum-grade heavyweight matte paper and encased in premium solid wood frames.</p><p>Created to reflect the calming balance of Retro-Futuristic & Cyber Architecture, combining Deep Cobalt, Burnt Vermilion, Deep Obsidian, Warm Ochre, Sunlit Limewash tones to anchor modern interiors with refined elegance.</p>",Atelier & Canvas,Wall Art,"retro-futuristic & cyber architecture wall art, framed canvas print, modern living room art, large statement art, neutral home decor, gallery wall art, bedroom wall decor, minimalist poster, terracotta art print, fine art giclee, sustainable wall art",Size,30x40 in (75x100 cm),Frame Style,Matte Black Solid Wood Frame,framed-poster_flat_wood_black_30x40-in_200-gsm,143.0,TRUE
retro-futuristic-cyber-architecture-isometric-sky-garden-elevation-no-3-25250b,Retro-Futuristic & Cyber Architecture - Isometric sky garden elevation No. 3,"<p>Transform your living space with Retro-Futuristic & Cyber Architecture - Isometric sky garden elevation No. 3. Printed on museum-grade heavyweight matte paper and encased in premium solid wood frames.</p><p>Created to reflect the calming balance of Retro-Futuristic & Cyber Architecture, combining Deep Cobalt, Burnt Vermilion, Deep Obsidian, Warm Ochre, Sunlit Limewash tones to anchor modern interiors with refined elegance.</p>",Atelier & Canvas,Wall Art,"retro-futuristic & cyber architecture wall art, framed canvas print, modern living room art, large statement art, neutral home decor, gallery wall art, bedroom wall decor, minimalist poster, terracotta art print, fine art giclee, sustainable wall art",Size,30x40 in (75x100 cm),Frame Style,Gallery Stretched Fine Art Canvas,canvas_slim_30x40-in_wood-frame,137.0,TRUE
retro-futuristic-cyber-architecture-isometric-sky-garden-elevation-no-3-25250b,Retro-Futuristic & Cyber Architecture - Isometric sky garden elevation No. 3,"<p>Transform your living space with Retro-Futuristic & Cyber Architecture - Isometric sky garden elevation No. 3. Printed on museum-grade heavyweight matte paper and encased in premium solid wood frames.</p><p>Created to reflect the calming balance of Retro-Futuristic & Cyber Architecture, combining Deep Cobalt, Burnt Vermilion, Deep Obsidian, Warm Ochre, Sunlit Limewash tones to anchor modern interiors with refined elegance.</p>",Atelier & Canvas,Wall Art,"retro-futuristic & cyber architecture wall art, framed canvas print, modern living room art, large statement art, neutral home decor, gallery wall art, bedroom wall decor, minimalist poster, terracotta art print, fine art giclee, sustainable wall art",Size,30x40 in (75x100 cm),Frame Style,Museum-Grade Matte Fine Art Print (Unframed),poster_matte_30x40-in_250-gsm,59.0,TRUE
zen-sumi-e-enso-brush-studies-flowing-bamboo-reed-wash-no-3-2db163,Zen Sumi-e & Enso Brush Studies - Flowing bamboo reed wash No. 3,"<p>Transform your living space with Zen Sumi-e & Enso Brush Studies - Flowing bamboo reed wash No. 3. Printed on museum-grade heavyweight matte paper and encased in premium solid wood frames.</p><p>Created to reflect the calming balance of Zen Sumi-e & Enso Brush Studies, combining Matte Black, Charcoal Slate, Old Ivory, Raw Linen, Dried Rose tones to anchor modern interiors with refined elegance.</p>",Atelier & Canvas,Wall Art,"zen sumi-e & enso brush studies wall art, framed canvas print, modern living room art, large statement art, neutral home decor, gallery wall art, bedroom wall decor, minimalist poster, terracotta art print, fine art giclee, sustainable wall art",Size,12x18 in (30x45 cm),Frame Style,Solid Natural Oak Wood Frame,framed-poster_flat_wood_natural_12x18-in_200-gsm,52.0,TRUE
zen-sumi-e-enso-brush-studies-flowing-bamboo-reed-wash-no-3-2db163,Zen Sumi-e & Enso Brush Studies - Flowing bamboo reed wash No. 3,"<p>Transform your living space with Zen Sumi-e & Enso Brush Studies - Flowing bamboo reed wash No. 3. Printed on museum-grade heavyweight matte paper and encased in premium solid wood frames.</p><p>Created to reflect the calming balance of Zen Sumi-e & Enso Brush Studies, combining Matte Black, Charcoal Slate, Old Ivory, Raw Linen, Dried Rose tones to anchor modern interiors with refined elegance.</p>",Atelier & Canvas,Wall Art,"zen sumi-e & enso brush studies wall art, framed canvas print, modern living room art, large statement art, neutral home decor, gallery wall art, bedroom wall decor, minimalist poster, terracotta art print, fine art giclee, sustainable wall art",Size,12x18 in (30x45 cm),Frame Style,Matte Black Solid Wood Frame,framed-poster_flat_wood_black_12x18-in_200-gsm,50.0,TRUE
zen-sumi-e-enso-brush-studies-flowing-bamboo-reed-wash-no-3-2db163,Zen Sumi-e & Enso Brush Studies - Flowing bamboo reed wash No. 3,"<p>Transform your living space with Zen Sumi-e & Enso Brush Studies - Flowing bamboo reed wash No. 3. Printed on museum-grade heavyweight matte paper and encased in premium solid wood frames.</p><p>Created to reflect the calming balance of Zen Sumi-e & Enso Brush Studies, combining Matte Black, Charcoal Slate, Old Ivory, Raw Linen, Dried Rose tones to anchor modern interiors with refined elegance.</p>",Atelier & Canvas,Wall Art,"zen sumi-e & enso brush studies wall art, framed canvas print, modern living room art, large statement art, neutral home decor, gallery wall art, bedroom wall decor, minimalist poster, terracotta art print, fine art giclee, sustainable wall art",Size,12x18 in (30x45 cm),Frame Style,Museum-Grade Matte Fine Art Print (Unframed),poster_matte_12x18-in_250-gsm,26.0,TRUE
zen-sumi-e-enso-brush-studies-flowing-bamboo-reed-wash-no-3-2db163,Zen Sumi-e & Enso Brush Studies - Flowing bamboo reed wash No. 3,"<p>Transform your living space with Zen Sumi-e & Enso Brush Studies - Flowing bamboo reed wash No. 3. Printed on museum-grade heavyweight matte paper and encased in premium solid wood frames.</p><p>Created to reflect the calming balance of Zen Sumi-e & Enso Brush Studies, combining Matte Black, Charcoal Slate, Old Ivory, Raw Linen, Dried Rose tones to anchor modern interiors with refined elegance.</p>",Atelier & Canvas,Wall Art,"zen sumi-e & enso brush studies wall art, framed canvas print, modern living room art, large statement art, neutral home decor, gallery wall art, bedroom wall decor, minimalist poster, terracotta art print, fine art giclee, sustainable wall art",Size,18x24 in (45x60 cm),Frame Style,Solid Natural Oak Wood Frame,framed-poster_flat_wood_natural_18x24-in_200-gsm,76.0,TRUE
zen-sumi-e-enso-brush-studies-flowing-bamboo-reed-wash-no-3-2db163,Zen Sumi-e & Enso Brush Studies - Flowing bamboo reed wash No. 3,"<p>Transform your living space with Zen Sumi-e & Enso Brush Studies - Flowing bamboo reed wash No. 3. Printed on museum-grade heavyweight matte paper and encased in premium solid wood frames.</p><p>Created to reflect the calming balance of Zen Sumi-e & Enso Brush Studies, combining Matte Black, Charcoal Slate, Old Ivory, Raw Linen, Dried Rose tones to anchor modern interiors with refined elegance.</p>",Atelier & Canvas,Wall Art,"zen sumi-e & enso brush studies wall art, framed canvas print, modern living room art, large statement art, neutral home decor, gallery wall art, bedroom wall decor, minimalist poster, terracotta art print, fine art giclee, sustainable wall art",Size,18x24 in (45x60 cm),Frame Style,Matte Black Solid Wood Frame,framed-poster_flat_wood_black_18x24-in_200-gsm,73.0,TRUE
zen-sumi-e-enso-brush-studies-flowing-bamboo-reed-wash-no-3-2db163,Zen Sumi-e & Enso Brush Studies - Flowing bamboo reed wash No. 3,"<p>Transform your living space with Zen Sumi-e & Enso Brush Studies - Flowing bamboo reed wash No. 3. Printed on museum-grade heavyweight matte paper and encased in premium solid wood frames.</p><p>Created to reflect the calming balance of Zen Sumi-e & Enso Brush Studies, combining Matte Black, Charcoal Slate, Old Ivory, Raw Linen, Dried Rose tones to anchor modern interiors with refined elegance.</p>",Atelier & Canvas,Wall Art,"zen sumi-e & enso brush studies wall art, framed canvas print, modern living room art, large statement art, neutral home decor, gallery wall art, bedroom wall decor, minimalist poster, terracotta art print, fine art giclee, sustainable wall art",Size,18x24 in (45x60 cm),Frame Style,Nordic White Wood Frame,framed-poster_flat_wood_white_18x24-in_200-gsm,73.0,TRUE
zen-sumi-e-enso-brush-studies-flowing-bamboo-reed-wash-no-3-2db163,Zen Sumi-e & Enso Brush Studies - Flowing bamboo reed wash No. 3,"<p>Transform your living space with Zen Sumi-e & Enso Brush Studies - Flowing bamboo reed wash No. 3. Printed on museum-grade heavyweight matte paper and encased in premium solid wood frames.</p><p>Created to reflect the calming balance of Zen Sumi-e & Enso Brush Studies, combining Matte Black, Charcoal Slate, Old Ivory, Raw Linen, Dried Rose tones to anchor modern interiors with refined elegance.</p>",Atelier & Canvas,Wall Art,"zen sumi-e & enso brush studies wall art, framed canvas print, modern living room art, large statement art, neutral home decor, gallery wall art, bedroom wall decor, minimalist poster, terracotta art print, fine art giclee, sustainable wall art",Size,18x24 in (45x60 cm),Frame Style,Gallery Stretched Fine Art Canvas,canvas_slim_18x24-in_wood-frame,68.0,TRUE
zen-sumi-e-enso-brush-studies-flowing-bamboo-reed-wash-no-3-2db163,Zen Sumi-e & Enso Brush Studies - Flowing bamboo reed wash No. 3,"<p>Transform your living space with Zen Sumi-e & Enso Brush Studies - Flowing bamboo reed wash No. 3. Printed on museum-grade heavyweight matte paper and encased in premium solid wood frames.</p><p>Created to reflect the calming balance of Zen Sumi-e & Enso Brush Studies, combining Matte Black, Charcoal Slate, Old Ivory, Raw Linen, Dried Rose tones to anchor modern interiors with refined elegance.</p>",Atelier & Canvas,Wall Art,"zen sumi-e & enso brush studies wall art, framed canvas print, modern living room art, large statement art, neutral home decor, gallery wall art, bedroom wall decor, minimalist poster, terracotta art print, fine art giclee, sustainable wall art",Size,18x24 in (45x60 cm),Frame Style,Museum-Grade Matte Fine Art Print (Unframed),poster_matte_18x24-in_250-gsm,33.0,TRUE
zen-sumi-e-enso-brush-studies-flowing-bamboo-reed-wash-no-3-2db163,Zen Sumi-e & Enso Brush Studies - Flowing bamboo reed wash No. 3,"<p>Transform your living space with Zen Sumi-e & Enso Brush Studies - Flowing bamboo reed wash No. 3. Printed on museum-grade heavyweight matte paper and encased in premium solid wood frames.</p><p>Created to reflect the calming balance of Zen Sumi-e & Enso Brush Studies, combining Matte Black, Charcoal Slate, Old Ivory, Raw Linen, Dried Rose tones to anchor modern interiors with refined elegance.</p>",Atelier & Canvas,Wall Art,"zen sumi-e & enso brush studies wall art, framed canvas print, modern living room art, large statement art, neutral home decor, gallery wall art, bedroom wall decor, minimalist poster, terracotta art print, fine art giclee, sustainable wall art",Size,24x36 in (60x90 cm),Frame Style,Solid Natural Oak Wood Frame,framed-poster_flat_wood_natural_24x36-in_200-gsm,110.0,TRUE
zen-sumi-e-enso-brush-studies-flowing-bamboo-reed-wash-no-3-2db163,Zen Sumi-e & Enso Brush Studies - Flowing bamboo reed wash No. 3,"<p>Transform your living space with Zen Sumi-e & Enso Brush Studies - Flowing bamboo reed wash No. 3. Printed on museum-grade heavyweight matte paper and encased in premium solid wood frames.</p><p>Created to reflect the calming balance of Zen Sumi-e & Enso Brush Studies, combining Matte Black, Charcoal Slate, Old Ivory, Raw Linen, Dried Rose tones to anchor modern interiors with refined elegance.</p>",Atelier & Canvas,Wall Art,"zen sumi-e & enso brush studies wall art, framed canvas print, modern living room art, large statement art, neutral home decor, gallery wall art, bedroom wall decor, minimalist poster, terracotta art print, fine art giclee, sustainable wall art",Size,24x36 in (60x90 cm),Frame Style,Matte Black Solid Wood Frame,framed-poster_flat_wood_black_24x36-in_200-gsm,105.0,TRUE
zen-sumi-e-enso-brush-studies-flowing-bamboo-reed-wash-no-3-2db163,Zen Sumi-e & Enso Brush Studies - Flowing bamboo reed wash No. 3,"<p>Transform your living space with Zen Sumi-e & Enso Brush Studies - Flowing bamboo reed wash No. 3. Printed on museum-grade heavyweight matte paper and encased in premium solid wood frames.</p><p>Created to reflect the calming balance of Zen Sumi-e & Enso Brush Studies, combining Matte Black, Charcoal Slate, Old Ivory, Raw Linen, Dried Rose tones to anchor modern interiors with refined elegance.</p>",Atelier & Canvas,Wall Art,"zen sumi-e & enso brush studies wall art, framed canvas print, modern living room art, large statement art, neutral home decor, gallery wall art, bedroom wall decor, minimalist poster, terracotta art print, fine art giclee, sustainable wall art",Size,24x36 in (60x90 cm),Frame Style,Nordic White Wood Frame,framed-poster_flat_wood_white_24x36-in_200-gsm,105.0,TRUE
zen-sumi-e-enso-brush-studies-flowing-bamboo-reed-wash-no-3-2db163,Zen Sumi-e & Enso Brush Studies - Flowing bamboo reed wash No. 3,"<p>Transform your living space with Zen Sumi-e & Enso Brush Studies - Flowing bamboo reed wash No. 3. Printed on museum-grade heavyweight matte paper and encased in premium solid wood frames.</p><p>Created to reflect the calming balance of Zen Sumi-e & Enso Brush Studies, combining Matte Black, Charcoal Slate, Old Ivory, Raw Linen, Dried Rose tones to anchor modern interiors with refined elegance.</p>",Atelier & Canvas,Wall Art,"zen sumi-e & enso brush studies wall art, framed canvas print, modern living room art, large statement art, neutral home decor, gallery wall art, bedroom wall decor, minimalist poster, terracotta art print, fine art giclee, sustainable wall art",Size,24x36 in (60x90 cm),Frame Style,Gallery Stretched Fine Art Canvas,canvas_slim_24x36-in_wood-frame,98.0,TRUE
zen-sumi-e-enso-brush-studies-flowing-bamboo-reed-wash-no-3-2db163,Zen Sumi-e & Enso Brush Studies - Flowing bamboo reed wash No. 3,"<p>Transform your living space with Zen Sumi-e & Enso Brush Studies - Flowing bamboo reed wash No. 3. Printed on museum-grade heavyweight matte paper and encased in premium solid wood frames.</p><p>Created to reflect the calming balance of Zen Sumi-e & Enso Brush Studies, combining Matte Black, Charcoal Slate, Old Ivory, Raw Linen, Dried Rose tones to anchor modern interiors with refined elegance.</p>",Atelier & Canvas,Wall Art,"zen sumi-e & enso brush studies wall art, framed canvas print, modern living room art, large statement art, neutral home decor, gallery wall art, bedroom wall decor, minimalist poster, terracotta art print, fine art giclee, sustainable wall art",Size,24x36 in (60x90 cm),Frame Style,Museum-Grade Matte Fine Art Print (Unframed),poster_matte_24x36-in_250-gsm,46.0,TRUE
zen-sumi-e-enso-brush-studies-flowing-bamboo-reed-wash-no-3-2db163,Zen Sumi-e & Enso Brush Studies - Flowing bamboo reed wash No. 3,"<p>Transform your living space with Zen Sumi-e & Enso Brush Studies - Flowing bamboo reed wash No. 3. Printed on museum-grade heavyweight matte paper and encased in premium solid wood frames.</p><p>Created to reflect the calming balance of Zen Sumi-e & Enso Brush Studies, combining Matte Black, Charcoal Slate, Old Ivory, Raw Linen, Dried Rose tones to anchor modern interiors with refined elegance.</p>",Atelier & Canvas,Wall Art,"zen sumi-e & enso brush studies wall art, framed canvas print, modern living room art, large statement art, neutral home decor, gallery wall art, bedroom wall decor, minimalist poster, terracotta art print, fine art giclee, sustainable wall art",Size,30x40 in (75x100 cm),Frame Style,Solid Natural Oak Wood Frame,framed-poster_flat_wood_natural_30x40-in_200-gsm,148.0,TRUE
zen-sumi-e-enso-brush-studies-flowing-bamboo-reed-wash-no-3-2db163,Zen Sumi-e & Enso Brush Studies - Flowing bamboo reed wash No. 3,"<p>Transform your living space with Zen Sumi-e & Enso Brush Studies - Flowing bamboo reed wash No. 3. Printed on museum-grade heavyweight matte paper and encased in premium solid wood frames.</p><p>Created to reflect the calming balance of Zen Sumi-e & Enso Brush Studies, combining Matte Black, Charcoal Slate, Old Ivory, Raw Linen, Dried Rose tones to anchor modern interiors with refined elegance.</p>",Atelier & Canvas,Wall Art,"zen sumi-e & enso brush studies wall art, framed canvas print, modern living room art, large statement art, neutral home decor, gallery wall art, bedroom wall decor, minimalist poster, terracotta art print, fine art giclee, sustainable wall art",Size,30x40 in (75x100 cm),Frame Style,Matte Black Solid Wood Frame,framed-poster_flat_wood_black_30x40-in_200-gsm,143.0,TRUE
zen-sumi-e-enso-brush-studies-flowing-bamboo-reed-wash-no-3-2db163,Zen Sumi-e & Enso Brush Studies - Flowing bamboo reed wash No. 3,"<p>Transform your living space with Zen Sumi-e & Enso Brush Studies - Flowing bamboo reed wash No. 3. Printed on museum-grade heavyweight matte paper and encased in premium solid wood frames.</p><p>Created to reflect the calming balance of Zen Sumi-e & Enso Brush Studies, combining Matte Black, Charcoal Slate, Old Ivory, Raw Linen, Dried Rose tones to anchor modern interiors with refined elegance.</p>",Atelier & Canvas,Wall Art,"zen sumi-e & enso brush studies wall art, framed canvas print, modern living room art, large statement art, neutral home decor, gallery wall art, bedroom wall decor, minimalist poster, terracotta art print, fine art giclee, sustainable wall art",Size,30x40 in (75x100 cm),Frame Style,Gallery Stretched Fine Art Canvas,canvas_slim_30x40-in_wood-frame,137.0,TRUE
zen-sumi-e-enso-brush-studies-flowing-bamboo-reed-wash-no-3-2db163,Zen Sumi-e & Enso Brush Studies - Flowing bamboo reed wash No. 3,"<p>Transform your living space with Zen Sumi-e & Enso Brush Studies - Flowing bamboo reed wash No. 3. Printed on museum-grade heavyweight matte paper and encased in premium solid wood frames.</p><p>Created to reflect the calming balance of Zen Sumi-e & Enso Brush Studies, combining Matte Black, Charcoal Slate, Old Ivory, Raw Linen, Dried Rose tones to anchor modern interiors with refined elegance.</p>",Atelier & Canvas,Wall Art,"zen sumi-e & enso brush studies wall art, framed canvas print, modern living room art, large statement art, neutral home decor, gallery wall art, bedroom wall decor, minimalist poster, terracotta art print, fine art giclee, sustainable wall art",Size,30x40 in (75x100 cm),Frame Style,Museum-Grade Matte Fine Art Print (Unframed),poster_matte_30x40-in_250-gsm,59.0,TRUE
textured-abstract-expressionist-impasto-layered-charcoal-and-ochre-impasto-no-10-a484ae,Textured Abstract Expressionist Impasto - Layered charcoal and ochre impasto No. 10,"<p>Transform your living space with Textured Abstract Expressionist Impasto - Layered charcoal and ochre impasto No. 10. Printed on museum-grade heavyweight matte paper and encased in premium solid wood frames.</p><p>Created to reflect the calming balance of Textured Abstract Expressionist Impasto, combining Charcoal Slate, Warm Ochre, Terracotta, Muted Sage, Raw Linen tones to anchor modern interiors with refined elegance.</p>",Atelier & Canvas,Wall Art,"textured abstract expressionist impasto wall art, framed canvas print, modern living room art, large statement art, neutral home decor, gallery wall art, bedroom wall decor, minimalist poster, terracotta art print, fine art giclee, sustainable wall art",Size,12x18 in (30x45 cm),Frame Style,Solid Natural Oak Wood Frame,framed-poster_flat_wood_natural_12x18-in_200-gsm,52.0,TRUE
textured-abstract-expressionist-impasto-layered-charcoal-and-ochre-impasto-no-10-a484ae,Textured Abstract Expressionist Impasto - Layered charcoal and ochre impasto No. 10,"<p>Transform your living space with Textured Abstract Expressionist Impasto - Layered charcoal and ochre impasto No. 10. Printed on museum-grade heavyweight matte paper and encased in premium solid wood frames.</p><p>Created to reflect the calming balance of Textured Abstract Expressionist Impasto, combining Charcoal Slate, Warm Ochre, Terracotta, Muted Sage, Raw Linen tones to anchor modern interiors with refined elegance.</p>",Atelier & Canvas,Wall Art,"textured abstract expressionist impasto wall art, framed canvas print, modern living room art, large statement art, neutral home decor, gallery wall art, bedroom wall decor, minimalist poster, terracotta art print, fine art giclee, sustainable wall art",Size,12x18 in (30x45 cm),Frame Style,Matte Black Solid Wood Frame,framed-poster_flat_wood_black_12x18-in_200-gsm,50.0,TRUE
textured-abstract-expressionist-impasto-layered-charcoal-and-ochre-impasto-no-10-a484ae,Textured Abstract Expressionist Impasto - Layered charcoal and ochre impasto No. 10,"<p>Transform your living space with Textured Abstract Expressionist Impasto - Layered charcoal and ochre impasto No. 10. Printed on museum-grade heavyweight matte paper and encased in premium solid wood frames.</p><p>Created to reflect the calming balance of Textured Abstract Expressionist Impasto, combining Charcoal Slate, Warm Ochre, Terracotta, Muted Sage, Raw Linen tones to anchor modern interiors with refined elegance.</p>",Atelier & Canvas,Wall Art,"textured abstract expressionist impasto wall art, framed canvas print, modern living room art, large statement art, neutral home decor, gallery wall art, bedroom wall decor, minimalist poster, terracotta art print, fine art giclee, sustainable wall art",Size,12x18 in (30x45 cm),Frame Style,Museum-Grade Matte Fine Art Print (Unframed),poster_matte_12x18-in_250-gsm,26.0,TRUE
textured-abstract-expressionist-impasto-layered-charcoal-and-ochre-impasto-no-10-a484ae,Textured Abstract Expressionist Impasto - Layered charcoal and ochre impasto No. 10,"<p>Transform your living space with Textured Abstract Expressionist Impasto - Layered charcoal and ochre impasto No. 10. Printed on museum-grade heavyweight matte paper and encased in premium solid wood frames.</p><p>Created to reflect the calming balance of Textured Abstract Expressionist Impasto, combining Charcoal Slate, Warm Ochre, Terracotta, Muted Sage, Raw Linen tones to anchor modern interiors with refined elegance.</p>",Atelier & Canvas,Wall Art,"textured abstract expressionist impasto wall art, framed canvas print, modern living room art, large statement art, neutral home decor, gallery wall art, bedroom wall decor, minimalist poster, terracotta art print, fine art giclee, sustainable wall art",Size,18x24 in (45x60 cm),Frame Style,Solid Natural Oak Wood Frame,framed-poster_flat_wood_natural_18x24-in_200-gsm,76.0,TRUE
textured-abstract-expressionist-impasto-layered-charcoal-and-ochre-impasto-no-10-a484ae,Textured Abstract Expressionist Impasto - Layered charcoal and ochre impasto No. 10,"<p>Transform your living space with Textured Abstract Expressionist Impasto - Layered charcoal and ochre impasto No. 10. Printed on museum-grade heavyweight matte paper and encased in premium solid wood frames.</p><p>Created to reflect the calming balance of Textured Abstract Expressionist Impasto, combining Charcoal Slate, Warm Ochre, Terracotta, Muted Sage, Raw Linen tones to anchor modern interiors with refined elegance.</p>",Atelier & Canvas,Wall Art,"textured abstract expressionist impasto wall art, framed canvas print, modern living room art, large statement art, neutral home decor, gallery wall art, bedroom wall decor, minimalist poster, terracotta art print, fine art giclee, sustainable wall art",Size,18x24 in (45x60 cm),Frame Style,Matte Black Solid Wood Frame,framed-poster_flat_wood_black_18x24-in_200-gsm,73.0,TRUE
textured-abstract-expressionist-impasto-layered-charcoal-and-ochre-impasto-no-10-a484ae,Textured Abstract Expressionist Impasto - Layered charcoal and ochre impasto No. 10,"<p>Transform your living space with Textured Abstract Expressionist Impasto - Layered charcoal and ochre impasto No. 10. Printed on museum-grade heavyweight matte paper and encased in premium solid wood frames.</p><p>Created to reflect the calming balance of Textured Abstract Expressionist Impasto, combining Charcoal Slate, Warm Ochre, Terracotta, Muted Sage, Raw Linen tones to anchor modern interiors with refined elegance.</p>",Atelier & Canvas,Wall Art,"textured abstract expressionist impasto wall art, framed canvas print, modern living room art, large statement art, neutral home decor, gallery wall art, bedroom wall decor, minimalist poster, terracotta art print, fine art giclee, sustainable wall art",Size,18x24 in (45x60 cm),Frame Style,Nordic White Wood Frame,framed-poster_flat_wood_white_18x24-in_200-gsm,73.0,TRUE
textured-abstract-expressionist-impasto-layered-charcoal-and-ochre-impasto-no-10-a484ae,Textured Abstract Expressionist Impasto - Layered charcoal and ochre impasto No. 10,"<p>Transform your living space with Textured Abstract Expressionist Impasto - Layered charcoal and ochre impasto No. 10. Printed on museum-grade heavyweight matte paper and encased in premium solid wood frames.</p><p>Created to reflect the calming balance of Textured Abstract Expressionist Impasto, combining Charcoal Slate, Warm Ochre, Terracotta, Muted Sage, Raw Linen tones to anchor modern interiors with refined elegance.</p>",Atelier & Canvas,Wall Art,"textured abstract expressionist impasto wall art, framed canvas print, modern living room art, large statement art, neutral home decor, gallery wall art, bedroom wall decor, minimalist poster, terracotta art print, fine art giclee, sustainable wall art",Size,18x24 in (45x60 cm),Frame Style,Gallery Stretched Fine Art Canvas,canvas_slim_18x24-in_wood-frame,68.0,TRUE
textured-abstract-expressionist-impasto-layered-charcoal-and-ochre-impasto-no-10-a484ae,Textured Abstract Expressionist Impasto - Layered charcoal and ochre impasto No. 10,"<p>Transform your living space with Textured Abstract Expressionist Impasto - Layered charcoal and ochre impasto No. 10. Printed on museum-grade heavyweight matte paper and encased in premium solid wood frames.</p><p>Created to reflect the calming balance of Textured Abstract Expressionist Impasto, combining Charcoal Slate, Warm Ochre, Terracotta, Muted Sage, Raw Linen tones to anchor modern interiors with refined elegance.</p>",Atelier & Canvas,Wall Art,"textured abstract expressionist impasto wall art, framed canvas print, modern living room art, large statement art, neutral home decor, gallery wall art, bedroom wall decor, minimalist poster, terracotta art print, fine art giclee, sustainable wall art",Size,18x24 in (45x60 cm),Frame Style,Museum-Grade Matte Fine Art Print (Unframed),poster_matte_18x24-in_250-gsm,33.0,TRUE
textured-abstract-expressionist-impasto-layered-charcoal-and-ochre-impasto-no-10-a484ae,Textured Abstract Expressionist Impasto - Layered charcoal and ochre impasto No. 10,"<p>Transform your living space with Textured Abstract Expressionist Impasto - Layered charcoal and ochre impasto No. 10. Printed on museum-grade heavyweight matte paper and encased in premium solid wood frames.</p><p>Created to reflect the calming balance of Textured Abstract Expressionist Impasto, combining Charcoal Slate, Warm Ochre, Terracotta, Muted Sage, Raw Linen tones to anchor modern interiors with refined elegance.</p>",Atelier & Canvas,Wall Art,"textured abstract expressionist impasto wall art, framed canvas print, modern living room art, large statement art, neutral home decor, gallery wall art, bedroom wall decor, minimalist poster, terracotta art print, fine art giclee, sustainable wall art",Size,24x36 in (60x90 cm),Frame Style,Solid Natural Oak Wood Frame,framed-poster_flat_wood_natural_24x36-in_200-gsm,110.0,TRUE
textured-abstract-expressionist-impasto-layered-charcoal-and-ochre-impasto-no-10-a484ae,Textured Abstract Expressionist Impasto - Layered charcoal and ochre impasto No. 10,"<p>Transform your living space with Textured Abstract Expressionist Impasto - Layered charcoal and ochre impasto No. 10. Printed on museum-grade heavyweight matte paper and encased in premium solid wood frames.</p><p>Created to reflect the calming balance of Textured Abstract Expressionist Impasto, combining Charcoal Slate, Warm Ochre, Terracotta, Muted Sage, Raw Linen tones to anchor modern interiors with refined elegance.</p>",Atelier & Canvas,Wall Art,"textured abstract expressionist impasto wall art, framed canvas print, modern living room art, large statement art, neutral home decor, gallery wall art, bedroom wall decor, minimalist poster, terracotta art print, fine art giclee, sustainable wall art",Size,24x36 in (60x90 cm),Frame Style,Matte Black Solid Wood Frame,framed-poster_flat_wood_black_24x36-in_200-gsm,105.0,TRUE
textured-abstract-expressionist-impasto-layered-charcoal-and-ochre-impasto-no-10-a484ae,Textured Abstract Expressionist Impasto - Layered charcoal and ochre impasto No. 10,"<p>Transform your living space with Textured Abstract Expressionist Impasto - Layered charcoal and ochre impasto No. 10. Printed on museum-grade heavyweight matte paper and encased in premium solid wood frames.</p><p>Created to reflect the calming balance of Textured Abstract Expressionist Impasto, combining Charcoal Slate, Warm Ochre, Terracotta, Muted Sage, Raw Linen tones to anchor modern interiors with refined elegance.</p>",Atelier & Canvas,Wall Art,"textured abstract expressionist impasto wall art, framed canvas print, modern living room art, large statement art, neutral home decor, gallery wall art, bedroom wall decor, minimalist poster, terracotta art print, fine art giclee, sustainable wall art",Size,24x36 in (60x90 cm),Frame Style,Nordic White Wood Frame,framed-poster_flat_wood_white_24x36-in_200-gsm,105.0,TRUE
textured-abstract-expressionist-impasto-layered-charcoal-and-ochre-impasto-no-10-a484ae,Textured Abstract Expressionist Impasto - Layered charcoal and ochre impasto No. 10,"<p>Transform your living space with Textured Abstract Expressionist Impasto - Layered charcoal and ochre impasto No. 10. Printed on museum-grade heavyweight matte paper and encased in premium solid wood frames.</p><p>Created to reflect the calming balance of Textured Abstract Expressionist Impasto, combining Charcoal Slate, Warm Ochre, Terracotta, Muted Sage, Raw Linen tones to anchor modern interiors with refined elegance.</p>",Atelier & Canvas,Wall Art,"textured abstract expressionist impasto wall art, framed canvas print, modern living room art, large statement art, neutral home decor, gallery wall art, bedroom wall decor, minimalist poster, terracotta art print, fine art giclee, sustainable wall art",Size,24x36 in (60x90 cm),Frame Style,Gallery Stretched Fine Art Canvas,canvas_slim_24x36-in_wood-frame,98.0,TRUE
textured-abstract-expressionist-impasto-layered-charcoal-and-ochre-impasto-no-10-a484ae,Textured Abstract Expressionist Impasto - Layered charcoal and ochre impasto No. 10,"<p>Transform your living space with Textured Abstract Expressionist Impasto - Layered charcoal and ochre impasto No. 10. Printed on museum-grade heavyweight matte paper and encased in premium solid wood frames.</p><p>Created to reflect the calming balance of Textured Abstract Expressionist Impasto, combining Charcoal Slate, Warm Ochre, Terracotta, Muted Sage, Raw Linen tones to anchor modern interiors with refined elegance.</p>",Atelier & Canvas,Wall Art,"textured abstract expressionist impasto wall art, framed canvas print, modern living room art, large statement art, neutral home decor, gallery wall art, bedroom wall decor, minimalist poster, terracotta art print, fine art giclee, sustainable wall art",Size,24x36 in (60x90 cm),Frame Style,Museum-Grade Matte Fine Art Print (Unframed),poster_matte_24x36-in_250-gsm,46.0,TRUE
textured-abstract-expressionist-impasto-layered-charcoal-and-ochre-impasto-no-10-a484ae,Textured Abstract Expressionist Impasto - Layered charcoal and ochre impasto No. 10,"<p>Transform your living space with Textured Abstract Expressionist Impasto - Layered charcoal and ochre impasto No. 10. Printed on museum-grade heavyweight matte paper and encased in premium solid wood frames.</p><p>Created to reflect the calming balance of Textured Abstract Expressionist Impasto, combining Charcoal Slate, Warm Ochre, Terracotta, Muted Sage, Raw Linen tones to anchor modern interiors with refined elegance.</p>",Atelier & Canvas,Wall Art,"textured abstract expressionist impasto wall art, framed canvas print, modern living room art, large statement art, neutral home decor, gallery wall art, bedroom wall decor, minimalist poster, terracotta art print, fine art giclee, sustainable wall art",Size,30x40 in (75x100 cm),Frame Style,Solid Natural Oak Wood Frame,framed-poster_flat_wood_natural_30x40-in_200-gsm,148.0,TRUE
textured-abstract-expressionist-impasto-layered-charcoal-and-ochre-impasto-no-10-a484ae,Textured Abstract Expressionist Impasto - Layered charcoal and ochre impasto No. 10,"<p>Transform your living space with Textured Abstract Expressionist Impasto - Layered charcoal and ochre impasto No. 10. Printed on museum-grade heavyweight matte paper and encased in premium solid wood frames.</p><p>Created to reflect the calming balance of Textured Abstract Expressionist Impasto, combining Charcoal Slate, Warm Ochre, Terracotta, Muted Sage, Raw Linen tones to anchor modern interiors with refined elegance.</p>",Atelier & Canvas,Wall Art,"textured abstract expressionist impasto wall art, framed canvas print, modern living room art, large statement art, neutral home decor, gallery wall art, bedroom wall decor, minimalist poster, terracotta art print, fine art giclee, sustainable wall art",Size,30x40 in (75x100 cm),Frame Style,Matte Black Solid Wood Frame,framed-poster_flat_wood_black_30x40-in_200-gsm,143.0,TRUE
textured-abstract-expressionist-impasto-layered-charcoal-and-ochre-impasto-no-10-a484ae,Textured Abstract Expressionist Impasto - Layered charcoal and ochre impasto No. 10,"<p>Transform your living space with Textured Abstract Expressionist Impasto - Layered charcoal and ochre impasto No. 10. Printed on museum-grade heavyweight matte paper and encased in premium solid wood frames.</p><p>Created to reflect the calming balance of Textured Abstract Expressionist Impasto, combining Charcoal Slate, Warm Ochre, Terracotta, Muted Sage, Raw Linen tones to anchor modern interiors with refined elegance.</p>",Atelier & Canvas,Wall Art,"textured abstract expressionist impasto wall art, framed canvas print, modern living room art, large statement art, neutral home decor, gallery wall art, bedroom wall decor, minimalist poster, terracotta art print, fine art giclee, sustainable wall art",Size,30x40 in (75x100 cm),Frame Style,Gallery Stretched Fine Art Canvas,canvas_slim_30x40-in_wood-frame,137.0,TRUE
textured-abstract-expressionist-impasto-layered-charcoal-and-ochre-impasto-no-10-a484ae,Textured Abstract Expressionist Impasto - Layered charcoal and ochre impasto No. 10,"<p>Transform your living space with Textured Abstract Expressionist Impasto - Layered charcoal and ochre impasto No. 10. Printed on museum-grade heavyweight matte paper and encased in premium solid wood frames.</p><p>Created to reflect the calming balance of Textured Abstract Expressionist Impasto, combining Charcoal Slate, Warm Ochre, Terracotta, Muted Sage, Raw Linen tones to anchor modern interiors with refined elegance.</p>",Atelier & Canvas,Wall Art,"textured abstract expressionist impasto wall art, framed canvas print, modern living room art, large statement art, neutral home decor, gallery wall art, bedroom wall decor, minimalist poster, terracotta art print, fine art giclee, sustainable wall art",Size,30x40 in (75x100 cm),Frame Style,Museum-Grade Matte Fine Art Print (Unframed),poster_matte_30x40-in_250-gsm,59.0,TRUE
continuous-minimalist-line-art-seated-figure-minimalist-line-study-no-11-3e0676,Continuous Minimalist Line Art - Seated figure minimalist line study No. 11,"<p>Transform your living space with Continuous Minimalist Line Art - Seated figure minimalist line study No. 11. Printed on museum-grade heavyweight matte paper and encased in premium solid wood frames.</p><p>Created to reflect the calming balance of Continuous Minimalist Line Art, combining Matte Black, Warm Ochre, Terracotta, Raw Linen, Sandstone tones to anchor modern interiors with refined elegance.</p>",Atelier & Canvas,Wall Art,"continuous minimalist line art wall art, framed canvas print, modern living room art, large statement art, neutral home decor, gallery wall art, bedroom wall decor, minimalist poster, terracotta art print, fine art giclee, sustainable wall art",Size,12x18 in (30x45 cm),Frame Style,Solid Natural Oak Wood Frame,framed-poster_flat_wood_natural_12x18-in_200-gsm,52.0,TRUE
continuous-minimalist-line-art-seated-figure-minimalist-line-study-no-11-3e0676,Continuous Minimalist Line Art - Seated figure minimalist line study No. 11,"<p>Transform your living space with Continuous Minimalist Line Art - Seated figure minimalist line study No. 11. Printed on museum-grade heavyweight matte paper and encased in premium solid wood frames.</p><p>Created to reflect the calming balance of Continuous Minimalist Line Art, combining Matte Black, Warm Ochre, Terracotta, Raw Linen, Sandstone tones to anchor modern interiors with refined elegance.</p>",Atelier & Canvas,Wall Art,"continuous minimalist line art wall art, framed canvas print, modern living room art, large statement art, neutral home decor, gallery wall art, bedroom wall decor, minimalist poster, terracotta art print, fine art giclee, sustainable wall art",Size,12x18 in (30x45 cm),Frame Style,Matte Black Solid Wood Frame,framed-poster_flat_wood_black_12x18-in_200-gsm,50.0,TRUE
continuous-minimalist-line-art-seated-figure-minimalist-line-study-no-11-3e0676,Continuous Minimalist Line Art - Seated figure minimalist line study No. 11,"<p>Transform your living space with Continuous Minimalist Line Art - Seated figure minimalist line study No. 11. Printed on museum-grade heavyweight matte paper and encased in premium solid wood frames.</p><p>Created to reflect the calming balance of Continuous Minimalist Line Art, combining Matte Black, Warm Ochre, Terracotta, Raw Linen, Sandstone tones to anchor modern interiors with refined elegance.</p>",Atelier & Canvas,Wall Art,"continuous minimalist line art wall art, framed canvas print, modern living room art, large statement art, neutral home decor, gallery wall art, bedroom wall decor, minimalist poster, terracotta art print, fine art giclee, sustainable wall art",Size,12x18 in (30x45 cm),Frame Style,Museum-Grade Matte Fine Art Print (Unframed),poster_matte_12x18-in_250-gsm,26.0,TRUE
continuous-minimalist-line-art-seated-figure-minimalist-line-study-no-11-3e0676,Continuous Minimalist Line Art - Seated figure minimalist line study No. 11,"<p>Transform your living space with Continuous Minimalist Line Art - Seated figure minimalist line study No. 11. Printed on museum-grade heavyweight matte paper and encased in premium solid wood frames.</p><p>Created to reflect the calming balance of Continuous Minimalist Line Art, combining Matte Black, Warm Ochre, Terracotta, Raw Linen, Sandstone tones to anchor modern interiors with refined elegance.</p>",Atelier & Canvas,Wall Art,"continuous minimalist line art wall art, framed canvas print, modern living room art, large statement art, neutral home decor, gallery wall art, bedroom wall decor, minimalist poster, terracotta art print, fine art giclee, sustainable wall art",Size,18x24 in (45x60 cm),Frame Style,Solid Natural Oak Wood Frame,framed-poster_flat_wood_natural_18x24-in_200-gsm,76.0,TRUE
continuous-minimalist-line-art-seated-figure-minimalist-line-study-no-11-3e0676,Continuous Minimalist Line Art - Seated figure minimalist line study No. 11,"<p>Transform your living space with Continuous Minimalist Line Art - Seated figure minimalist line study No. 11. Printed on museum-grade heavyweight matte paper and encased in premium solid wood frames.</p><p>Created to reflect the calming balance of Continuous Minimalist Line Art, combining Matte Black, Warm Ochre, Terracotta, Raw Linen, Sandstone tones to anchor modern interiors with refined elegance.</p>",Atelier & Canvas,Wall Art,"continuous minimalist line art wall art, framed canvas print, modern living room art, large statement art, neutral home decor, gallery wall art, bedroom wall decor, minimalist poster, terracotta art print, fine art giclee, sustainable wall art",Size,18x24 in (45x60 cm),Frame Style,Matte Black Solid Wood Frame,framed-poster_flat_wood_black_18x24-in_200-gsm,73.0,TRUE
continuous-minimalist-line-art-seated-figure-minimalist-line-study-no-11-3e0676,Continuous Minimalist Line Art - Seated figure minimalist line study No. 11,"<p>Transform your living space with Continuous Minimalist Line Art - Seated figure minimalist line study No. 11. Printed on museum-grade heavyweight matte paper and encased in premium solid wood frames.</p><p>Created to reflect the calming balance of Continuous Minimalist Line Art, combining Matte Black, Warm Ochre, Terracotta, Raw Linen, Sandstone tones to anchor modern interiors with refined elegance.</p>",Atelier & Canvas,Wall Art,"continuous minimalist line art wall art, framed canvas print, modern living room art, large statement art, neutral home decor, gallery wall art, bedroom wall decor, minimalist poster, terracotta art print, fine art giclee, sustainable wall art",Size,18x24 in (45x60 cm),Frame Style,Nordic White Wood Frame,framed-poster_flat_wood_white_18x24-in_200-gsm,73.0,TRUE
continuous-minimalist-line-art-seated-figure-minimalist-line-study-no-11-3e0676,Continuous Minimalist Line Art - Seated figure minimalist line study No. 11,"<p>Transform your living space with Continuous Minimalist Line Art - Seated figure minimalist line study No. 11. Printed on museum-grade heavyweight matte paper and encased in premium solid wood frames.</p><p>Created to reflect the calming balance of Continuous Minimalist Line Art, combining Matte Black, Warm Ochre, Terracotta, Raw Linen, Sandstone tones to anchor modern interiors with refined elegance.</p>",Atelier & Canvas,Wall Art,"continuous minimalist line art wall art, framed canvas print, modern living room art, large statement art, neutral home decor, gallery wall art, bedroom wall decor, minimalist poster, terracotta art print, fine art giclee, sustainable wall art",Size,18x24 in (45x60 cm),Frame Style,Gallery Stretched Fine Art Canvas,canvas_slim_18x24-in_wood-frame,68.0,TRUE
continuous-minimalist-line-art-seated-figure-minimalist-line-study-no-11-3e0676,Continuous Minimalist Line Art - Seated figure minimalist line study No. 11,"<p>Transform your living space with Continuous Minimalist Line Art - Seated figure minimalist line study No. 11. Printed on museum-grade heavyweight matte paper and encased in premium solid wood frames.</p><p>Created to reflect the calming balance of Continuous Minimalist Line Art, combining Matte Black, Warm Ochre, Terracotta, Raw Linen, Sandstone tones to anchor modern interiors with refined elegance.</p>",Atelier & Canvas,Wall Art,"continuous minimalist line art wall art, framed canvas print, modern living room art, large statement art, neutral home decor, gallery wall art, bedroom wall decor, minimalist poster, terracotta art print, fine art giclee, sustainable wall art",Size,18x24 in (45x60 cm),Frame Style,Museum-Grade Matte Fine Art Print (Unframed),poster_matte_18x24-in_250-gsm,33.0,TRUE
continuous-minimalist-line-art-seated-figure-minimalist-line-study-no-11-3e0676,Continuous Minimalist Line Art - Seated figure minimalist line study No. 11,"<p>Transform your living space with Continuous Minimalist Line Art - Seated figure minimalist line study No. 11. Printed on museum-grade heavyweight matte paper and encased in premium solid wood frames.</p><p>Created to reflect the calming balance of Continuous Minimalist Line Art, combining Matte Black, Warm Ochre, Terracotta, Raw Linen, Sandstone tones to anchor modern interiors with refined elegance.</p>",Atelier & Canvas,Wall Art,"continuous minimalist line art wall art, framed canvas print, modern living room art, large statement art, neutral home decor, gallery wall art, bedroom wall decor, minimalist poster, terracotta art print, fine art giclee, sustainable wall art",Size,24x36 in (60x90 cm),Frame Style,Solid Natural Oak Wood Frame,framed-poster_flat_wood_natural_24x36-in_200-gsm,110.0,TRUE
continuous-minimalist-line-art-seated-figure-minimalist-line-study-no-11-3e0676,Continuous Minimalist Line Art - Seated figure minimalist line study No. 11,"<p>Transform your living space with Continuous Minimalist Line Art - Seated figure minimalist line study No. 11. Printed on museum-grade heavyweight matte paper and encased in premium solid wood frames.</p><p>Created to reflect the calming balance of Continuous Minimalist Line Art, combining Matte Black, Warm Ochre, Terracotta, Raw Linen, Sandstone tones to anchor modern interiors with refined elegance.</p>",Atelier & Canvas,Wall Art,"continuous minimalist line art wall art, framed canvas print, modern living room art, large statement art, neutral home decor, gallery wall art, bedroom wall decor, minimalist poster, terracotta art print, fine art giclee, sustainable wall art",Size,24x36 in (60x90 cm),Frame Style,Matte Black Solid Wood Frame,framed-poster_flat_wood_black_24x36-in_200-gsm,105.0,TRUE
continuous-minimalist-line-art-seated-figure-minimalist-line-study-no-11-3e0676,Continuous Minimalist Line Art - Seated figure minimalist line study No. 11,"<p>Transform your living space with Continuous Minimalist Line Art - Seated figure minimalist line study No. 11. Printed on museum-grade heavyweight matte paper and encased in premium solid wood frames.</p><p>Created to reflect the calming balance of Continuous Minimalist Line Art, combining Matte Black, Warm Ochre, Terracotta, Raw Linen, Sandstone tones to anchor modern interiors with refined elegance.</p>",Atelier & Canvas,Wall Art,"continuous minimalist line art wall art, framed canvas print, modern living room art, large statement art, neutral home decor, gallery wall art, bedroom wall decor, minimalist poster, terracotta art print, fine art giclee, sustainable wall art",Size,24x36 in (60x90 cm),Frame Style,Nordic White Wood Frame,framed-poster_flat_wood_white_24x36-in_200-gsm,105.0,TRUE
continuous-minimalist-line-art-seated-figure-minimalist-line-study-no-11-3e0676,Continuous Minimalist Line Art - Seated figure minimalist line study No. 11,"<p>Transform your living space with Continuous Minimalist Line Art - Seated figure minimalist line study No. 11. Printed on museum-grade heavyweight matte paper and encased in premium solid wood frames.</p><p>Created to reflect the calming balance of Continuous Minimalist Line Art, combining Matte Black, Warm Ochre, Terracotta, Raw Linen, Sandstone tones to anchor modern interiors with refined elegance.</p>",Atelier & Canvas,Wall Art,"continuous minimalist line art wall art, framed canvas print, modern living room art, large statement art, neutral home decor, gallery wall art, bedroom wall decor, minimalist poster, terracotta art print, fine art giclee, sustainable wall art",Size,24x36 in (60x90 cm),Frame Style,Gallery Stretched Fine Art Canvas,canvas_slim_24x36-in_wood-frame,98.0,TRUE
continuous-minimalist-line-art-seated-figure-minimalist-line-study-no-11-3e0676,Continuous Minimalist Line Art - Seated figure minimalist line study No. 11,"<p>Transform your living space with Continuous Minimalist Line Art - Seated figure minimalist line study No. 11. Printed on museum-grade heavyweight matte paper and encased in premium solid wood frames.</p><p>Created to reflect the calming balance of Continuous Minimalist Line Art, combining Matte Black, Warm Ochre, Terracotta, Raw Linen, Sandstone tones to anchor modern interiors with refined elegance.</p>",Atelier & Canvas,Wall Art,"continuous minimalist line art wall art, framed canvas print, modern living room art, large statement art, neutral home decor, gallery wall art, bedroom wall decor, minimalist poster, terracotta art print, fine art giclee, sustainable wall art",Size,24x36 in (60x90 cm),Frame Style,Museum-Grade Matte Fine Art Print (Unframed),poster_matte_24x36-in_250-gsm,46.0,TRUE
continuous-minimalist-line-art-seated-figure-minimalist-line-study-no-11-3e0676,Continuous Minimalist Line Art - Seated figure minimalist line study No. 11,"<p>Transform your living space with Continuous Minimalist Line Art - Seated figure minimalist line study No. 11. Printed on museum-grade heavyweight matte paper and encased in premium solid wood frames.</p><p>Created to reflect the calming balance of Continuous Minimalist Line Art, combining Matte Black, Warm Ochre, Terracotta, Raw Linen, Sandstone tones to anchor modern interiors with refined elegance.</p>",Atelier & Canvas,Wall Art,"continuous minimalist line art wall art, framed canvas print, modern living room art, large statement art, neutral home decor, gallery wall art, bedroom wall decor, minimalist poster, terracotta art print, fine art giclee, sustainable wall art",Size,30x40 in (75x100 cm),Frame Style,Solid Natural Oak Wood Frame,framed-poster_flat_wood_natural_30x40-in_200-gsm,148.0,TRUE
continuous-minimalist-line-art-seated-figure-minimalist-line-study-no-11-3e0676,Continuous Minimalist Line Art - Seated figure minimalist line study No. 11,"<p>Transform your living space with Continuous Minimalist Line Art - Seated figure minimalist line study No. 11. Printed on museum-grade heavyweight matte paper and encased in premium solid wood frames.</p><p>Created to reflect the calming balance of Continuous Minimalist Line Art, combining Matte Black, Warm Ochre, Terracotta, Raw Linen, Sandstone tones to anchor modern interiors with refined elegance.</p>",Atelier & Canvas,Wall Art,"continuous minimalist line art wall art, framed canvas print, modern living room art, large statement art, neutral home decor, gallery wall art, bedroom wall decor, minimalist poster, terracotta art print, fine art giclee, sustainable wall art",Size,30x40 in (75x100 cm),Frame Style,Matte Black Solid Wood Frame,framed-poster_flat_wood_black_30x40-in_200-gsm,143.0,TRUE
continuous-minimalist-line-art-seated-figure-minimalist-line-study-no-11-3e0676,Continuous Minimalist Line Art - Seated figure minimalist line study No. 11,"<p>Transform your living space with Continuous Minimalist Line Art - Seated figure minimalist line study No. 11. Printed on museum-grade heavyweight matte paper and encased in premium solid wood frames.</p><p>Created to reflect the calming balance of Continuous Minimalist Line Art, combining Matte Black, Warm Ochre, Terracotta, Raw Linen, Sandstone tones to anchor modern interiors with refined elegance.</p>",Atelier & Canvas,Wall Art,"continuous minimalist line art wall art, framed canvas print, modern living room art, large statement art, neutral home decor, gallery wall art, bedroom wall decor, minimalist poster, terracotta art print, fine art giclee, sustainable wall art",Size,30x40 in (75x100 cm),Frame Style,Gallery Stretched Fine Art Canvas,canvas_slim_30x40-in_wood-frame,137.0,TRUE
continuous-minimalist-line-art-seated-figure-minimalist-line-study-no-11-3e0676,Continuous Minimalist Line Art - Seated figure minimalist line study No. 11,"<p>Transform your living space with Continuous Minimalist Line Art - Seated figure minimalist line study No. 11. Printed on museum-grade heavyweight matte paper and encased in premium solid wood frames.</p><p>Created to reflect the calming balance of Continuous Minimalist Line Art, combining Matte Black, Warm Ochre, Terracotta, Raw Linen, Sandstone tones to anchor modern interiors with refined elegance.</p>",Atelier & Canvas,Wall Art,"continuous minimalist line art wall art, framed canvas print, modern living room art, large statement art, neutral home decor, gallery wall art, bedroom wall decor, minimalist poster, terracotta art print, fine art giclee, sustainable wall art",Size,30x40 in (75x100 cm),Frame Style,Museum-Grade Matte Fine Art Print (Unframed),poster_matte_30x40-in_250-gsm,59.0,TRUE
french-herbarium-pressed-botanicals-eucalyptus-cinerea-leaf-branch-no-2-7445cc,French Herbarium & Pressed Botanicals - Eucalyptus cinerea leaf branch No. 2,"<p>Transform your living space with French Herbarium & Pressed Botanicals - Eucalyptus cinerea leaf branch No. 2. Printed on museum-grade heavyweight matte paper and encased in premium solid wood frames.</p><p>Created to reflect the calming balance of French Herbarium & Pressed Botanicals, combining Forest Moss, Antique Sepia, Old Ivory, Eucalyptus Green, Raw Linen tones to anchor modern interiors with refined elegance.</p>",Atelier & Canvas,Wall Art,"french herbarium & pressed botanicals wall art, framed canvas print, modern living room art, large statement art, neutral home decor, gallery wall art, bedroom wall decor, minimalist poster, terracotta art print, fine art giclee, sustainable wall art",Size,12x18 in (30x45 cm),Frame Style,Solid Natural Oak Wood Frame,framed-poster_flat_wood_natural_12x18-in_200-gsm,52.0,TRUE
french-herbarium-pressed-botanicals-eucalyptus-cinerea-leaf-branch-no-2-7445cc,French Herbarium & Pressed Botanicals - Eucalyptus cinerea leaf branch No. 2,"<p>Transform your living space with French Herbarium & Pressed Botanicals - Eucalyptus cinerea leaf branch No. 2. Printed on museum-grade heavyweight matte paper and encased in premium solid wood frames.</p><p>Created to reflect the calming balance of French Herbarium & Pressed Botanicals, combining Forest Moss, Antique Sepia, Old Ivory, Eucalyptus Green, Raw Linen tones to anchor modern interiors with refined elegance.</p>",Atelier & Canvas,Wall Art,"french herbarium & pressed botanicals wall art, framed canvas print, modern living room art, large statement art, neutral home decor, gallery wall art, bedroom wall decor, minimalist poster, terracotta art print, fine art giclee, sustainable wall art",Size,12x18 in (30x45 cm),Frame Style,Matte Black Solid Wood Frame,framed-poster_flat_wood_black_12x18-in_200-gsm,50.0,TRUE
french-herbarium-pressed-botanicals-eucalyptus-cinerea-leaf-branch-no-2-7445cc,French Herbarium & Pressed Botanicals - Eucalyptus cinerea leaf branch No. 2,"<p>Transform your living space with French Herbarium & Pressed Botanicals - Eucalyptus cinerea leaf branch No. 2. Printed on museum-grade heavyweight matte paper and encased in premium solid wood frames.</p><p>Created to reflect the calming balance of French Herbarium & Pressed Botanicals, combining Forest Moss, Antique Sepia, Old Ivory, Eucalyptus Green, Raw Linen tones to anchor modern interiors with refined elegance.</p>",Atelier & Canvas,Wall Art,"french herbarium & pressed botanicals wall art, framed canvas print, modern living room art, large statement art, neutral home decor, gallery wall art, bedroom wall decor, minimalist poster, terracotta art print, fine art giclee, sustainable wall art",Size,12x18 in (30x45 cm),Frame Style,Museum-Grade Matte Fine Art Print (Unframed),poster_matte_12x18-in_250-gsm,26.0,TRUE
french-herbarium-pressed-botanicals-eucalyptus-cinerea-leaf-branch-no-2-7445cc,French Herbarium & Pressed Botanicals - Eucalyptus cinerea leaf branch No. 2,"<p>Transform your living space with French Herbarium & Pressed Botanicals - Eucalyptus cinerea leaf branch No. 2. Printed on museum-grade heavyweight matte paper and encased in premium solid wood frames.</p><p>Created to reflect the calming balance of French Herbarium & Pressed Botanicals, combining Forest Moss, Antique Sepia, Old Ivory, Eucalyptus Green, Raw Linen tones to anchor modern interiors with refined elegance.</p>",Atelier & Canvas,Wall Art,"french herbarium & pressed botanicals wall art, framed canvas print, modern living room art, large statement art, neutral home decor, gallery wall art, bedroom wall decor, minimalist poster, terracotta art print, fine art giclee, sustainable wall art",Size,18x24 in (45x60 cm),Frame Style,Solid Natural Oak Wood Frame,framed-poster_flat_wood_natural_18x24-in_200-gsm,76.0,TRUE
french-herbarium-pressed-botanicals-eucalyptus-cinerea-leaf-branch-no-2-7445cc,French Herbarium & Pressed Botanicals - Eucalyptus cinerea leaf branch No. 2,"<p>Transform your living space with French Herbarium & Pressed Botanicals - Eucalyptus cinerea leaf branch No. 2. Printed on museum-grade heavyweight matte paper and encased in premium solid wood frames.</p><p>Created to reflect the calming balance of French Herbarium & Pressed Botanicals, combining Forest Moss, Antique Sepia, Old Ivory, Eucalyptus Green, Raw Linen tones to anchor modern interiors with refined elegance.</p>",Atelier & Canvas,Wall Art,"french herbarium & pressed botanicals wall art, framed canvas print, modern living room art, large statement art, neutral home decor, gallery wall art, bedroom wall decor, minimalist poster, terracotta art print, fine art giclee, sustainable wall art",Size,18x24 in (45x60 cm),Frame Style,Matte Black Solid Wood Frame,framed-poster_flat_wood_black_18x24-in_200-gsm,73.0,TRUE
french-herbarium-pressed-botanicals-eucalyptus-cinerea-leaf-branch-no-2-7445cc,French Herbarium & Pressed Botanicals - Eucalyptus cinerea leaf branch No. 2,"<p>Transform your living space with French Herbarium & Pressed Botanicals - Eucalyptus cinerea leaf branch No. 2. Printed on museum-grade heavyweight matte paper and encased in premium solid wood frames.</p><p>Created to reflect the calming balance of French Herbarium & Pressed Botanicals, combining Forest Moss, Antique Sepia, Old Ivory, Eucalyptus Green, Raw Linen tones to anchor modern interiors with refined elegance.</p>",Atelier & Canvas,Wall Art,"french herbarium & pressed botanicals wall art, framed canvas print, modern living room art, large statement art, neutral home decor, gallery wall art, bedroom wall decor, minimalist poster, terracotta art print, fine art giclee, sustainable wall art",Size,18x24 in (45x60 cm),Frame Style,Nordic White Wood Frame,framed-poster_flat_wood_white_18x24-in_200-gsm,73.0,TRUE
french-herbarium-pressed-botanicals-eucalyptus-cinerea-leaf-branch-no-2-7445cc,French Herbarium & Pressed Botanicals - Eucalyptus cinerea leaf branch No. 2,"<p>Transform your living space with French Herbarium & Pressed Botanicals - Eucalyptus cinerea leaf branch No. 2. Printed on museum-grade heavyweight matte paper and encased in premium solid wood frames.</p><p>Created to reflect the calming balance of French Herbarium & Pressed Botanicals, combining Forest Moss, Antique Sepia, Old Ivory, Eucalyptus Green, Raw Linen tones to anchor modern interiors with refined elegance.</p>",Atelier & Canvas,Wall Art,"french herbarium & pressed botanicals wall art, framed canvas print, modern living room art, large statement art, neutral home decor, gallery wall art, bedroom wall decor, minimalist poster, terracotta art print, fine art giclee, sustainable wall art",Size,18x24 in (45x60 cm),Frame Style,Gallery Stretched Fine Art Canvas,canvas_slim_18x24-in_wood-frame,68.0,TRUE
french-herbarium-pressed-botanicals-eucalyptus-cinerea-leaf-branch-no-2-7445cc,French Herbarium & Pressed Botanicals - Eucalyptus cinerea leaf branch No. 2,"<p>Transform your living space with French Herbarium & Pressed Botanicals - Eucalyptus cinerea leaf branch No. 2. Printed on museum-grade heavyweight matte paper and encased in premium solid wood frames.</p><p>Created to reflect the calming balance of French Herbarium & Pressed Botanicals, combining Forest Moss, Antique Sepia, Old Ivory, Eucalyptus Green, Raw Linen tones to anchor modern interiors with refined elegance.</p>",Atelier & Canvas,Wall Art,"french herbarium & pressed botanicals wall art, framed canvas print, modern living room art, large statement art, neutral home decor, gallery wall art, bedroom wall decor, minimalist poster, terracotta art print, fine art giclee, sustainable wall art",Size,18x24 in (45x60 cm),Frame Style,Museum-Grade Matte Fine Art Print (Unframed),poster_matte_18x24-in_250-gsm,33.0,TRUE
french-herbarium-pressed-botanicals-eucalyptus-cinerea-leaf-branch-no-2-7445cc,French Herbarium & Pressed Botanicals - Eucalyptus cinerea leaf branch No. 2,"<p>Transform your living space with French Herbarium & Pressed Botanicals - Eucalyptus cinerea leaf branch No. 2. Printed on museum-grade heavyweight matte paper and encased in premium solid wood frames.</p><p>Created to reflect the calming balance of French Herbarium & Pressed Botanicals, combining Forest Moss, Antique Sepia, Old Ivory, Eucalyptus Green, Raw Linen tones to anchor modern interiors with refined elegance.</p>",Atelier & Canvas,Wall Art,"french herbarium & pressed botanicals wall art, framed canvas print, modern living room art, large statement art, neutral home decor, gallery wall art, bedroom wall decor, minimalist poster, terracotta art print, fine art giclee, sustainable wall art",Size,24x36 in (60x90 cm),Frame Style,Solid Natural Oak Wood Frame,framed-poster_flat_wood_natural_24x36-in_200-gsm,110.0,TRUE
french-herbarium-pressed-botanicals-eucalyptus-cinerea-leaf-branch-no-2-7445cc,French Herbarium & Pressed Botanicals - Eucalyptus cinerea leaf branch No. 2,"<p>Transform your living space with French Herbarium & Pressed Botanicals - Eucalyptus cinerea leaf branch No. 2. Printed on museum-grade heavyweight matte paper and encased in premium solid wood frames.</p><p>Created to reflect the calming balance of French Herbarium & Pressed Botanicals, combining Forest Moss, Antique Sepia, Old Ivory, Eucalyptus Green, Raw Linen tones to anchor modern interiors with refined elegance.</p>",Atelier & Canvas,Wall Art,"french herbarium & pressed botanicals wall art, framed canvas print, modern living room art, large statement art, neutral home decor, gallery wall art, bedroom wall decor, minimalist poster, terracotta art print, fine art giclee, sustainable wall art",Size,24x36 in (60x90 cm),Frame Style,Matte Black Solid Wood Frame,framed-poster_flat_wood_black_24x36-in_200-gsm,105.0,TRUE
french-herbarium-pressed-botanicals-eucalyptus-cinerea-leaf-branch-no-2-7445cc,French Herbarium & Pressed Botanicals - Eucalyptus cinerea leaf branch No. 2,"<p>Transform your living space with French Herbarium & Pressed Botanicals - Eucalyptus cinerea leaf branch No. 2. Printed on museum-grade heavyweight matte paper and encased in premium solid wood frames.</p><p>Created to reflect the calming balance of French Herbarium & Pressed Botanicals, combining Forest Moss, Antique Sepia, Old Ivory, Eucalyptus Green, Raw Linen tones to anchor modern interiors with refined elegance.</p>",Atelier & Canvas,Wall Art,"french herbarium & pressed botanicals wall art, framed canvas print, modern living room art, large statement art, neutral home decor, gallery wall art, bedroom wall decor, minimalist poster, terracotta art print, fine art giclee, sustainable wall art",Size,24x36 in (60x90 cm),Frame Style,Nordic White Wood Frame,framed-poster_flat_wood_white_24x36-in_200-gsm,105.0,TRUE
french-herbarium-pressed-botanicals-eucalyptus-cinerea-leaf-branch-no-2-7445cc,French Herbarium & Pressed Botanicals - Eucalyptus cinerea leaf branch No. 2,"<p>Transform your living space with French Herbarium & Pressed Botanicals - Eucalyptus cinerea leaf branch No. 2. Printed on museum-grade heavyweight matte paper and encased in premium solid wood frames.</p><p>Created to reflect the calming balance of French Herbarium & Pressed Botanicals, combining Forest Moss, Antique Sepia, Old Ivory, Eucalyptus Green, Raw Linen tones to anchor modern interiors with refined elegance.</p>",Atelier & Canvas,Wall Art,"french herbarium & pressed botanicals wall art, framed canvas print, modern living room art, large statement art, neutral home decor, gallery wall art, bedroom wall decor, minimalist poster, terracotta art print, fine art giclee, sustainable wall art",Size,24x36 in (60x90 cm),Frame Style,Gallery Stretched Fine Art Canvas,canvas_slim_24x36-in_wood-frame,98.0,TRUE
french-herbarium-pressed-botanicals-eucalyptus-cinerea-leaf-branch-no-2-7445cc,French Herbarium & Pressed Botanicals - Eucalyptus cinerea leaf branch No. 2,"<p>Transform your living space with French Herbarium & Pressed Botanicals - Eucalyptus cinerea leaf branch No. 2. Printed on museum-grade heavyweight matte paper and encased in premium solid wood frames.</p><p>Created to reflect the calming balance of French Herbarium & Pressed Botanicals, combining Forest Moss, Antique Sepia, Old Ivory, Eucalyptus Green, Raw Linen tones to anchor modern interiors with refined elegance.</p>",Atelier & Canvas,Wall Art,"french herbarium & pressed botanicals wall art, framed canvas print, modern living room art, large statement art, neutral home decor, gallery wall art, bedroom wall decor, minimalist poster, terracotta art print, fine art giclee, sustainable wall art",Size,24x36 in (60x90 cm),Frame Style,Museum-Grade Matte Fine Art Print (Unframed),poster_matte_24x36-in_250-gsm,46.0,TRUE
french-herbarium-pressed-botanicals-eucalyptus-cinerea-leaf-branch-no-2-7445cc,French Herbarium & Pressed Botanicals - Eucalyptus cinerea leaf branch No. 2,"<p>Transform your living space with French Herbarium & Pressed Botanicals - Eucalyptus cinerea leaf branch No. 2. Printed on museum-grade heavyweight matte paper and encased in premium solid wood frames.</p><p>Created to reflect the calming balance of French Herbarium & Pressed Botanicals, combining Forest Moss, Antique Sepia, Old Ivory, Eucalyptus Green, Raw Linen tones to anchor modern interiors with refined elegance.</p>",Atelier & Canvas,Wall Art,"french herbarium & pressed botanicals wall art, framed canvas print, modern living room art, large statement art, neutral home decor, gallery wall art, bedroom wall decor, minimalist poster, terracotta art print, fine art giclee, sustainable wall art",Size,30x40 in (75x100 cm),Frame Style,Solid Natural Oak Wood Frame,framed-poster_flat_wood_natural_30x40-in_200-gsm,148.0,TRUE
french-herbarium-pressed-botanicals-eucalyptus-cinerea-leaf-branch-no-2-7445cc,French Herbarium & Pressed Botanicals - Eucalyptus cinerea leaf branch No. 2,"<p>Transform your living space with French Herbarium & Pressed Botanicals - Eucalyptus cinerea leaf branch No. 2. Printed on museum-grade heavyweight matte paper and encased in premium solid wood frames.</p><p>Created to reflect the calming balance of French Herbarium & Pressed Botanicals, combining Forest Moss, Antique Sepia, Old Ivory, Eucalyptus Green, Raw Linen tones to anchor modern interiors with refined elegance.</p>",Atelier & Canvas,Wall Art,"french herbarium & pressed botanicals wall art, framed canvas print, modern living room art, large statement art, neutral home decor, gallery wall art, bedroom wall decor, minimalist poster, terracotta art print, fine art giclee, sustainable wall art",Size,30x40 in (75x100 cm),Frame Style,Matte Black Solid Wood Frame,framed-poster_flat_wood_black_30x40-in_200-gsm,143.0,TRUE
french-herbarium-pressed-botanicals-eucalyptus-cinerea-leaf-branch-no-2-7445cc,French Herbarium & Pressed Botanicals - Eucalyptus cinerea leaf branch No. 2,"<p>Transform your living space with French Herbarium & Pressed Botanicals - Eucalyptus cinerea leaf branch No. 2. Printed on museum-grade heavyweight matte paper and encased in premium solid wood frames.</p><p>Created to reflect the calming balance of French Herbarium & Pressed Botanicals, combining Forest Moss, Antique Sepia, Old Ivory, Eucalyptus Green, Raw Linen tones to anchor modern interiors with refined elegance.</p>",Atelier & Canvas,Wall Art,"french herbarium & pressed botanicals wall art, framed canvas print, modern living room art, large statement art, neutral home decor, gallery wall art, bedroom wall decor, minimalist poster, terracotta art print, fine art giclee, sustainable wall art",Size,30x40 in (75x100 cm),Frame Style,Gallery Stretched Fine Art Canvas,canvas_slim_30x40-in_wood-frame,137.0,TRUE
french-herbarium-pressed-botanicals-eucalyptus-cinerea-leaf-branch-no-2-7445cc,French Herbarium & Pressed Botanicals - Eucalyptus cinerea leaf branch No. 2,"<p>Transform your living space with French Herbarium & Pressed Botanicals - Eucalyptus cinerea leaf branch No. 2. Printed on museum-grade heavyweight matte paper and encased in premium solid wood frames.</p><p>Created to reflect the calming balance of French Herbarium & Pressed Botanicals, combining Forest Moss, Antique Sepia, Old Ivory, Eucalyptus Green, Raw Linen tones to anchor modern interiors with refined elegance.</p>",Atelier & Canvas,Wall Art,"french herbarium & pressed botanicals wall art, framed canvas print, modern living room art, large statement art, neutral home decor, gallery wall art, bedroom wall decor, minimalist poster, terracotta art print, fine art giclee, sustainable wall art",Size,30x40 in (75x100 cm),Frame Style,Museum-Grade Matte Fine Art Print (Unframed),poster_matte_30x40-in_250-gsm,59.0,TRUE
abstract-ethereal-watercolor-horizons-sunset-cloudbank-gradient-study-no-10-026229,Abstract Ethereal Watercolor Horizons - Sunset cloudbank gradient study No. 10,"<p>Transform your living space with Abstract Ethereal Watercolor Horizons - Sunset cloudbank gradient study No. 10. Printed on museum-grade heavyweight matte paper and encased in premium solid wood frames.</p><p>Created to reflect the calming balance of Abstract Ethereal Watercolor Horizons, combining Amalfi Ultramarine, Muted Sage, Terracotta, Burnished Gold, Raw Linen tones to anchor modern interiors with refined elegance.</p>",Atelier & Canvas,Wall Art,"abstract ethereal watercolor horizons wall art, framed canvas print, modern living room art, large statement art, neutral home decor, gallery wall art, bedroom wall decor, minimalist poster, terracotta art print, fine art giclee, sustainable wall art",Size,12x18 in (30x45 cm),Frame Style,Solid Natural Oak Wood Frame,framed-poster_flat_wood_natural_12x18-in_200-gsm,52.0,TRUE
abstract-ethereal-watercolor-horizons-sunset-cloudbank-gradient-study-no-10-026229,Abstract Ethereal Watercolor Horizons - Sunset cloudbank gradient study No. 10,"<p>Transform your living space with Abstract Ethereal Watercolor Horizons - Sunset cloudbank gradient study No. 10. Printed on museum-grade heavyweight matte paper and encased in premium solid wood frames.</p><p>Created to reflect the calming balance of Abstract Ethereal Watercolor Horizons, combining Amalfi Ultramarine, Muted Sage, Terracotta, Burnished Gold, Raw Linen tones to anchor modern interiors with refined elegance.</p>",Atelier & Canvas,Wall Art,"abstract ethereal watercolor horizons wall art, framed canvas print, modern living room art, large statement art, neutral home decor, gallery wall art, bedroom wall decor, minimalist poster, terracotta art print, fine art giclee, sustainable wall art",Size,12x18 in (30x45 cm),Frame Style,Matte Black Solid Wood Frame,framed-poster_flat_wood_black_12x18-in_200-gsm,50.0,TRUE
abstract-ethereal-watercolor-horizons-sunset-cloudbank-gradient-study-no-10-026229,Abstract Ethereal Watercolor Horizons - Sunset cloudbank gradient study No. 10,"<p>Transform your living space with Abstract Ethereal Watercolor Horizons - Sunset cloudbank gradient study No. 10. Printed on museum-grade heavyweight matte paper and encased in premium solid wood frames.</p><p>Created to reflect the calming balance of Abstract Ethereal Watercolor Horizons, combining Amalfi Ultramarine, Muted Sage, Terracotta, Burnished Gold, Raw Linen tones to anchor modern interiors with refined elegance.</p>",Atelier & Canvas,Wall Art,"abstract ethereal watercolor horizons wall art, framed canvas print, modern living room art, large statement art, neutral home decor, gallery wall art, bedroom wall decor, minimalist poster, terracotta art print, fine art giclee, sustainable wall art",Size,12x18 in (30x45 cm),Frame Style,Museum-Grade Matte Fine Art Print (Unframed),poster_matte_12x18-in_250-gsm,26.0,TRUE
abstract-ethereal-watercolor-horizons-sunset-cloudbank-gradient-study-no-10-026229,Abstract Ethereal Watercolor Horizons - Sunset cloudbank gradient study No. 10,"<p>Transform your living space with Abstract Ethereal Watercolor Horizons - Sunset cloudbank gradient study No. 10. Printed on museum-grade heavyweight matte paper and encased in premium solid wood frames.</p><p>Created to reflect the calming balance of Abstract Ethereal Watercolor Horizons, combining Amalfi Ultramarine, Muted Sage, Terracotta, Burnished Gold, Raw Linen tones to anchor modern interiors with refined elegance.</p>",Atelier & Canvas,Wall Art,"abstract ethereal watercolor horizons wall art, framed canvas print, modern living room art, large statement art, neutral home decor, gallery wall art, bedroom wall decor, minimalist poster, terracotta art print, fine art giclee, sustainable wall art",Size,18x24 in (45x60 cm),Frame Style,Solid Natural Oak Wood Frame,framed-poster_flat_wood_natural_18x24-in_200-gsm,76.0,TRUE
abstract-ethereal-watercolor-horizons-sunset-cloudbank-gradient-study-no-10-026229,Abstract Ethereal Watercolor Horizons - Sunset cloudbank gradient study No. 10,"<p>Transform your living space with Abstract Ethereal Watercolor Horizons - Sunset cloudbank gradient study No. 10. Printed on museum-grade heavyweight matte paper and encased in premium solid wood frames.</p><p>Created to reflect the calming balance of Abstract Ethereal Watercolor Horizons, combining Amalfi Ultramarine, Muted Sage, Terracotta, Burnished Gold, Raw Linen tones to anchor modern interiors with refined elegance.</p>",Atelier & Canvas,Wall Art,"abstract ethereal watercolor horizons wall art, framed canvas print, modern living room art, large statement art, neutral home decor, gallery wall art, bedroom wall decor, minimalist poster, terracotta art print, fine art giclee, sustainable wall art",Size,18x24 in (45x60 cm),Frame Style,Matte Black Solid Wood Frame,framed-poster_flat_wood_black_18x24-in_200-gsm,73.0,TRUE
abstract-ethereal-watercolor-horizons-sunset-cloudbank-gradient-study-no-10-026229,Abstract Ethereal Watercolor Horizons - Sunset cloudbank gradient study No. 10,"<p>Transform your living space with Abstract Ethereal Watercolor Horizons - Sunset cloudbank gradient study No. 10. Printed on museum-grade heavyweight matte paper and encased in premium solid wood frames.</p><p>Created to reflect the calming balance of Abstract Ethereal Watercolor Horizons, combining Amalfi Ultramarine, Muted Sage, Terracotta, Burnished Gold, Raw Linen tones to anchor modern interiors with refined elegance.</p>",Atelier & Canvas,Wall Art,"abstract ethereal watercolor horizons wall art, framed canvas print, modern living room art, large statement art, neutral home decor, gallery wall art, bedroom wall decor, minimalist poster, terracotta art print, fine art giclee, sustainable wall art",Size,18x24 in (45x60 cm),Frame Style,Nordic White Wood Frame,framed-poster_flat_wood_white_18x24-in_200-gsm,73.0,TRUE
abstract-ethereal-watercolor-horizons-sunset-cloudbank-gradient-study-no-10-026229,Abstract Ethereal Watercolor Horizons - Sunset cloudbank gradient study No. 10,"<p>Transform your living space with Abstract Ethereal Watercolor Horizons - Sunset cloudbank gradient study No. 10. Printed on museum-grade heavyweight matte paper and encased in premium solid wood frames.</p><p>Created to reflect the calming balance of Abstract Ethereal Watercolor Horizons, combining Amalfi Ultramarine, Muted Sage, Terracotta, Burnished Gold, Raw Linen tones to anchor modern interiors with refined elegance.</p>",Atelier & Canvas,Wall Art,"abstract ethereal watercolor horizons wall art, framed canvas print, modern living room art, large statement art, neutral home decor, gallery wall art, bedroom wall decor, minimalist poster, terracotta art print, fine art giclee, sustainable wall art",Size,18x24 in (45x60 cm),Frame Style,Gallery Stretched Fine Art Canvas,canvas_slim_18x24-in_wood-frame,68.0,TRUE
abstract-ethereal-watercolor-horizons-sunset-cloudbank-gradient-study-no-10-026229,Abstract Ethereal Watercolor Horizons - Sunset cloudbank gradient study No. 10,"<p>Transform your living space with Abstract Ethereal Watercolor Horizons - Sunset cloudbank gradient study No. 10. Printed on museum-grade heavyweight matte paper and encased in premium solid wood frames.</p><p>Created to reflect the calming balance of Abstract Ethereal Watercolor Horizons, combining Amalfi Ultramarine, Muted Sage, Terracotta, Burnished Gold, Raw Linen tones to anchor modern interiors with refined elegance.</p>",Atelier & Canvas,Wall Art,"abstract ethereal watercolor horizons wall art, framed canvas print, modern living room art, large statement art, neutral home decor, gallery wall art, bedroom wall decor, minimalist poster, terracotta art print, fine art giclee, sustainable wall art",Size,18x24 in (45x60 cm),Frame Style,Museum-Grade Matte Fine Art Print (Unframed),poster_matte_18x24-in_250-gsm,33.0,TRUE
abstract-ethereal-watercolor-horizons-sunset-cloudbank-gradient-study-no-10-026229,Abstract Ethereal Watercolor Horizons - Sunset cloudbank gradient study No. 10,"<p>Transform your living space with Abstract Ethereal Watercolor Horizons - Sunset cloudbank gradient study No. 10. Printed on museum-grade heavyweight matte paper and encased in premium solid wood frames.</p><p>Created to reflect the calming balance of Abstract Ethereal Watercolor Horizons, combining Amalfi Ultramarine, Muted Sage, Terracotta, Burnished Gold, Raw Linen tones to anchor modern interiors with refined elegance.</p>",Atelier & Canvas,Wall Art,"abstract ethereal watercolor horizons wall art, framed canvas print, modern living room art, large statement art, neutral home decor, gallery wall art, bedroom wall decor, minimalist poster, terracotta art print, fine art giclee, sustainable wall art",Size,24x36 in (60x90 cm),Frame Style,Solid Natural Oak Wood Frame,framed-poster_flat_wood_natural_24x36-in_200-gsm,110.0,TRUE
abstract-ethereal-watercolor-horizons-sunset-cloudbank-gradient-study-no-10-026229,Abstract Ethereal Watercolor Horizons - Sunset cloudbank gradient study No. 10,"<p>Transform your living space with Abstract Ethereal Watercolor Horizons - Sunset cloudbank gradient study No. 10. Printed on museum-grade heavyweight matte paper and encased in premium solid wood frames.</p><p>Created to reflect the calming balance of Abstract Ethereal Watercolor Horizons, combining Amalfi Ultramarine, Muted Sage, Terracotta, Burnished Gold, Raw Linen tones to anchor modern interiors with refined elegance.</p>",Atelier & Canvas,Wall Art,"abstract ethereal watercolor horizons wall art, framed canvas print, modern living room art, large statement art, neutral home decor, gallery wall art, bedroom wall decor, minimalist poster, terracotta art print, fine art giclee, sustainable wall art",Size,24x36 in (60x90 cm),Frame Style,Matte Black Solid Wood Frame,framed-poster_flat_wood_black_24x36-in_200-gsm,105.0,TRUE
abstract-ethereal-watercolor-horizons-sunset-cloudbank-gradient-study-no-10-026229,Abstract Ethereal Watercolor Horizons - Sunset cloudbank gradient study No. 10,"<p>Transform your living space with Abstract Ethereal Watercolor Horizons - Sunset cloudbank gradient study No. 10. Printed on museum-grade heavyweight matte paper and encased in premium solid wood frames.</p><p>Created to reflect the calming balance of Abstract Ethereal Watercolor Horizons, combining Amalfi Ultramarine, Muted Sage, Terracotta, Burnished Gold, Raw Linen tones to anchor modern interiors with refined elegance.</p>",Atelier & Canvas,Wall Art,"abstract ethereal watercolor horizons wall art, framed canvas print, modern living room art, large statement art, neutral home decor, gallery wall art, bedroom wall decor, minimalist poster, terracotta art print, fine art giclee, sustainable wall art",Size,24x36 in (60x90 cm),Frame Style,Nordic White Wood Frame,framed-poster_flat_wood_white_24x36-in_200-gsm,105.0,TRUE
abstract-ethereal-watercolor-horizons-sunset-cloudbank-gradient-study-no-10-026229,Abstract Ethereal Watercolor Horizons - Sunset cloudbank gradient study No. 10,"<p>Transform your living space with Abstract Ethereal Watercolor Horizons - Sunset cloudbank gradient study No. 10. Printed on museum-grade heavyweight matte paper and encased in premium solid wood frames.</p><p>Created to reflect the calming balance of Abstract Ethereal Watercolor Horizons, combining Amalfi Ultramarine, Muted Sage, Terracotta, Burnished Gold, Raw Linen tones to anchor modern interiors with refined elegance.</p>",Atelier & Canvas,Wall Art,"abstract ethereal watercolor horizons wall art, framed canvas print, modern living room art, large statement art, neutral home decor, gallery wall art, bedroom wall decor, minimalist poster, terracotta art print, fine art giclee, sustainable wall art",Size,24x36 in (60x90 cm),Frame Style,Gallery Stretched Fine Art Canvas,canvas_slim_24x36-in_wood-frame,98.0,TRUE
abstract-ethereal-watercolor-horizons-sunset-cloudbank-gradient-study-no-10-026229,Abstract Ethereal Watercolor Horizons - Sunset cloudbank gradient study No. 10,"<p>Transform your living space with Abstract Ethereal Watercolor Horizons - Sunset cloudbank gradient study No. 10. Printed on museum-grade heavyweight matte paper and encased in premium solid wood frames.</p><p>Created to reflect the calming balance of Abstract Ethereal Watercolor Horizons, combining Amalfi Ultramarine, Muted Sage, Terracotta, Burnished Gold, Raw Linen tones to anchor modern interiors with refined elegance.</p>",Atelier & Canvas,Wall Art,"abstract ethereal watercolor horizons wall art, framed canvas print, modern living room art, large statement art, neutral home decor, gallery wall art, bedroom wall decor, minimalist poster, terracotta art print, fine art giclee, sustainable wall art",Size,24x36 in (60x90 cm),Frame Style,Museum-Grade Matte Fine Art Print (Unframed),poster_matte_24x36-in_250-gsm,46.0,TRUE
abstract-ethereal-watercolor-horizons-sunset-cloudbank-gradient-study-no-10-026229,Abstract Ethereal Watercolor Horizons - Sunset cloudbank gradient study No. 10,"<p>Transform your living space with Abstract Ethereal Watercolor Horizons - Sunset cloudbank gradient study No. 10. Printed on museum-grade heavyweight matte paper and encased in premium solid wood frames.</p><p>Created to reflect the calming balance of Abstract Ethereal Watercolor Horizons, combining Amalfi Ultramarine, Muted Sage, Terracotta, Burnished Gold, Raw Linen tones to anchor modern interiors with refined elegance.</p>",Atelier & Canvas,Wall Art,"abstract ethereal watercolor horizons wall art, framed canvas print, modern living room art, large statement art, neutral home decor, gallery wall art, bedroom wall decor, minimalist poster, terracotta art print, fine art giclee, sustainable wall art",Size,30x40 in (75x100 cm),Frame Style,Solid Natural Oak Wood Frame,framed-poster_flat_wood_natural_30x40-in_200-gsm,148.0,TRUE
abstract-ethereal-watercolor-horizons-sunset-cloudbank-gradient-study-no-10-026229,Abstract Ethereal Watercolor Horizons - Sunset cloudbank gradient study No. 10,"<p>Transform your living space with Abstract Ethereal Watercolor Horizons - Sunset cloudbank gradient study No. 10. Printed on museum-grade heavyweight matte paper and encased in premium solid wood frames.</p><p>Created to reflect the calming balance of Abstract Ethereal Watercolor Horizons, combining Amalfi Ultramarine, Muted Sage, Terracotta, Burnished Gold, Raw Linen tones to anchor modern interiors with refined elegance.</p>",Atelier & Canvas,Wall Art,"abstract ethereal watercolor horizons wall art, framed canvas print, modern living room art, large statement art, neutral home decor, gallery wall art, bedroom wall decor, minimalist poster, terracotta art print, fine art giclee, sustainable wall art",Size,30x40 in (75x100 cm),Frame Style,Matte Black Solid Wood Frame,framed-poster_flat_wood_black_30x40-in_200-gsm,143.0,TRUE
abstract-ethereal-watercolor-horizons-sunset-cloudbank-gradient-study-no-10-026229,Abstract Ethereal Watercolor Horizons - Sunset cloudbank gradient study No. 10,"<p>Transform your living space with Abstract Ethereal Watercolor Horizons - Sunset cloudbank gradient study No. 10. Printed on museum-grade heavyweight matte paper and encased in premium solid wood frames.</p><p>Created to reflect the calming balance of Abstract Ethereal Watercolor Horizons, combining Amalfi Ultramarine, Muted Sage, Terracotta, Burnished Gold, Raw Linen tones to anchor modern interiors with refined elegance.</p>",Atelier & Canvas,Wall Art,"abstract ethereal watercolor horizons wall art, framed canvas print, modern living room art, large statement art, neutral home decor, gallery wall art, bedroom wall decor, minimalist poster, terracotta art print, fine art giclee, sustainable wall art",Size,30x40 in (75x100 cm),Frame Style,Gallery Stretched Fine Art Canvas,canvas_slim_30x40-in_wood-frame,137.0,TRUE
abstract-ethereal-watercolor-horizons-sunset-cloudbank-gradient-study-no-10-026229,Abstract Ethereal Watercolor Horizons - Sunset cloudbank gradient study No. 10,"<p>Transform your living space with Abstract Ethereal Watercolor Horizons - Sunset cloudbank gradient study No. 10. Printed on museum-grade heavyweight matte paper and encased in premium solid wood frames.</p><p>Created to reflect the calming balance of Abstract Ethereal Watercolor Horizons, combining Amalfi Ultramarine, Muted Sage, Terracotta, Burnished Gold, Raw Linen tones to anchor modern interiors with refined elegance.</p>",Atelier & Canvas,Wall Art,"abstract ethereal watercolor horizons wall art, framed canvas print, modern living room art, large statement art, neutral home decor, gallery wall art, bedroom wall decor, minimalist poster, terracotta art print, fine art giclee, sustainable wall art",Size,30x40 in (75x100 cm),Frame Style,Museum-Grade Matte Fine Art Print (Unframed),poster_matte_30x40-in_250-gsm,59.0,TRUE
art-deco-gatsby-gilded-geometry-metropolitan-skyscraper-spire-elevation-no-5-e34fe3,Art Deco Gatsby & Gilded Geometry - Metropolitan skyscraper spire elevation No. 5,"<p>Transform your living space with Art Deco Gatsby & Gilded Geometry - Metropolitan skyscraper spire elevation No. 5. Printed on museum-grade heavyweight matte paper and encased in premium solid wood frames.</p><p>Created to reflect the calming balance of Art Deco Gatsby & Gilded Geometry, combining Deep Obsidian, Burnished Gold, Charcoal Slate, Burgundy Wine, Old Ivory tones to anchor modern interiors with refined elegance.</p>",Atelier & Canvas,Wall Art,"art deco gatsby & gilded geometry wall art, framed canvas print, modern living room art, large statement art, neutral home decor, gallery wall art, bedroom wall decor, minimalist poster, terracotta art print, fine art giclee, sustainable wall art",Size,12x18 in (30x45 cm),Frame Style,Solid Natural Oak Wood Frame,framed-poster_flat_wood_natural_12x18-in_200-gsm,52.0,TRUE
art-deco-gatsby-gilded-geometry-metropolitan-skyscraper-spire-elevation-no-5-e34fe3,Art Deco Gatsby & Gilded Geometry - Metropolitan skyscraper spire elevation No. 5,"<p>Transform your living space with Art Deco Gatsby & Gilded Geometry - Metropolitan skyscraper spire elevation No. 5. Printed on museum-grade heavyweight matte paper and encased in premium solid wood frames.</p><p>Created to reflect the calming balance of Art Deco Gatsby & Gilded Geometry, combining Deep Obsidian, Burnished Gold, Charcoal Slate, Burgundy Wine, Old Ivory tones to anchor modern interiors with refined elegance.</p>",Atelier & Canvas,Wall Art,"art deco gatsby & gilded geometry wall art, framed canvas print, modern living room art, large statement art, neutral home decor, gallery wall art, bedroom wall decor, minimalist poster, terracotta art print, fine art giclee, sustainable wall art",Size,12x18 in (30x45 cm),Frame Style,Matte Black Solid Wood Frame,framed-poster_flat_wood_black_12x18-in_200-gsm,50.0,TRUE
art-deco-gatsby-gilded-geometry-metropolitan-skyscraper-spire-elevation-no-5-e34fe3,Art Deco Gatsby & Gilded Geometry - Metropolitan skyscraper spire elevation No. 5,"<p>Transform your living space with Art Deco Gatsby & Gilded Geometry - Metropolitan skyscraper spire elevation No. 5. Printed on museum-grade heavyweight matte paper and encased in premium solid wood frames.</p><p>Created to reflect the calming balance of Art Deco Gatsby & Gilded Geometry, combining Deep Obsidian, Burnished Gold, Charcoal Slate, Burgundy Wine, Old Ivory tones to anchor modern interiors with refined elegance.</p>",Atelier & Canvas,Wall Art,"art deco gatsby & gilded geometry wall art, framed canvas print, modern living room art, large statement art, neutral home decor, gallery wall art, bedroom wall decor, minimalist poster, terracotta art print, fine art giclee, sustainable wall art",Size,12x18 in (30x45 cm),Frame Style,Museum-Grade Matte Fine Art Print (Unframed),poster_matte_12x18-in_250-gsm,26.0,TRUE
art-deco-gatsby-gilded-geometry-metropolitan-skyscraper-spire-elevation-no-5-e34fe3,Art Deco Gatsby & Gilded Geometry - Metropolitan skyscraper spire elevation No. 5,"<p>Transform your living space with Art Deco Gatsby & Gilded Geometry - Metropolitan skyscraper spire elevation No. 5. Printed on museum-grade heavyweight matte paper and encased in premium solid wood frames.</p><p>Created to reflect the calming balance of Art Deco Gatsby & Gilded Geometry, combining Deep Obsidian, Burnished Gold, Charcoal Slate, Burgundy Wine, Old Ivory tones to anchor modern interiors with refined elegance.</p>",Atelier & Canvas,Wall Art,"art deco gatsby & gilded geometry wall art, framed canvas print, modern living room art, large statement art, neutral home decor, gallery wall art, bedroom wall decor, minimalist poster, terracotta art print, fine art giclee, sustainable wall art",Size,18x24 in (45x60 cm),Frame Style,Solid Natural Oak Wood Frame,framed-poster_flat_wood_natural_18x24-in_200-gsm,76.0,TRUE
art-deco-gatsby-gilded-geometry-metropolitan-skyscraper-spire-elevation-no-5-e34fe3,Art Deco Gatsby & Gilded Geometry - Metropolitan skyscraper spire elevation No. 5,"<p>Transform your living space with Art Deco Gatsby & Gilded Geometry - Metropolitan skyscraper spire elevation No. 5. Printed on museum-grade heavyweight matte paper and encased in premium solid wood frames.</p><p>Created to reflect the calming balance of Art Deco Gatsby & Gilded Geometry, combining Deep Obsidian, Burnished Gold, Charcoal Slate, Burgundy Wine, Old Ivory tones to anchor modern interiors with refined elegance.</p>",Atelier & Canvas,Wall Art,"art deco gatsby & gilded geometry wall art, framed canvas print, modern living room art, large statement art, neutral home decor, gallery wall art, bedroom wall decor, minimalist poster, terracotta art print, fine art giclee, sustainable wall art",Size,18x24 in (45x60 cm),Frame Style,Matte Black Solid Wood Frame,framed-poster_flat_wood_black_18x24-in_200-gsm,73.0,TRUE
art-deco-gatsby-gilded-geometry-metropolitan-skyscraper-spire-elevation-no-5-e34fe3,Art Deco Gatsby & Gilded Geometry - Metropolitan skyscraper spire elevation No. 5,"<p>Transform your living space with Art Deco Gatsby & Gilded Geometry - Metropolitan skyscraper spire elevation No. 5. Printed on museum-grade heavyweight matte paper and encased in premium solid wood frames.</p><p>Created to reflect the calming balance of Art Deco Gatsby & Gilded Geometry, combining Deep Obsidian, Burnished Gold, Charcoal Slate, Burgundy Wine, Old Ivory tones to anchor modern interiors with refined elegance.</p>",Atelier & Canvas,Wall Art,"art deco gatsby & gilded geometry wall art, framed canvas print, modern living room art, large statement art, neutral home decor, gallery wall art, bedroom wall decor, minimalist poster, terracotta art print, fine art giclee, sustainable wall art",Size,18x24 in (45x60 cm),Frame Style,Nordic White Wood Frame,framed-poster_flat_wood_white_18x24-in_200-gsm,73.0,TRUE
art-deco-gatsby-gilded-geometry-metropolitan-skyscraper-spire-elevation-no-5-e34fe3,Art Deco Gatsby & Gilded Geometry - Metropolitan skyscraper spire elevation No. 5,"<p>Transform your living space with Art Deco Gatsby & Gilded Geometry - Metropolitan skyscraper spire elevation No. 5. Printed on museum-grade heavyweight matte paper and encased in premium solid wood frames.</p><p>Created to reflect the calming balance of Art Deco Gatsby & Gilded Geometry, combining Deep Obsidian, Burnished Gold, Charcoal Slate, Burgundy Wine, Old Ivory tones to anchor modern interiors with refined elegance.</p>",Atelier & Canvas,Wall Art,"art deco gatsby & gilded geometry wall art, framed canvas print, modern living room art, large statement art, neutral home decor, gallery wall art, bedroom wall decor, minimalist poster, terracotta art print, fine art giclee, sustainable wall art",Size,18x24 in (45x60 cm),Frame Style,Gallery Stretched Fine Art Canvas,canvas_slim_18x24-in_wood-frame,68.0,TRUE
art-deco-gatsby-gilded-geometry-metropolitan-skyscraper-spire-elevation-no-5-e34fe3,Art Deco Gatsby & Gilded Geometry - Metropolitan skyscraper spire elevation No. 5,"<p>Transform your living space with Art Deco Gatsby & Gilded Geometry - Metropolitan skyscraper spire elevation No. 5. Printed on museum-grade heavyweight matte paper and encased in premium solid wood frames.</p><p>Created to reflect the calming balance of Art Deco Gatsby & Gilded Geometry, combining Deep Obsidian, Burnished Gold, Charcoal Slate, Burgundy Wine, Old Ivory tones to anchor modern interiors with refined elegance.</p>",Atelier & Canvas,Wall Art,"art deco gatsby & gilded geometry wall art, framed canvas print, modern living room art, large statement art, neutral home decor, gallery wall art, bedroom wall decor, minimalist poster, terracotta art print, fine art giclee, sustainable wall art",Size,18x24 in (45x60 cm),Frame Style,Museum-Grade Matte Fine Art Print (Unframed),poster_matte_18x24-in_250-gsm,33.0,TRUE
art-deco-gatsby-gilded-geometry-metropolitan-skyscraper-spire-elevation-no-5-e34fe3,Art Deco Gatsby & Gilded Geometry - Metropolitan skyscraper spire elevation No. 5,"<p>Transform your living space with Art Deco Gatsby & Gilded Geometry - Metropolitan skyscraper spire elevation No. 5. Printed on museum-grade heavyweight matte paper and encased in premium solid wood frames.</p><p>Created to reflect the calming balance of Art Deco Gatsby & Gilded Geometry, combining Deep Obsidian, Burnished Gold, Charcoal Slate, Burgundy Wine, Old Ivory tones to anchor modern interiors with refined elegance.</p>",Atelier & Canvas,Wall Art,"art deco gatsby & gilded geometry wall art, framed canvas print, modern living room art, large statement art, neutral home decor, gallery wall art, bedroom wall decor, minimalist poster, terracotta art print, fine art giclee, sustainable wall art",Size,24x36 in (60x90 cm),Frame Style,Solid Natural Oak Wood Frame,framed-poster_flat_wood_natural_24x36-in_200-gsm,110.0,TRUE
art-deco-gatsby-gilded-geometry-metropolitan-skyscraper-spire-elevation-no-5-e34fe3,Art Deco Gatsby & Gilded Geometry - Metropolitan skyscraper spire elevation No. 5,"<p>Transform your living space with Art Deco Gatsby & Gilded Geometry - Metropolitan skyscraper spire elevation No. 5. Printed on museum-grade heavyweight matte paper and encased in premium solid wood frames.</p><p>Created to reflect the calming balance of Art Deco Gatsby & Gilded Geometry, combining Deep Obsidian, Burnished Gold, Charcoal Slate, Burgundy Wine, Old Ivory tones to anchor modern interiors with refined elegance.</p>",Atelier & Canvas,Wall Art,"art deco gatsby & gilded geometry wall art, framed canvas print, modern living room art, large statement art, neutral home decor, gallery wall art, bedroom wall decor, minimalist poster, terracotta art print, fine art giclee, sustainable wall art",Size,24x36 in (60x90 cm),Frame Style,Matte Black Solid Wood Frame,framed-poster_flat_wood_black_24x36-in_200-gsm,105.0,TRUE
art-deco-gatsby-gilded-geometry-metropolitan-skyscraper-spire-elevation-no-5-e34fe3,Art Deco Gatsby & Gilded Geometry - Metropolitan skyscraper spire elevation No. 5,"<p>Transform your living space with Art Deco Gatsby & Gilded Geometry - Metropolitan skyscraper spire elevation No. 5. Printed on museum-grade heavyweight matte paper and encased in premium solid wood frames.</p><p>Created to reflect the calming balance of Art Deco Gatsby & Gilded Geometry, combining Deep Obsidian, Burnished Gold, Charcoal Slate, Burgundy Wine, Old Ivory tones to anchor modern interiors with refined elegance.</p>",Atelier & Canvas,Wall Art,"art deco gatsby & gilded geometry wall art, framed canvas print, modern living room art, large statement art, neutral home decor, gallery wall art, bedroom wall decor, minimalist poster, terracotta art print, fine art giclee, sustainable wall art",Size,24x36 in (60x90 cm),Frame Style,Nordic White Wood Frame,framed-poster_flat_wood_white_24x36-in_200-gsm,105.0,TRUE
art-deco-gatsby-gilded-geometry-metropolitan-skyscraper-spire-elevation-no-5-e34fe3,Art Deco Gatsby & Gilded Geometry - Metropolitan skyscraper spire elevation No. 5,"<p>Transform your living space with Art Deco Gatsby & Gilded Geometry - Metropolitan skyscraper spire elevation No. 5. Printed on museum-grade heavyweight matte paper and encased in premium solid wood frames.</p><p>Created to reflect the calming balance of Art Deco Gatsby & Gilded Geometry, combining Deep Obsidian, Burnished Gold, Charcoal Slate, Burgundy Wine, Old Ivory tones to anchor modern interiors with refined elegance.</p>",Atelier & Canvas,Wall Art,"art deco gatsby & gilded geometry wall art, framed canvas print, modern living room art, large statement art, neutral home decor, gallery wall art, bedroom wall decor, minimalist poster, terracotta art print, fine art giclee, sustainable wall art",Size,24x36 in (60x90 cm),Frame Style,Gallery Stretched Fine Art Canvas,canvas_slim_24x36-in_wood-frame,98.0,TRUE
art-deco-gatsby-gilded-geometry-metropolitan-skyscraper-spire-elevation-no-5-e34fe3,Art Deco Gatsby & Gilded Geometry - Metropolitan skyscraper spire elevation No. 5,"<p>Transform your living space with Art Deco Gatsby & Gilded Geometry - Metropolitan skyscraper spire elevation No. 5. Printed on museum-grade heavyweight matte paper and encased in premium solid wood frames.</p><p>Created to reflect the calming balance of Art Deco Gatsby & Gilded Geometry, combining Deep Obsidian, Burnished Gold, Charcoal Slate, Burgundy Wine, Old Ivory tones to anchor modern interiors with refined elegance.</p>",Atelier & Canvas,Wall Art,"art deco gatsby & gilded geometry wall art, framed canvas print, modern living room art, large statement art, neutral home decor, gallery wall art, bedroom wall decor, minimalist poster, terracotta art print, fine art giclee, sustainable wall art",Size,24x36 in (60x90 cm),Frame Style,Museum-Grade Matte Fine Art Print (Unframed),poster_matte_24x36-in_250-gsm,46.0,TRUE
art-deco-gatsby-gilded-geometry-metropolitan-skyscraper-spire-elevation-no-5-e34fe3,Art Deco Gatsby & Gilded Geometry - Metropolitan skyscraper spire elevation No. 5,"<p>Transform your living space with Art Deco Gatsby & Gilded Geometry - Metropolitan skyscraper spire elevation No. 5. Printed on museum-grade heavyweight matte paper and encased in premium solid wood frames.</p><p>Created to reflect the calming balance of Art Deco Gatsby & Gilded Geometry, combining Deep Obsidian, Burnished Gold, Charcoal Slate, Burgundy Wine, Old Ivory tones to anchor modern interiors with refined elegance.</p>",Atelier & Canvas,Wall Art,"art deco gatsby & gilded geometry wall art, framed canvas print, modern living room art, large statement art, neutral home decor, gallery wall art, bedroom wall decor, minimalist poster, terracotta art print, fine art giclee, sustainable wall art",Size,30x40 in (75x100 cm),Frame Style,Solid Natural Oak Wood Frame,framed-poster_flat_wood_natural_30x40-in_200-gsm,148.0,TRUE
art-deco-gatsby-gilded-geometry-metropolitan-skyscraper-spire-elevation-no-5-e34fe3,Art Deco Gatsby & Gilded Geometry - Metropolitan skyscraper spire elevation No. 5,"<p>Transform your living space with Art Deco Gatsby & Gilded Geometry - Metropolitan skyscraper spire elevation No. 5. Printed on museum-grade heavyweight matte paper and encased in premium solid wood frames.</p><p>Created to reflect the calming balance of Art Deco Gatsby & Gilded Geometry, combining Deep Obsidian, Burnished Gold, Charcoal Slate, Burgundy Wine, Old Ivory tones to anchor modern interiors with refined elegance.</p>",Atelier & Canvas,Wall Art,"art deco gatsby & gilded geometry wall art, framed canvas print, modern living room art, large statement art, neutral home decor, gallery wall art, bedroom wall decor, minimalist poster, terracotta art print, fine art giclee, sustainable wall art",Size,30x40 in (75x100 cm),Frame Style,Matte Black Solid Wood Frame,framed-poster_flat_wood_black_30x40-in_200-gsm,143.0,TRUE
art-deco-gatsby-gilded-geometry-metropolitan-skyscraper-spire-elevation-no-5-e34fe3,Art Deco Gatsby & Gilded Geometry - Metropolitan skyscraper spire elevation No. 5,"<p>Transform your living space with Art Deco Gatsby & Gilded Geometry - Metropolitan skyscraper spire elevation No. 5. Printed on museum-grade heavyweight matte paper and encased in premium solid wood frames.</p><p>Created to reflect the calming balance of Art Deco Gatsby & Gilded Geometry, combining Deep Obsidian, Burnished Gold, Charcoal Slate, Burgundy Wine, Old Ivory tones to anchor modern interiors with refined elegance.</p>",Atelier & Canvas,Wall Art,"art deco gatsby & gilded geometry wall art, framed canvas print, modern living room art, large statement art, neutral home decor, gallery wall art, bedroom wall decor, minimalist poster, terracotta art print, fine art giclee, sustainable wall art",Size,30x40 in (75x100 cm),Frame Style,Gallery Stretched Fine Art Canvas,canvas_slim_30x40-in_wood-frame,137.0,TRUE
art-deco-gatsby-gilded-geometry-metropolitan-skyscraper-spire-elevation-no-5-e34fe3,Art Deco Gatsby & Gilded Geometry - Metropolitan skyscraper spire elevation No. 5,"<p>Transform your living space with Art Deco Gatsby & Gilded Geometry - Metropolitan skyscraper spire elevation No. 5. Printed on museum-grade heavyweight matte paper and encased in premium solid wood frames.</p><p>Created to reflect the calming balance of Art Deco Gatsby & Gilded Geometry, combining Deep Obsidian, Burnished Gold, Charcoal Slate, Burgundy Wine, Old Ivory tones to anchor modern interiors with refined elegance.</p>",Atelier & Canvas,Wall Art,"art deco gatsby & gilded geometry wall art, framed canvas print, modern living room art, large statement art, neutral home decor, gallery wall art, bedroom wall decor, minimalist poster, terracotta art print, fine art giclee, sustainable wall art",Size,30x40 in (75x100 cm),Frame Style,Museum-Grade Matte Fine Art Print (Unframed),poster_matte_30x40-in_250-gsm,59.0,TRUE
vintage-alpine-mountain-solitude-vintage-cable-car-over-snowy-ridge-no-7-62884c,Vintage Alpine & Mountain Solitude - Vintage cable car over snowy ridge No. 7,"<p>Transform your living space with Vintage Alpine & Mountain Solitude - Vintage cable car over snowy ridge No. 7. Printed on museum-grade heavyweight matte paper and encased in premium solid wood frames.</p><p>Created to reflect the calming balance of Vintage Alpine & Mountain Solitude, combining Deep Cobalt, Forest Moss, Burnt Vermilion, Old Ivory, Charcoal Slate tones to anchor modern interiors with refined elegance.</p>",Atelier & Canvas,Wall Art,"vintage alpine & mountain solitude wall art, framed canvas print, modern living room art, large statement art, neutral home decor, gallery wall art, bedroom wall decor, minimalist poster, terracotta art print, fine art giclee, sustainable wall art",Size,12x18 in (30x45 cm),Frame Style,Solid Natural Oak Wood Frame,framed-poster_flat_wood_natural_12x18-in_200-gsm,52.0,TRUE
vintage-alpine-mountain-solitude-vintage-cable-car-over-snowy-ridge-no-7-62884c,Vintage Alpine & Mountain Solitude - Vintage cable car over snowy ridge No. 7,"<p>Transform your living space with Vintage Alpine & Mountain Solitude - Vintage cable car over snowy ridge No. 7. Printed on museum-grade heavyweight matte paper and encased in premium solid wood frames.</p><p>Created to reflect the calming balance of Vintage Alpine & Mountain Solitude, combining Deep Cobalt, Forest Moss, Burnt Vermilion, Old Ivory, Charcoal Slate tones to anchor modern interiors with refined elegance.</p>",Atelier & Canvas,Wall Art,"vintage alpine & mountain solitude wall art, framed canvas print, modern living room art, large statement art, neutral home decor, gallery wall art, bedroom wall decor, minimalist poster, terracotta art print, fine art giclee, sustainable wall art",Size,12x18 in (30x45 cm),Frame Style,Matte Black Solid Wood Frame,framed-poster_flat_wood_black_12x18-in_200-gsm,50.0,TRUE
vintage-alpine-mountain-solitude-vintage-cable-car-over-snowy-ridge-no-7-62884c,Vintage Alpine & Mountain Solitude - Vintage cable car over snowy ridge No. 7,"<p>Transform your living space with Vintage Alpine & Mountain Solitude - Vintage cable car over snowy ridge No. 7. Printed on museum-grade heavyweight matte paper and encased in premium solid wood frames.</p><p>Created to reflect the calming balance of Vintage Alpine & Mountain Solitude, combining Deep Cobalt, Forest Moss, Burnt Vermilion, Old Ivory, Charcoal Slate tones to anchor modern interiors with refined elegance.</p>",Atelier & Canvas,Wall Art,"vintage alpine & mountain solitude wall art, framed canvas print, modern living room art, large statement art, neutral home decor, gallery wall art, bedroom wall decor, minimalist poster, terracotta art print, fine art giclee, sustainable wall art",Size,12x18 in (30x45 cm),Frame Style,Museum-Grade Matte Fine Art Print (Unframed),poster_matte_12x18-in_250-gsm,26.0,TRUE
vintage-alpine-mountain-solitude-vintage-cable-car-over-snowy-ridge-no-7-62884c,Vintage Alpine & Mountain Solitude - Vintage cable car over snowy ridge No. 7,"<p>Transform your living space with Vintage Alpine & Mountain Solitude - Vintage cable car over snowy ridge No. 7. Printed on museum-grade heavyweight matte paper and encased in premium solid wood frames.</p><p>Created to reflect the calming balance of Vintage Alpine & Mountain Solitude, combining Deep Cobalt, Forest Moss, Burnt Vermilion, Old Ivory, Charcoal Slate tones to anchor modern interiors with refined elegance.</p>",Atelier & Canvas,Wall Art,"vintage alpine & mountain solitude wall art, framed canvas print, modern living room art, large statement art, neutral home decor, gallery wall art, bedroom wall decor, minimalist poster, terracotta art print, fine art giclee, sustainable wall art",Size,18x24 in (45x60 cm),Frame Style,Solid Natural Oak Wood Frame,framed-poster_flat_wood_natural_18x24-in_200-gsm,76.0,TRUE
vintage-alpine-mountain-solitude-vintage-cable-car-over-snowy-ridge-no-7-62884c,Vintage Alpine & Mountain Solitude - Vintage cable car over snowy ridge No. 7,"<p>Transform your living space with Vintage Alpine & Mountain Solitude - Vintage cable car over snowy ridge No. 7. Printed on museum-grade heavyweight matte paper and encased in premium solid wood frames.</p><p>Created to reflect the calming balance of Vintage Alpine & Mountain Solitude, combining Deep Cobalt, Forest Moss, Burnt Vermilion, Old Ivory, Charcoal Slate tones to anchor modern interiors with refined elegance.</p>",Atelier & Canvas,Wall Art,"vintage alpine & mountain solitude wall art, framed canvas print, modern living room art, large statement art, neutral home decor, gallery wall art, bedroom wall decor, minimalist poster, terracotta art print, fine art giclee, sustainable wall art",Size,18x24 in (45x60 cm),Frame Style,Matte Black Solid Wood Frame,framed-poster_flat_wood_black_18x24-in_200-gsm,73.0,TRUE
vintage-alpine-mountain-solitude-vintage-cable-car-over-snowy-ridge-no-7-62884c,Vintage Alpine & Mountain Solitude - Vintage cable car over snowy ridge No. 7,"<p>Transform your living space with Vintage Alpine & Mountain Solitude - Vintage cable car over snowy ridge No. 7. Printed on museum-grade heavyweight matte paper and encased in premium solid wood frames.</p><p>Created to reflect the calming balance of Vintage Alpine & Mountain Solitude, combining Deep Cobalt, Forest Moss, Burnt Vermilion, Old Ivory, Charcoal Slate tones to anchor modern interiors with refined elegance.</p>",Atelier & Canvas,Wall Art,"vintage alpine & mountain solitude wall art, framed canvas print, modern living room art, large statement art, neutral home decor, gallery wall art, bedroom wall decor, minimalist poster, terracotta art print, fine art giclee, sustainable wall art",Size,18x24 in (45x60 cm),Frame Style,Nordic White Wood Frame,framed-poster_flat_wood_white_18x24-in_200-gsm,73.0,TRUE
vintage-alpine-mountain-solitude-vintage-cable-car-over-snowy-ridge-no-7-62884c,Vintage Alpine & Mountain Solitude - Vintage cable car over snowy ridge No. 7,"<p>Transform your living space with Vintage Alpine & Mountain Solitude - Vintage cable car over snowy ridge No. 7. Printed on museum-grade heavyweight matte paper and encased in premium solid wood frames.</p><p>Created to reflect the calming balance of Vintage Alpine & Mountain Solitude, combining Deep Cobalt, Forest Moss, Burnt Vermilion, Old Ivory, Charcoal Slate tones to anchor modern interiors with refined elegance.</p>",Atelier & Canvas,Wall Art,"vintage alpine & mountain solitude wall art, framed canvas print, modern living room art, large statement art, neutral home decor, gallery wall art, bedroom wall decor, minimalist poster, terracotta art print, fine art giclee, sustainable wall art",Size,18x24 in (45x60 cm),Frame Style,Gallery Stretched Fine Art Canvas,canvas_slim_18x24-in_wood-frame,68.0,TRUE
vintage-alpine-mountain-solitude-vintage-cable-car-over-snowy-ridge-no-7-62884c,Vintage Alpine & Mountain Solitude - Vintage cable car over snowy ridge No. 7,"<p>Transform your living space with Vintage Alpine & Mountain Solitude - Vintage cable car over snowy ridge No. 7. Printed on museum-grade heavyweight matte paper and encased in premium solid wood frames.</p><p>Created to reflect the calming balance of Vintage Alpine & Mountain Solitude, combining Deep Cobalt, Forest Moss, Burnt Vermilion, Old Ivory, Charcoal Slate tones to anchor modern interiors with refined elegance.</p>",Atelier & Canvas,Wall Art,"vintage alpine & mountain solitude wall art, framed canvas print, modern living room art, large statement art, neutral home decor, gallery wall art, bedroom wall decor, minimalist poster, terracotta art print, fine art giclee, sustainable wall art",Size,18x24 in (45x60 cm),Frame Style,Museum-Grade Matte Fine Art Print (Unframed),poster_matte_18x24-in_250-gsm,33.0,TRUE
vintage-alpine-mountain-solitude-vintage-cable-car-over-snowy-ridge-no-7-62884c,Vintage Alpine & Mountain Solitude - Vintage cable car over snowy ridge No. 7,"<p>Transform your living space with Vintage Alpine & Mountain Solitude - Vintage cable car over snowy ridge No. 7. Printed on museum-grade heavyweight matte paper and encased in premium solid wood frames.</p><p>Created to reflect the calming balance of Vintage Alpine & Mountain Solitude, combining Deep Cobalt, Forest Moss, Burnt Vermilion, Old Ivory, Charcoal Slate tones to anchor modern interiors with refined elegance.</p>",Atelier & Canvas,Wall Art,"vintage alpine & mountain solitude wall art, framed canvas print, modern living room art, large statement art, neutral home decor, gallery wall art, bedroom wall decor, minimalist poster, terracotta art print, fine art giclee, sustainable wall art",Size,24x36 in (60x90 cm),Frame Style,Solid Natural Oak Wood Frame,framed-poster_flat_wood_natural_24x36-in_200-gsm,110.0,TRUE
vintage-alpine-mountain-solitude-vintage-cable-car-over-snowy-ridge-no-7-62884c,Vintage Alpine & Mountain Solitude - Vintage cable car over snowy ridge No. 7,"<p>Transform your living space with Vintage Alpine & Mountain Solitude - Vintage cable car over snowy ridge No. 7. Printed on museum-grade heavyweight matte paper and encased in premium solid wood frames.</p><p>Created to reflect the calming balance of Vintage Alpine & Mountain Solitude, combining Deep Cobalt, Forest Moss, Burnt Vermilion, Old Ivory, Charcoal Slate tones to anchor modern interiors with refined elegance.</p>",Atelier & Canvas,Wall Art,"vintage alpine & mountain solitude wall art, framed canvas print, modern living room art, large statement art, neutral home decor, gallery wall art, bedroom wall decor, minimalist poster, terracotta art print, fine art giclee, sustainable wall art",Size,24x36 in (60x90 cm),Frame Style,Matte Black Solid Wood Frame,framed-poster_flat_wood_black_24x36-in_200-gsm,105.0,TRUE
vintage-alpine-mountain-solitude-vintage-cable-car-over-snowy-ridge-no-7-62884c,Vintage Alpine & Mountain Solitude - Vintage cable car over snowy ridge No. 7,"<p>Transform your living space with Vintage Alpine & Mountain Solitude - Vintage cable car over snowy ridge No. 7. Printed on museum-grade heavyweight matte paper and encased in premium solid wood frames.</p><p>Created to reflect the calming balance of Vintage Alpine & Mountain Solitude, combining Deep Cobalt, Forest Moss, Burnt Vermilion, Old Ivory, Charcoal Slate tones to anchor modern interiors with refined elegance.</p>",Atelier & Canvas,Wall Art,"vintage alpine & mountain solitude wall art, framed canvas print, modern living room art, large statement art, neutral home decor, gallery wall art, bedroom wall decor, minimalist poster, terracotta art print, fine art giclee, sustainable wall art",Size,24x36 in (60x90 cm),Frame Style,Nordic White Wood Frame,framed-poster_flat_wood_white_24x36-in_200-gsm,105.0,TRUE
vintage-alpine-mountain-solitude-vintage-cable-car-over-snowy-ridge-no-7-62884c,Vintage Alpine & Mountain Solitude - Vintage cable car over snowy ridge No. 7,"<p>Transform your living space with Vintage Alpine & Mountain Solitude - Vintage cable car over snowy ridge No. 7. Printed on museum-grade heavyweight matte paper and encased in premium solid wood frames.</p><p>Created to reflect the calming balance of Vintage Alpine & Mountain Solitude, combining Deep Cobalt, Forest Moss, Burnt Vermilion, Old Ivory, Charcoal Slate tones to anchor modern interiors with refined elegance.</p>",Atelier & Canvas,Wall Art,"vintage alpine & mountain solitude wall art, framed canvas print, modern living room art, large statement art, neutral home decor, gallery wall art, bedroom wall decor, minimalist poster, terracotta art print, fine art giclee, sustainable wall art",Size,24x36 in (60x90 cm),Frame Style,Gallery Stretched Fine Art Canvas,canvas_slim_24x36-in_wood-frame,98.0,TRUE
vintage-alpine-mountain-solitude-vintage-cable-car-over-snowy-ridge-no-7-62884c,Vintage Alpine & Mountain Solitude - Vintage cable car over snowy ridge No. 7,"<p>Transform your living space with Vintage Alpine & Mountain Solitude - Vintage cable car over snowy ridge No. 7. Printed on museum-grade heavyweight matte paper and encased in premium solid wood frames.</p><p>Created to reflect the calming balance of Vintage Alpine & Mountain Solitude, combining Deep Cobalt, Forest Moss, Burnt Vermilion, Old Ivory, Charcoal Slate tones to anchor modern interiors with refined elegance.</p>",Atelier & Canvas,Wall Art,"vintage alpine & mountain solitude wall art, framed canvas print, modern living room art, large statement art, neutral home decor, gallery wall art, bedroom wall decor, minimalist poster, terracotta art print, fine art giclee, sustainable wall art",Size,24x36 in (60x90 cm),Frame Style,Museum-Grade Matte Fine Art Print (Unframed),poster_matte_24x36-in_250-gsm,46.0,TRUE
vintage-alpine-mountain-solitude-vintage-cable-car-over-snowy-ridge-no-7-62884c,Vintage Alpine & Mountain Solitude - Vintage cable car over snowy ridge No. 7,"<p>Transform your living space with Vintage Alpine & Mountain Solitude - Vintage cable car over snowy ridge No. 7. Printed on museum-grade heavyweight matte paper and encased in premium solid wood frames.</p><p>Created to reflect the calming balance of Vintage Alpine & Mountain Solitude, combining Deep Cobalt, Forest Moss, Burnt Vermilion, Old Ivory, Charcoal Slate tones to anchor modern interiors with refined elegance.</p>",Atelier & Canvas,Wall Art,"vintage alpine & mountain solitude wall art, framed canvas print, modern living room art, large statement art, neutral home decor, gallery wall art, bedroom wall decor, minimalist poster, terracotta art print, fine art giclee, sustainable wall art",Size,30x40 in (75x100 cm),Frame Style,Solid Natural Oak Wood Frame,framed-poster_flat_wood_natural_30x40-in_200-gsm,148.0,TRUE
vintage-alpine-mountain-solitude-vintage-cable-car-over-snowy-ridge-no-7-62884c,Vintage Alpine & Mountain Solitude - Vintage cable car over snowy ridge No. 7,"<p>Transform your living space with Vintage Alpine & Mountain Solitude - Vintage cable car over snowy ridge No. 7. Printed on museum-grade heavyweight matte paper and encased in premium solid wood frames.</p><p>Created to reflect the calming balance of Vintage Alpine & Mountain Solitude, combining Deep Cobalt, Forest Moss, Burnt Vermilion, Old Ivory, Charcoal Slate tones to anchor modern interiors with refined elegance.</p>",Atelier & Canvas,Wall Art,"vintage alpine & mountain solitude wall art, framed canvas print, modern living room art, large statement art, neutral home decor, gallery wall art, bedroom wall decor, minimalist poster, terracotta art print, fine art giclee, sustainable wall art",Size,30x40 in (75x100 cm),Frame Style,Matte Black Solid Wood Frame,framed-poster_flat_wood_black_30x40-in_200-gsm,143.0,TRUE
vintage-alpine-mountain-solitude-vintage-cable-car-over-snowy-ridge-no-7-62884c,Vintage Alpine & Mountain Solitude - Vintage cable car over snowy ridge No. 7,"<p>Transform your living space with Vintage Alpine & Mountain Solitude - Vintage cable car over snowy ridge No. 7. Printed on museum-grade heavyweight matte paper and encased in premium solid wood frames.</p><p>Created to reflect the calming balance of Vintage Alpine & Mountain Solitude, combining Deep Cobalt, Forest Moss, Burnt Vermilion, Old Ivory, Charcoal Slate tones to anchor modern interiors with refined elegance.</p>",Atelier & Canvas,Wall Art,"vintage alpine & mountain solitude wall art, framed canvas print, modern living room art, large statement art, neutral home decor, gallery wall art, bedroom wall decor, minimalist poster, terracotta art print, fine art giclee, sustainable wall art",Size,30x40 in (75x100 cm),Frame Style,Gallery Stretched Fine Art Canvas,canvas_slim_30x40-in_wood-frame,137.0,TRUE
vintage-alpine-mountain-solitude-vintage-cable-car-over-snowy-ridge-no-7-62884c,Vintage Alpine & Mountain Solitude - Vintage cable car over snowy ridge No. 7,"<p>Transform your living space with Vintage Alpine & Mountain Solitude - Vintage cable car over snowy ridge No. 7. Printed on museum-grade heavyweight matte paper and encased in premium solid wood frames.</p><p>Created to reflect the calming balance of Vintage Alpine & Mountain Solitude, combining Deep Cobalt, Forest Moss, Burnt Vermilion, Old Ivory, Charcoal Slate tones to anchor modern interiors with refined elegance.</p>",Atelier & Canvas,Wall Art,"vintage alpine & mountain solitude wall art, framed canvas print, modern living room art, large statement art, neutral home decor, gallery wall art, bedroom wall decor, minimalist poster, terracotta art print, fine art giclee, sustainable wall art",Size,30x40 in (75x100 cm),Frame Style,Museum-Grade Matte Fine Art Print (Unframed),poster_matte_30x40-in_250-gsm,59.0,TRUE
moroccan-riad-architecture-zellige-sun-bleached-marrakech-arcade-no-10-fb94f0,Moroccan Riad Architecture & Zellige - Sun-bleached Marrakech arcade No. 10,"<p>Transform your living space with Moroccan Riad Architecture & Zellige - Sun-bleached Marrakech arcade No. 10. Printed on museum-grade heavyweight matte paper and encased in premium solid wood frames.</p><p>Created to reflect the calming balance of Moroccan Riad Architecture & Zellige, combining Terracotta Clay, Amalfi Ultramarine, Warm Ochre, Forest Moss, Sunlit Limewash tones to anchor modern interiors with refined elegance.</p>",Atelier & Canvas,Wall Art,"moroccan riad architecture & zellige wall art, framed canvas print, modern living room art, large statement art, neutral home decor, gallery wall art, bedroom wall decor, minimalist poster, terracotta art print, fine art giclee, sustainable wall art",Size,12x18 in (30x45 cm),Frame Style,Solid Natural Oak Wood Frame,framed-poster_flat_wood_natural_12x18-in_200-gsm,52.0,TRUE
moroccan-riad-architecture-zellige-sun-bleached-marrakech-arcade-no-10-fb94f0,Moroccan Riad Architecture & Zellige - Sun-bleached Marrakech arcade No. 10,"<p>Transform your living space with Moroccan Riad Architecture & Zellige - Sun-bleached Marrakech arcade No. 10. Printed on museum-grade heavyweight matte paper and encased in premium solid wood frames.</p><p>Created to reflect the calming balance of Moroccan Riad Architecture & Zellige, combining Terracotta Clay, Amalfi Ultramarine, Warm Ochre, Forest Moss, Sunlit Limewash tones to anchor modern interiors with refined elegance.</p>",Atelier & Canvas,Wall Art,"moroccan riad architecture & zellige wall art, framed canvas print, modern living room art, large statement art, neutral home decor, gallery wall art, bedroom wall decor, minimalist poster, terracotta art print, fine art giclee, sustainable wall art",Size,12x18 in (30x45 cm),Frame Style,Matte Black Solid Wood Frame,framed-poster_flat_wood_black_12x18-in_200-gsm,50.0,TRUE
moroccan-riad-architecture-zellige-sun-bleached-marrakech-arcade-no-10-fb94f0,Moroccan Riad Architecture & Zellige - Sun-bleached Marrakech arcade No. 10,"<p>Transform your living space with Moroccan Riad Architecture & Zellige - Sun-bleached Marrakech arcade No. 10. Printed on museum-grade heavyweight matte paper and encased in premium solid wood frames.</p><p>Created to reflect the calming balance of Moroccan Riad Architecture & Zellige, combining Terracotta Clay, Amalfi Ultramarine, Warm Ochre, Forest Moss, Sunlit Limewash tones to anchor modern interiors with refined elegance.</p>",Atelier & Canvas,Wall Art,"moroccan riad architecture & zellige wall art, framed canvas print, modern living room art, large statement art, neutral home decor, gallery wall art, bedroom wall decor, minimalist poster, terracotta art print, fine art giclee, sustainable wall art",Size,12x18 in (30x45 cm),Frame Style,Museum-Grade Matte Fine Art Print (Unframed),poster_matte_12x18-in_250-gsm,26.0,TRUE
moroccan-riad-architecture-zellige-sun-bleached-marrakech-arcade-no-10-fb94f0,Moroccan Riad Architecture & Zellige - Sun-bleached Marrakech arcade No. 10,"<p>Transform your living space with Moroccan Riad Architecture & Zellige - Sun-bleached Marrakech arcade No. 10. Printed on museum-grade heavyweight matte paper and encased in premium solid wood frames.</p><p>Created to reflect the calming balance of Moroccan Riad Architecture & Zellige, combining Terracotta Clay, Amalfi Ultramarine, Warm Ochre, Forest Moss, Sunlit Limewash tones to anchor modern interiors with refined elegance.</p>",Atelier & Canvas,Wall Art,"moroccan riad architecture & zellige wall art, framed canvas print, modern living room art, large statement art, neutral home decor, gallery wall art, bedroom wall decor, minimalist poster, terracotta art print, fine art giclee, sustainable wall art",Size,18x24 in (45x60 cm),Frame Style,Solid Natural Oak Wood Frame,framed-poster_flat_wood_natural_18x24-in_200-gsm,76.0,TRUE
moroccan-riad-architecture-zellige-sun-bleached-marrakech-arcade-no-10-fb94f0,Moroccan Riad Architecture & Zellige - Sun-bleached Marrakech arcade No. 10,"<p>Transform your living space with Moroccan Riad Architecture & Zellige - Sun-bleached Marrakech arcade No. 10. Printed on museum-grade heavyweight matte paper and encased in premium solid wood frames.</p><p>Created to reflect the calming balance of Moroccan Riad Architecture & Zellige, combining Terracotta Clay, Amalfi Ultramarine, Warm Ochre, Forest Moss, Sunlit Limewash tones to anchor modern interiors with refined elegance.</p>",Atelier & Canvas,Wall Art,"moroccan riad architecture & zellige wall art, framed canvas print, modern living room art, large statement art, neutral home decor, gallery wall art, bedroom wall decor, minimalist poster, terracotta art print, fine art giclee, sustainable wall art",Size,18x24 in (45x60 cm),Frame Style,Matte Black Solid Wood Frame,framed-poster_flat_wood_black_18x24-in_200-gsm,73.0,TRUE
moroccan-riad-architecture-zellige-sun-bleached-marrakech-arcade-no-10-fb94f0,Moroccan Riad Architecture & Zellige - Sun-bleached Marrakech arcade No. 10,"<p>Transform your living space with Moroccan Riad Architecture & Zellige - Sun-bleached Marrakech arcade No. 10. Printed on museum-grade heavyweight matte paper and encased in premium solid wood frames.</p><p>Created to reflect the calming balance of Moroccan Riad Architecture & Zellige, combining Terracotta Clay, Amalfi Ultramarine, Warm Ochre, Forest Moss, Sunlit Limewash tones to anchor modern interiors with refined elegance.</p>",Atelier & Canvas,Wall Art,"moroccan riad architecture & zellige wall art, framed canvas print, modern living room art, large statement art, neutral home decor, gallery wall art, bedroom wall decor, minimalist poster, terracotta art print, fine art giclee, sustainable wall art",Size,18x24 in (45x60 cm),Frame Style,Nordic White Wood Frame,framed-poster_flat_wood_white_18x24-in_200-gsm,73.0,TRUE
moroccan-riad-architecture-zellige-sun-bleached-marrakech-arcade-no-10-fb94f0,Moroccan Riad Architecture & Zellige - Sun-bleached Marrakech arcade No. 10,"<p>Transform your living space with Moroccan Riad Architecture & Zellige - Sun-bleached Marrakech arcade No. 10. Printed on museum-grade heavyweight matte paper and encased in premium solid wood frames.</p><p>Created to reflect the calming balance of Moroccan Riad Architecture & Zellige, combining Terracotta Clay, Amalfi Ultramarine, Warm Ochre, Forest Moss, Sunlit Limewash tones to anchor modern interiors with refined elegance.</p>",Atelier & Canvas,Wall Art,"moroccan riad architecture & zellige wall art, framed canvas print, modern living room art, large statement art, neutral home decor, gallery wall art, bedroom wall decor, minimalist poster, terracotta art print, fine art giclee, sustainable wall art",Size,18x24 in (45x60 cm),Frame Style,Gallery Stretched Fine Art Canvas,canvas_slim_18x24-in_wood-frame,68.0,TRUE
moroccan-riad-architecture-zellige-sun-bleached-marrakech-arcade-no-10-fb94f0,Moroccan Riad Architecture & Zellige - Sun-bleached Marrakech arcade No. 10,"<p>Transform your living space with Moroccan Riad Architecture & Zellige - Sun-bleached Marrakech arcade No. 10. Printed on museum-grade heavyweight matte paper and encased in premium solid wood frames.</p><p>Created to reflect the calming balance of Moroccan Riad Architecture & Zellige, combining Terracotta Clay, Amalfi Ultramarine, Warm Ochre, Forest Moss, Sunlit Limewash tones to anchor modern interiors with refined elegance.</p>",Atelier & Canvas,Wall Art,"moroccan riad architecture & zellige wall art, framed canvas print, modern living room art, large statement art, neutral home decor, gallery wall art, bedroom wall decor, minimalist poster, terracotta art print, fine art giclee, sustainable wall art",Size,18x24 in (45x60 cm),Frame Style,Museum-Grade Matte Fine Art Print (Unframed),poster_matte_18x24-in_250-gsm,33.0,TRUE
moroccan-riad-architecture-zellige-sun-bleached-marrakech-arcade-no-10-fb94f0,Moroccan Riad Architecture & Zellige - Sun-bleached Marrakech arcade No. 10,"<p>Transform your living space with Moroccan Riad Architecture & Zellige - Sun-bleached Marrakech arcade No. 10. Printed on museum-grade heavyweight matte paper and encased in premium solid wood frames.</p><p>Created to reflect the calming balance of Moroccan Riad Architecture & Zellige, combining Terracotta Clay, Amalfi Ultramarine, Warm Ochre, Forest Moss, Sunlit Limewash tones to anchor modern interiors with refined elegance.</p>",Atelier & Canvas,Wall Art,"moroccan riad architecture & zellige wall art, framed canvas print, modern living room art, large statement art, neutral home decor, gallery wall art, bedroom wall decor, minimalist poster, terracotta art print, fine art giclee, sustainable wall art",Size,24x36 in (60x90 cm),Frame Style,Solid Natural Oak Wood Frame,framed-poster_flat_wood_natural_24x36-in_200-gsm,110.0,TRUE
moroccan-riad-architecture-zellige-sun-bleached-marrakech-arcade-no-10-fb94f0,Moroccan Riad Architecture & Zellige - Sun-bleached Marrakech arcade No. 10,"<p>Transform your living space with Moroccan Riad Architecture & Zellige - Sun-bleached Marrakech arcade No. 10. Printed on museum-grade heavyweight matte paper and encased in premium solid wood frames.</p><p>Created to reflect the calming balance of Moroccan Riad Architecture & Zellige, combining Terracotta Clay, Amalfi Ultramarine, Warm Ochre, Forest Moss, Sunlit Limewash tones to anchor modern interiors with refined elegance.</p>",Atelier & Canvas,Wall Art,"moroccan riad architecture & zellige wall art, framed canvas print, modern living room art, large statement art, neutral home decor, gallery wall art, bedroom wall decor, minimalist poster, terracotta art print, fine art giclee, sustainable wall art",Size,24x36 in (60x90 cm),Frame Style,Matte Black Solid Wood Frame,framed-poster_flat_wood_black_24x36-in_200-gsm,105.0,TRUE
moroccan-riad-architecture-zellige-sun-bleached-marrakech-arcade-no-10-fb94f0,Moroccan Riad Architecture & Zellige - Sun-bleached Marrakech arcade No. 10,"<p>Transform your living space with Moroccan Riad Architecture & Zellige - Sun-bleached Marrakech arcade No. 10. Printed on museum-grade heavyweight matte paper and encased in premium solid wood frames.</p><p>Created to reflect the calming balance of Moroccan Riad Architecture & Zellige, combining Terracotta Clay, Amalfi Ultramarine, Warm Ochre, Forest Moss, Sunlit Limewash tones to anchor modern interiors with refined elegance.</p>",Atelier & Canvas,Wall Art,"moroccan riad architecture & zellige wall art, framed canvas print, modern living room art, large statement art, neutral home decor, gallery wall art, bedroom wall decor, minimalist poster, terracotta art print, fine art giclee, sustainable wall art",Size,24x36 in (60x90 cm),Frame Style,Nordic White Wood Frame,framed-poster_flat_wood_white_24x36-in_200-gsm,105.0,TRUE
moroccan-riad-architecture-zellige-sun-bleached-marrakech-arcade-no-10-fb94f0,Moroccan Riad Architecture & Zellige - Sun-bleached Marrakech arcade No. 10,"<p>Transform your living space with Moroccan Riad Architecture & Zellige - Sun-bleached Marrakech arcade No. 10. Printed on museum-grade heavyweight matte paper and encased in premium solid wood frames.</p><p>Created to reflect the calming balance of Moroccan Riad Architecture & Zellige, combining Terracotta Clay, Amalfi Ultramarine, Warm Ochre, Forest Moss, Sunlit Limewash tones to anchor modern interiors with refined elegance.</p>",Atelier & Canvas,Wall Art,"moroccan riad architecture & zellige wall art, framed canvas print, modern living room art, large statement art, neutral home decor, gallery wall art, bedroom wall decor, minimalist poster, terracotta art print, fine art giclee, sustainable wall art",Size,24x36 in (60x90 cm),Frame Style,Gallery Stretched Fine Art Canvas,canvas_slim_24x36-in_wood-frame,98.0,TRUE
moroccan-riad-architecture-zellige-sun-bleached-marrakech-arcade-no-10-fb94f0,Moroccan Riad Architecture & Zellige - Sun-bleached Marrakech arcade No. 10,"<p>Transform your living space with Moroccan Riad Architecture & Zellige - Sun-bleached Marrakech arcade No. 10. Printed on museum-grade heavyweight matte paper and encased in premium solid wood frames.</p><p>Created to reflect the calming balance of Moroccan Riad Architecture & Zellige, combining Terracotta Clay, Amalfi Ultramarine, Warm Ochre, Forest Moss, Sunlit Limewash tones to anchor modern interiors with refined elegance.</p>",Atelier & Canvas,Wall Art,"moroccan riad architecture & zellige wall art, framed canvas print, modern living room art, large statement art, neutral home decor, gallery wall art, bedroom wall decor, minimalist poster, terracotta art print, fine art giclee, sustainable wall art",Size,24x36 in (60x90 cm),Frame Style,Museum-Grade Matte Fine Art Print (Unframed),poster_matte_24x36-in_250-gsm,46.0,TRUE
moroccan-riad-architecture-zellige-sun-bleached-marrakech-arcade-no-10-fb94f0,Moroccan Riad Architecture & Zellige - Sun-bleached Marrakech arcade No. 10,"<p>Transform your living space with Moroccan Riad Architecture & Zellige - Sun-bleached Marrakech arcade No. 10. Printed on museum-grade heavyweight matte paper and encased in premium solid wood frames.</p><p>Created to reflect the calming balance of Moroccan Riad Architecture & Zellige, combining Terracotta Clay, Amalfi Ultramarine, Warm Ochre, Forest Moss, Sunlit Limewash tones to anchor modern interiors with refined elegance.</p>",Atelier & Canvas,Wall Art,"moroccan riad architecture & zellige wall art, framed canvas print, modern living room art, large statement art, neutral home decor, gallery wall art, bedroom wall decor, minimalist poster, terracotta art print, fine art giclee, sustainable wall art",Size,30x40 in (75x100 cm),Frame Style,Solid Natural Oak Wood Frame,framed-poster_flat_wood_natural_30x40-in_200-gsm,148.0,TRUE
moroccan-riad-architecture-zellige-sun-bleached-marrakech-arcade-no-10-fb94f0,Moroccan Riad Architecture & Zellige - Sun-bleached Marrakech arcade No. 10,"<p>Transform your living space with Moroccan Riad Architecture & Zellige - Sun-bleached Marrakech arcade No. 10. Printed on museum-grade heavyweight matte paper and encased in premium solid wood frames.</p><p>Created to reflect the calming balance of Moroccan Riad Architecture & Zellige, combining Terracotta Clay, Amalfi Ultramarine, Warm Ochre, Forest Moss, Sunlit Limewash tones to anchor modern interiors with refined elegance.</p>",Atelier & Canvas,Wall Art,"moroccan riad architecture & zellige wall art, framed canvas print, modern living room art, large statement art, neutral home decor, gallery wall art, bedroom wall decor, minimalist poster, terracotta art print, fine art giclee, sustainable wall art",Size,30x40 in (75x100 cm),Frame Style,Matte Black Solid Wood Frame,framed-poster_flat_wood_black_30x40-in_200-gsm,143.0,TRUE
moroccan-riad-architecture-zellige-sun-bleached-marrakech-arcade-no-10-fb94f0,Moroccan Riad Architecture & Zellige - Sun-bleached Marrakech arcade No. 10,"<p>Transform your living space with Moroccan Riad Architecture & Zellige - Sun-bleached Marrakech arcade No. 10. Printed on museum-grade heavyweight matte paper and encased in premium solid wood frames.</p><p>Created to reflect the calming balance of Moroccan Riad Architecture & Zellige, combining Terracotta Clay, Amalfi Ultramarine, Warm Ochre, Forest Moss, Sunlit Limewash tones to anchor modern interiors with refined elegance.</p>",Atelier & Canvas,Wall Art,"moroccan riad architecture & zellige wall art, framed canvas print, modern living room art, large statement art, neutral home decor, gallery wall art, bedroom wall decor, minimalist poster, terracotta art print, fine art giclee, sustainable wall art",Size,30x40 in (75x100 cm),Frame Style,Gallery Stretched Fine Art Canvas,canvas_slim_30x40-in_wood-frame,137.0,TRUE
moroccan-riad-architecture-zellige-sun-bleached-marrakech-arcade-no-10-fb94f0,Moroccan Riad Architecture & Zellige - Sun-bleached Marrakech arcade No. 10,"<p>Transform your living space with Moroccan Riad Architecture & Zellige - Sun-bleached Marrakech arcade No. 10. Printed on museum-grade heavyweight matte paper and encased in premium solid wood frames.</p><p>Created to reflect the calming balance of Moroccan Riad Architecture & Zellige, combining Terracotta Clay, Amalfi Ultramarine, Warm Ochre, Forest Moss, Sunlit Limewash tones to anchor modern interiors with refined elegance.</p>",Atelier & Canvas,Wall Art,"moroccan riad architecture & zellige wall art, framed canvas print, modern living room art, large statement art, neutral home decor, gallery wall art, bedroom wall decor, minimalist poster, terracotta art print, fine art giclee, sustainable wall art",Size,30x40 in (75x100 cm),Frame Style,Museum-Grade Matte Fine Art Print (Unframed),poster_matte_30x40-in_250-gsm,59.0,TRUE
minimalist-textured-plaster-clay-minimalist-layered-plaster-wave-no-3-e88b5b,Minimalist Textured Plaster & Clay - Minimalist layered plaster wave No. 3,"<p>Transform your living space with Minimalist Textured Plaster & Clay - Minimalist layered plaster wave No. 3. Printed on museum-grade heavyweight matte paper and encased in premium solid wood frames.</p><p>Created to reflect the calming balance of Minimalist Textured Plaster & Clay, combining Raw Linen, Sandstone, Old Ivory, Charcoal Slate, Warm Ochre tones to anchor modern interiors with refined elegance.</p>",Atelier & Canvas,Wall Art,"minimalist textured plaster & clay wall art, framed canvas print, modern living room art, large statement art, neutral home decor, gallery wall art, bedroom wall decor, minimalist poster, terracotta art print, fine art giclee, sustainable wall art",Size,12x18 in (30x45 cm),Frame Style,Solid Natural Oak Wood Frame,framed-poster_flat_wood_natural_12x18-in_200-gsm,52.0,TRUE
minimalist-textured-plaster-clay-minimalist-layered-plaster-wave-no-3-e88b5b,Minimalist Textured Plaster & Clay - Minimalist layered plaster wave No. 3,"<p>Transform your living space with Minimalist Textured Plaster & Clay - Minimalist layered plaster wave No. 3. Printed on museum-grade heavyweight matte paper and encased in premium solid wood frames.</p><p>Created to reflect the calming balance of Minimalist Textured Plaster & Clay, combining Raw Linen, Sandstone, Old Ivory, Charcoal Slate, Warm Ochre tones to anchor modern interiors with refined elegance.</p>",Atelier & Canvas,Wall Art,"minimalist textured plaster & clay wall art, framed canvas print, modern living room art, large statement art, neutral home decor, gallery wall art, bedroom wall decor, minimalist poster, terracotta art print, fine art giclee, sustainable wall art",Size,12x18 in (30x45 cm),Frame Style,Matte Black Solid Wood Frame,framed-poster_flat_wood_black_12x18-in_200-gsm,50.0,TRUE
minimalist-textured-plaster-clay-minimalist-layered-plaster-wave-no-3-e88b5b,Minimalist Textured Plaster & Clay - Minimalist layered plaster wave No. 3,"<p>Transform your living space with Minimalist Textured Plaster & Clay - Minimalist layered plaster wave No. 3. Printed on museum-grade heavyweight matte paper and encased in premium solid wood frames.</p><p>Created to reflect the calming balance of Minimalist Textured Plaster & Clay, combining Raw Linen, Sandstone, Old Ivory, Charcoal Slate, Warm Ochre tones to anchor modern interiors with refined elegance.</p>",Atelier & Canvas,Wall Art,"minimalist textured plaster & clay wall art, framed canvas print, modern living room art, large statement art, neutral home decor, gallery wall art, bedroom wall decor, minimalist poster, terracotta art print, fine art giclee, sustainable wall art",Size,12x18 in (30x45 cm),Frame Style,Museum-Grade Matte Fine Art Print (Unframed),poster_matte_12x18-in_250-gsm,26.0,TRUE
minimalist-textured-plaster-clay-minimalist-layered-plaster-wave-no-3-e88b5b,Minimalist Textured Plaster & Clay - Minimalist layered plaster wave No. 3,"<p>Transform your living space with Minimalist Textured Plaster & Clay - Minimalist layered plaster wave No. 3. Printed on museum-grade heavyweight matte paper and encased in premium solid wood frames.</p><p>Created to reflect the calming balance of Minimalist Textured Plaster & Clay, combining Raw Linen, Sandstone, Old Ivory, Charcoal Slate, Warm Ochre tones to anchor modern interiors with refined elegance.</p>",Atelier & Canvas,Wall Art,"minimalist textured plaster & clay wall art, framed canvas print, modern living room art, large statement art, neutral home decor, gallery wall art, bedroom wall decor, minimalist poster, terracotta art print, fine art giclee, sustainable wall art",Size,18x24 in (45x60 cm),Frame Style,Solid Natural Oak Wood Frame,framed-poster_flat_wood_natural_18x24-in_200-gsm,76.0,TRUE
minimalist-textured-plaster-clay-minimalist-layered-plaster-wave-no-3-e88b5b,Minimalist Textured Plaster & Clay - Minimalist layered plaster wave No. 3,"<p>Transform your living space with Minimalist Textured Plaster & Clay - Minimalist layered plaster wave No. 3. Printed on museum-grade heavyweight matte paper and encased in premium solid wood frames.</p><p>Created to reflect the calming balance of Minimalist Textured Plaster & Clay, combining Raw Linen, Sandstone, Old Ivory, Charcoal Slate, Warm Ochre tones to anchor modern interiors with refined elegance.</p>",Atelier & Canvas,Wall Art,"minimalist textured plaster & clay wall art, framed canvas print, modern living room art, large statement art, neutral home decor, gallery wall art, bedroom wall decor, minimalist poster, terracotta art print, fine art giclee, sustainable wall art",Size,18x24 in (45x60 cm),Frame Style,Matte Black Solid Wood Frame,framed-poster_flat_wood_black_18x24-in_200-gsm,73.0,TRUE
minimalist-textured-plaster-clay-minimalist-layered-plaster-wave-no-3-e88b5b,Minimalist Textured Plaster & Clay - Minimalist layered plaster wave No. 3,"<p>Transform your living space with Minimalist Textured Plaster & Clay - Minimalist layered plaster wave No. 3. Printed on museum-grade heavyweight matte paper and encased in premium solid wood frames.</p><p>Created to reflect the calming balance of Minimalist Textured Plaster & Clay, combining Raw Linen, Sandstone, Old Ivory, Charcoal Slate, Warm Ochre tones to anchor modern interiors with refined elegance.</p>",Atelier & Canvas,Wall Art,"minimalist textured plaster & clay wall art, framed canvas print, modern living room art, large statement art, neutral home decor, gallery wall art, bedroom wall decor, minimalist poster, terracotta art print, fine art giclee, sustainable wall art",Size,18x24 in (45x60 cm),Frame Style,Nordic White Wood Frame,framed-poster_flat_wood_white_18x24-in_200-gsm,73.0,TRUE
minimalist-textured-plaster-clay-minimalist-layered-plaster-wave-no-3-e88b5b,Minimalist Textured Plaster & Clay - Minimalist layered plaster wave No. 3,"<p>Transform your living space with Minimalist Textured Plaster & Clay - Minimalist layered plaster wave No. 3. Printed on museum-grade heavyweight matte paper and encased in premium solid wood frames.</p><p>Created to reflect the calming balance of Minimalist Textured Plaster & Clay, combining Raw Linen, Sandstone, Old Ivory, Charcoal Slate, Warm Ochre tones to anchor modern interiors with refined elegance.</p>",Atelier & Canvas,Wall Art,"minimalist textured plaster & clay wall art, framed canvas print, modern living room art, large statement art, neutral home decor, gallery wall art, bedroom wall decor, minimalist poster, terracotta art print, fine art giclee, sustainable wall art",Size,18x24 in (45x60 cm),Frame Style,Gallery Stretched Fine Art Canvas,canvas_slim_18x24-in_wood-frame,68.0,TRUE
minimalist-textured-plaster-clay-minimalist-layered-plaster-wave-no-3-e88b5b,Minimalist Textured Plaster & Clay - Minimalist layered plaster wave No. 3,"<p>Transform your living space with Minimalist Textured Plaster & Clay - Minimalist layered plaster wave No. 3. Printed on museum-grade heavyweight matte paper and encased in premium solid wood frames.</p><p>Created to reflect the calming balance of Minimalist Textured Plaster & Clay, combining Raw Linen, Sandstone, Old Ivory, Charcoal Slate, Warm Ochre tones to anchor modern interiors with refined elegance.</p>",Atelier & Canvas,Wall Art,"minimalist textured plaster & clay wall art, framed canvas print, modern living room art, large statement art, neutral home decor, gallery wall art, bedroom wall decor, minimalist poster, terracotta art print, fine art giclee, sustainable wall art",Size,18x24 in (45x60 cm),Frame Style,Museum-Grade Matte Fine Art Print (Unframed),poster_matte_18x24-in_250-gsm,33.0,TRUE
minimalist-textured-plaster-clay-minimalist-layered-plaster-wave-no-3-e88b5b,Minimalist Textured Plaster & Clay - Minimalist layered plaster wave No. 3,"<p>Transform your living space with Minimalist Textured Plaster & Clay - Minimalist layered plaster wave No. 3. Printed on museum-grade heavyweight matte paper and encased in premium solid wood frames.</p><p>Created to reflect the calming balance of Minimalist Textured Plaster & Clay, combining Raw Linen, Sandstone, Old Ivory, Charcoal Slate, Warm Ochre tones to anchor modern interiors with refined elegance.</p>",Atelier & Canvas,Wall Art,"minimalist textured plaster & clay wall art, framed canvas print, modern living room art, large statement art, neutral home decor, gallery wall art, bedroom wall decor, minimalist poster, terracotta art print, fine art giclee, sustainable wall art",Size,24x36 in (60x90 cm),Frame Style,Solid Natural Oak Wood Frame,framed-poster_flat_wood_natural_24x36-in_200-gsm,110.0,TRUE
minimalist-textured-plaster-clay-minimalist-layered-plaster-wave-no-3-e88b5b,Minimalist Textured Plaster & Clay - Minimalist layered plaster wave No. 3,"<p>Transform your living space with Minimalist Textured Plaster & Clay - Minimalist layered plaster wave No. 3. Printed on museum-grade heavyweight matte paper and encased in premium solid wood frames.</p><p>Created to reflect the calming balance of Minimalist Textured Plaster & Clay, combining Raw Linen, Sandstone, Old Ivory, Charcoal Slate, Warm Ochre tones to anchor modern interiors with refined elegance.</p>",Atelier & Canvas,Wall Art,"minimalist textured plaster & clay wall art, framed canvas print, modern living room art, large statement art, neutral home decor, gallery wall art, bedroom wall decor, minimalist poster, terracotta art print, fine art giclee, sustainable wall art",Size,24x36 in (60x90 cm),Frame Style,Matte Black Solid Wood Frame,framed-poster_flat_wood_black_24x36-in_200-gsm,105.0,TRUE
minimalist-textured-plaster-clay-minimalist-layered-plaster-wave-no-3-e88b5b,Minimalist Textured Plaster & Clay - Minimalist layered plaster wave No. 3,"<p>Transform your living space with Minimalist Textured Plaster & Clay - Minimalist layered plaster wave No. 3. Printed on museum-grade heavyweight matte paper and encased in premium solid wood frames.</p><p>Created to reflect the calming balance of Minimalist Textured Plaster & Clay, combining Raw Linen, Sandstone, Old Ivory, Charcoal Slate, Warm Ochre tones to anchor modern interiors with refined elegance.</p>",Atelier & Canvas,Wall Art,"minimalist textured plaster & clay wall art, framed canvas print, modern living room art, large statement art, neutral home decor, gallery wall art, bedroom wall decor, minimalist poster, terracotta art print, fine art giclee, sustainable wall art",Size,24x36 in (60x90 cm),Frame Style,Nordic White Wood Frame,framed-poster_flat_wood_white_24x36-in_200-gsm,105.0,TRUE
minimalist-textured-plaster-clay-minimalist-layered-plaster-wave-no-3-e88b5b,Minimalist Textured Plaster & Clay - Minimalist layered plaster wave No. 3,"<p>Transform your living space with Minimalist Textured Plaster & Clay - Minimalist layered plaster wave No. 3. Printed on museum-grade heavyweight matte paper and encased in premium solid wood frames.</p><p>Created to reflect the calming balance of Minimalist Textured Plaster & Clay, combining Raw Linen, Sandstone, Old Ivory, Charcoal Slate, Warm Ochre tones to anchor modern interiors with refined elegance.</p>",Atelier & Canvas,Wall Art,"minimalist textured plaster & clay wall art, framed canvas print, modern living room art, large statement art, neutral home decor, gallery wall art, bedroom wall decor, minimalist poster, terracotta art print, fine art giclee, sustainable wall art",Size,24x36 in (60x90 cm),Frame Style,Gallery Stretched Fine Art Canvas,canvas_slim_24x36-in_wood-frame,98.0,TRUE
minimalist-textured-plaster-clay-minimalist-layered-plaster-wave-no-3-e88b5b,Minimalist Textured Plaster & Clay - Minimalist layered plaster wave No. 3,"<p>Transform your living space with Minimalist Textured Plaster & Clay - Minimalist layered plaster wave No. 3. Printed on museum-grade heavyweight matte paper and encased in premium solid wood frames.</p><p>Created to reflect the calming balance of Minimalist Textured Plaster & Clay, combining Raw Linen, Sandstone, Old Ivory, Charcoal Slate, Warm Ochre tones to anchor modern interiors with refined elegance.</p>",Atelier & Canvas,Wall Art,"minimalist textured plaster & clay wall art, framed canvas print, modern living room art, large statement art, neutral home decor, gallery wall art, bedroom wall decor, minimalist poster, terracotta art print, fine art giclee, sustainable wall art",Size,24x36 in (60x90 cm),Frame Style,Museum-Grade Matte Fine Art Print (Unframed),poster_matte_24x36-in_250-gsm,46.0,TRUE
minimalist-textured-plaster-clay-minimalist-layered-plaster-wave-no-3-e88b5b,Minimalist Textured Plaster & Clay - Minimalist layered plaster wave No. 3,"<p>Transform your living space with Minimalist Textured Plaster & Clay - Minimalist layered plaster wave No. 3. Printed on museum-grade heavyweight matte paper and encased in premium solid wood frames.</p><p>Created to reflect the calming balance of Minimalist Textured Plaster & Clay, combining Raw Linen, Sandstone, Old Ivory, Charcoal Slate, Warm Ochre tones to anchor modern interiors with refined elegance.</p>",Atelier & Canvas,Wall Art,"minimalist textured plaster & clay wall art, framed canvas print, modern living room art, large statement art, neutral home decor, gallery wall art, bedroom wall decor, minimalist poster, terracotta art print, fine art giclee, sustainable wall art",Size,30x40 in (75x100 cm),Frame Style,Solid Natural Oak Wood Frame,framed-poster_flat_wood_natural_30x40-in_200-gsm,148.0,TRUE
minimalist-textured-plaster-clay-minimalist-layered-plaster-wave-no-3-e88b5b,Minimalist Textured Plaster & Clay - Minimalist layered plaster wave No. 3,"<p>Transform your living space with Minimalist Textured Plaster & Clay - Minimalist layered plaster wave No. 3. Printed on museum-grade heavyweight matte paper and encased in premium solid wood frames.</p><p>Created to reflect the calming balance of Minimalist Textured Plaster & Clay, combining Raw Linen, Sandstone, Old Ivory, Charcoal Slate, Warm Ochre tones to anchor modern interiors with refined elegance.</p>",Atelier & Canvas,Wall Art,"minimalist textured plaster & clay wall art, framed canvas print, modern living room art, large statement art, neutral home decor, gallery wall art, bedroom wall decor, minimalist poster, terracotta art print, fine art giclee, sustainable wall art",Size,30x40 in (75x100 cm),Frame Style,Matte Black Solid Wood Frame,framed-poster_flat_wood_black_30x40-in_200-gsm,143.0,TRUE
minimalist-textured-plaster-clay-minimalist-layered-plaster-wave-no-3-e88b5b,Minimalist Textured Plaster & Clay - Minimalist layered plaster wave No. 3,"<p>Transform your living space with Minimalist Textured Plaster & Clay - Minimalist layered plaster wave No. 3. Printed on museum-grade heavyweight matte paper and encased in premium solid wood frames.</p><p>Created to reflect the calming balance of Minimalist Textured Plaster & Clay, combining Raw Linen, Sandstone, Old Ivory, Charcoal Slate, Warm Ochre tones to anchor modern interiors with refined elegance.</p>",Atelier & Canvas,Wall Art,"minimalist textured plaster & clay wall art, framed canvas print, modern living room art, large statement art, neutral home decor, gallery wall art, bedroom wall decor, minimalist poster, terracotta art print, fine art giclee, sustainable wall art",Size,30x40 in (75x100 cm),Frame Style,Gallery Stretched Fine Art Canvas,canvas_slim_30x40-in_wood-frame,137.0,TRUE
minimalist-textured-plaster-clay-minimalist-layered-plaster-wave-no-3-e88b5b,Minimalist Textured Plaster & Clay - Minimalist layered plaster wave No. 3,"<p>Transform your living space with Minimalist Textured Plaster & Clay - Minimalist layered plaster wave No. 3. Printed on museum-grade heavyweight matte paper and encased in premium solid wood frames.</p><p>Created to reflect the calming balance of Minimalist Textured Plaster & Clay, combining Raw Linen, Sandstone, Old Ivory, Charcoal Slate, Warm Ochre tones to anchor modern interiors with refined elegance.</p>",Atelier & Canvas,Wall Art,"minimalist textured plaster & clay wall art, framed canvas print, modern living room art, large statement art, neutral home decor, gallery wall art, bedroom wall decor, minimalist poster, terracotta art print, fine art giclee, sustainable wall art",Size,30x40 in (75x100 cm),Frame Style,Museum-Grade Matte Fine Art Print (Unframed),poster_matte_30x40-in_250-gsm,59.0,TRUE
antique-celestial-astrolabe-charts-vintage-northern-hemisphere-star-chart-no-11-e9048b,Antique Celestial & Astrolabe Charts - Vintage northern hemisphere star chart No. 11,"<p>Transform your living space with Antique Celestial & Astrolabe Charts - Vintage northern hemisphere star chart No. 11. Printed on museum-grade heavyweight matte paper and encased in premium solid wood frames.</p><p>Created to reflect the calming balance of Antique Celestial & Astrolabe Charts, combining Deep Obsidian, Burnished Gold, Old Ivory, Charcoal Slate, Antique Sepia tones to anchor modern interiors with refined elegance.</p>",Atelier & Canvas,Wall Art,"antique celestial & astrolabe charts wall art, framed canvas print, modern living room art, large statement art, neutral home decor, gallery wall art, bedroom wall decor, minimalist poster, terracotta art print, fine art giclee, sustainable wall art",Size,12x18 in (30x45 cm),Frame Style,Solid Natural Oak Wood Frame,framed-poster_flat_wood_natural_12x18-in_200-gsm,52.0,TRUE
antique-celestial-astrolabe-charts-vintage-northern-hemisphere-star-chart-no-11-e9048b,Antique Celestial & Astrolabe Charts - Vintage northern hemisphere star chart No. 11,"<p>Transform your living space with Antique Celestial & Astrolabe Charts - Vintage northern hemisphere star chart No. 11. Printed on museum-grade heavyweight matte paper and encased in premium solid wood frames.</p><p>Created to reflect the calming balance of Antique Celestial & Astrolabe Charts, combining Deep Obsidian, Burnished Gold, Old Ivory, Charcoal Slate, Antique Sepia tones to anchor modern interiors with refined elegance.</p>",Atelier & Canvas,Wall Art,"antique celestial & astrolabe charts wall art, framed canvas print, modern living room art, large statement art, neutral home decor, gallery wall art, bedroom wall decor, minimalist poster, terracotta art print, fine art giclee, sustainable wall art",Size,12x18 in (30x45 cm),Frame Style,Matte Black Solid Wood Frame,framed-poster_flat_wood_black_12x18-in_200-gsm,50.0,TRUE
antique-celestial-astrolabe-charts-vintage-northern-hemisphere-star-chart-no-11-e9048b,Antique Celestial & Astrolabe Charts - Vintage northern hemisphere star chart No. 11,"<p>Transform your living space with Antique Celestial & Astrolabe Charts - Vintage northern hemisphere star chart No. 11. Printed on museum-grade heavyweight matte paper and encased in premium solid wood frames.</p><p>Created to reflect the calming balance of Antique Celestial & Astrolabe Charts, combining Deep Obsidian, Burnished Gold, Old Ivory, Charcoal Slate, Antique Sepia tones to anchor modern interiors with refined elegance.</p>",Atelier & Canvas,Wall Art,"antique celestial & astrolabe charts wall art, framed canvas print, modern living room art, large statement art, neutral home decor, gallery wall art, bedroom wall decor, minimalist poster, terracotta art print, fine art giclee, sustainable wall art",Size,12x18 in (30x45 cm),Frame Style,Museum-Grade Matte Fine Art Print (Unframed),poster_matte_12x18-in_250-gsm,26.0,TRUE
antique-celestial-astrolabe-charts-vintage-northern-hemisphere-star-chart-no-11-e9048b,Antique Celestial & Astrolabe Charts - Vintage northern hemisphere star chart No. 11,"<p>Transform your living space with Antique Celestial & Astrolabe Charts - Vintage northern hemisphere star chart No. 11. Printed on museum-grade heavyweight matte paper and encased in premium solid wood frames.</p><p>Created to reflect the calming balance of Antique Celestial & Astrolabe Charts, combining Deep Obsidian, Burnished Gold, Old Ivory, Charcoal Slate, Antique Sepia tones to anchor modern interiors with refined elegance.</p>",Atelier & Canvas,Wall Art,"antique celestial & astrolabe charts wall art, framed canvas print, modern living room art, large statement art, neutral home decor, gallery wall art, bedroom wall decor, minimalist poster, terracotta art print, fine art giclee, sustainable wall art",Size,18x24 in (45x60 cm),Frame Style,Solid Natural Oak Wood Frame,framed-poster_flat_wood_natural_18x24-in_200-gsm,76.0,TRUE
antique-celestial-astrolabe-charts-vintage-northern-hemisphere-star-chart-no-11-e9048b,Antique Celestial & Astrolabe Charts - Vintage northern hemisphere star chart No. 11,"<p>Transform your living space with Antique Celestial & Astrolabe Charts - Vintage northern hemisphere star chart No. 11. Printed on museum-grade heavyweight matte paper and encased in premium solid wood frames.</p><p>Created to reflect the calming balance of Antique Celestial & Astrolabe Charts, combining Deep Obsidian, Burnished Gold, Old Ivory, Charcoal Slate, Antique Sepia tones to anchor modern interiors with refined elegance.</p>",Atelier & Canvas,Wall Art,"antique celestial & astrolabe charts wall art, framed canvas print, modern living room art, large statement art, neutral home decor, gallery wall art, bedroom wall decor, minimalist poster, terracotta art print, fine art giclee, sustainable wall art",Size,18x24 in (45x60 cm),Frame Style,Matte Black Solid Wood Frame,framed-poster_flat_wood_black_18x24-in_200-gsm,73.0,TRUE
antique-celestial-astrolabe-charts-vintage-northern-hemisphere-star-chart-no-11-e9048b,Antique Celestial & Astrolabe Charts - Vintage northern hemisphere star chart No. 11,"<p>Transform your living space with Antique Celestial & Astrolabe Charts - Vintage northern hemisphere star chart No. 11. Printed on museum-grade heavyweight matte paper and encased in premium solid wood frames.</p><p>Created to reflect the calming balance of Antique Celestial & Astrolabe Charts, combining Deep Obsidian, Burnished Gold, Old Ivory, Charcoal Slate, Antique Sepia tones to anchor modern interiors with refined elegance.</p>",Atelier & Canvas,Wall Art,"antique celestial & astrolabe charts wall art, framed canvas print, modern living room art, large statement art, neutral home decor, gallery wall art, bedroom wall decor, minimalist poster, terracotta art print, fine art giclee, sustainable wall art",Size,18x24 in (45x60 cm),Frame Style,Nordic White Wood Frame,framed-poster_flat_wood_white_18x24-in_200-gsm,73.0,TRUE
antique-celestial-astrolabe-charts-vintage-northern-hemisphere-star-chart-no-11-e9048b,Antique Celestial & Astrolabe Charts - Vintage northern hemisphere star chart No. 11,"<p>Transform your living space with Antique Celestial & Astrolabe Charts - Vintage northern hemisphere star chart No. 11. Printed on museum-grade heavyweight matte paper and encased in premium solid wood frames.</p><p>Created to reflect the calming balance of Antique Celestial & Astrolabe Charts, combining Deep Obsidian, Burnished Gold, Old Ivory, Charcoal Slate, Antique Sepia tones to anchor modern interiors with refined elegance.</p>",Atelier & Canvas,Wall Art,"antique celestial & astrolabe charts wall art, framed canvas print, modern living room art, large statement art, neutral home decor, gallery wall art, bedroom wall decor, minimalist poster, terracotta art print, fine art giclee, sustainable wall art",Size,18x24 in (45x60 cm),Frame Style,Gallery Stretched Fine Art Canvas,canvas_slim_18x24-in_wood-frame,68.0,TRUE
antique-celestial-astrolabe-charts-vintage-northern-hemisphere-star-chart-no-11-e9048b,Antique Celestial & Astrolabe Charts - Vintage northern hemisphere star chart No. 11,"<p>Transform your living space with Antique Celestial & Astrolabe Charts - Vintage northern hemisphere star chart No. 11. Printed on museum-grade heavyweight matte paper and encased in premium solid wood frames.</p><p>Created to reflect the calming balance of Antique Celestial & Astrolabe Charts, combining Deep Obsidian, Burnished Gold, Old Ivory, Charcoal Slate, Antique Sepia tones to anchor modern interiors with refined elegance.</p>",Atelier & Canvas,Wall Art,"antique celestial & astrolabe charts wall art, framed canvas print, modern living room art, large statement art, neutral home decor, gallery wall art, bedroom wall decor, minimalist poster, terracotta art print, fine art giclee, sustainable wall art",Size,18x24 in (45x60 cm),Frame Style,Museum-Grade Matte Fine Art Print (Unframed),poster_matte_18x24-in_250-gsm,33.0,TRUE
antique-celestial-astrolabe-charts-vintage-northern-hemisphere-star-chart-no-11-e9048b,Antique Celestial & Astrolabe Charts - Vintage northern hemisphere star chart No. 11,"<p>Transform your living space with Antique Celestial & Astrolabe Charts - Vintage northern hemisphere star chart No. 11. Printed on museum-grade heavyweight matte paper and encased in premium solid wood frames.</p><p>Created to reflect the calming balance of Antique Celestial & Astrolabe Charts, combining Deep Obsidian, Burnished Gold, Old Ivory, Charcoal Slate, Antique Sepia tones to anchor modern interiors with refined elegance.</p>",Atelier & Canvas,Wall Art,"antique celestial & astrolabe charts wall art, framed canvas print, modern living room art, large statement art, neutral home decor, gallery wall art, bedroom wall decor, minimalist poster, terracotta art print, fine art giclee, sustainable wall art",Size,24x36 in (60x90 cm),Frame Style,Solid Natural Oak Wood Frame,framed-poster_flat_wood_natural_24x36-in_200-gsm,110.0,TRUE
antique-celestial-astrolabe-charts-vintage-northern-hemisphere-star-chart-no-11-e9048b,Antique Celestial & Astrolabe Charts - Vintage northern hemisphere star chart No. 11,"<p>Transform your living space with Antique Celestial & Astrolabe Charts - Vintage northern hemisphere star chart No. 11. Printed on museum-grade heavyweight matte paper and encased in premium solid wood frames.</p><p>Created to reflect the calming balance of Antique Celestial & Astrolabe Charts, combining Deep Obsidian, Burnished Gold, Old Ivory, Charcoal Slate, Antique Sepia tones to anchor modern interiors with refined elegance.</p>",Atelier & Canvas,Wall Art,"antique celestial & astrolabe charts wall art, framed canvas print, modern living room art, large statement art, neutral home decor, gallery wall art, bedroom wall decor, minimalist poster, terracotta art print, fine art giclee, sustainable wall art",Size,24x36 in (60x90 cm),Frame Style,Matte Black Solid Wood Frame,framed-poster_flat_wood_black_24x36-in_200-gsm,105.0,TRUE
antique-celestial-astrolabe-charts-vintage-northern-hemisphere-star-chart-no-11-e9048b,Antique Celestial & Astrolabe Charts - Vintage northern hemisphere star chart No. 11,"<p>Transform your living space with Antique Celestial & Astrolabe Charts - Vintage northern hemisphere star chart No. 11. Printed on museum-grade heavyweight matte paper and encased in premium solid wood frames.</p><p>Created to reflect the calming balance of Antique Celestial & Astrolabe Charts, combining Deep Obsidian, Burnished Gold, Old Ivory, Charcoal Slate, Antique Sepia tones to anchor modern interiors with refined elegance.</p>",Atelier & Canvas,Wall Art,"antique celestial & astrolabe charts wall art, framed canvas print, modern living room art, large statement art, neutral home decor, gallery wall art, bedroom wall decor, minimalist poster, terracotta art print, fine art giclee, sustainable wall art",Size,24x36 in (60x90 cm),Frame Style,Nordic White Wood Frame,framed-poster_flat_wood_white_24x36-in_200-gsm,105.0,TRUE
antique-celestial-astrolabe-charts-vintage-northern-hemisphere-star-chart-no-11-e9048b,Antique Celestial & Astrolabe Charts - Vintage northern hemisphere star chart No. 11,"<p>Transform your living space with Antique Celestial & Astrolabe Charts - Vintage northern hemisphere star chart No. 11. Printed on museum-grade heavyweight matte paper and encased in premium solid wood frames.</p><p>Created to reflect the calming balance of Antique Celestial & Astrolabe Charts, combining Deep Obsidian, Burnished Gold, Old Ivory, Charcoal Slate, Antique Sepia tones to anchor modern interiors with refined elegance.</p>",Atelier & Canvas,Wall Art,"antique celestial & astrolabe charts wall art, framed canvas print, modern living room art, large statement art, neutral home decor, gallery wall art, bedroom wall decor, minimalist poster, terracotta art print, fine art giclee, sustainable wall art",Size,24x36 in (60x90 cm),Frame Style,Gallery Stretched Fine Art Canvas,canvas_slim_24x36-in_wood-frame,98.0,TRUE
antique-celestial-astrolabe-charts-vintage-northern-hemisphere-star-chart-no-11-e9048b,Antique Celestial & Astrolabe Charts - Vintage northern hemisphere star chart No. 11,"<p>Transform your living space with Antique Celestial & Astrolabe Charts - Vintage northern hemisphere star chart No. 11. Printed on museum-grade heavyweight matte paper and encased in premium solid wood frames.</p><p>Created to reflect the calming balance of Antique Celestial & Astrolabe Charts, combining Deep Obsidian, Burnished Gold, Old Ivory, Charcoal Slate, Antique Sepia tones to anchor modern interiors with refined elegance.</p>",Atelier & Canvas,Wall Art,"antique celestial & astrolabe charts wall art, framed canvas print, modern living room art, large statement art, neutral home decor, gallery wall art, bedroom wall decor, minimalist poster, terracotta art print, fine art giclee, sustainable wall art",Size,24x36 in (60x90 cm),Frame Style,Museum-Grade Matte Fine Art Print (Unframed),poster_matte_24x36-in_250-gsm,46.0,TRUE
antique-celestial-astrolabe-charts-vintage-northern-hemisphere-star-chart-no-11-e9048b,Antique Celestial & Astrolabe Charts - Vintage northern hemisphere star chart No. 11,"<p>Transform your living space with Antique Celestial & Astrolabe Charts - Vintage northern hemisphere star chart No. 11. Printed on museum-grade heavyweight matte paper and encased in premium solid wood frames.</p><p>Created to reflect the calming balance of Antique Celestial & Astrolabe Charts, combining Deep Obsidian, Burnished Gold, Old Ivory, Charcoal Slate, Antique Sepia tones to anchor modern interiors with refined elegance.</p>",Atelier & Canvas,Wall Art,"antique celestial & astrolabe charts wall art, framed canvas print, modern living room art, large statement art, neutral home decor, gallery wall art, bedroom wall decor, minimalist poster, terracotta art print, fine art giclee, sustainable wall art",Size,30x40 in (75x100 cm),Frame Style,Solid Natural Oak Wood Frame,framed-poster_flat_wood_natural_30x40-in_200-gsm,148.0,TRUE
antique-celestial-astrolabe-charts-vintage-northern-hemisphere-star-chart-no-11-e9048b,Antique Celestial & Astrolabe Charts - Vintage northern hemisphere star chart No. 11,"<p>Transform your living space with Antique Celestial & Astrolabe Charts - Vintage northern hemisphere star chart No. 11. Printed on museum-grade heavyweight matte paper and encased in premium solid wood frames.</p><p>Created to reflect the calming balance of Antique Celestial & Astrolabe Charts, combining Deep Obsidian, Burnished Gold, Old Ivory, Charcoal Slate, Antique Sepia tones to anchor modern interiors with refined elegance.</p>",Atelier & Canvas,Wall Art,"antique celestial & astrolabe charts wall art, framed canvas print, modern living room art, large statement art, neutral home decor, gallery wall art, bedroom wall decor, minimalist poster, terracotta art print, fine art giclee, sustainable wall art",Size,30x40 in (75x100 cm),Frame Style,Matte Black Solid Wood Frame,framed-poster_flat_wood_black_30x40-in_200-gsm,143.0,TRUE
antique-celestial-astrolabe-charts-vintage-northern-hemisphere-star-chart-no-11-e9048b,Antique Celestial & Astrolabe Charts - Vintage northern hemisphere star chart No. 11,"<p>Transform your living space with Antique Celestial & Astrolabe Charts - Vintage northern hemisphere star chart No. 11. Printed on museum-grade heavyweight matte paper and encased in premium solid wood frames.</p><p>Created to reflect the calming balance of Antique Celestial & Astrolabe Charts, combining Deep Obsidian, Burnished Gold, Old Ivory, Charcoal Slate, Antique Sepia tones to anchor modern interiors with refined elegance.</p>",Atelier & Canvas,Wall Art,"antique celestial & astrolabe charts wall art, framed canvas print, modern living room art, large statement art, neutral home decor, gallery wall art, bedroom wall decor, minimalist poster, terracotta art print, fine art giclee, sustainable wall art",Size,30x40 in (75x100 cm),Frame Style,Gallery Stretched Fine Art Canvas,canvas_slim_30x40-in_wood-frame,137.0,TRUE
antique-celestial-astrolabe-charts-vintage-northern-hemisphere-star-chart-no-11-e9048b,Antique Celestial & Astrolabe Charts - Vintage northern hemisphere star chart No. 11,"<p>Transform your living space with Antique Celestial & Astrolabe Charts - Vintage northern hemisphere star chart No. 11. Printed on museum-grade heavyweight matte paper and encased in premium solid wood frames.</p><p>Created to reflect the calming balance of Antique Celestial & Astrolabe Charts, combining Deep Obsidian, Burnished Gold, Old Ivory, Charcoal Slate, Antique Sepia tones to anchor modern interiors with refined elegance.</p>",Atelier & Canvas,Wall Art,"antique celestial & astrolabe charts wall art, framed canvas print, modern living room art, large statement art, neutral home decor, gallery wall art, bedroom wall decor, minimalist poster, terracotta art print, fine art giclee, sustainable wall art",Size,30x40 in (75x100 cm),Frame Style,Museum-Grade Matte Fine Art Print (Unframed),poster_matte_30x40-in_250-gsm,59.0,TRUE
palm-springs-desert-modernism-desert-agave-against-terracotta-plaster-no-4-e60884,Palm Springs & Desert Modernism - Desert agave against terracotta plaster No. 4,"<p>Transform your living space with Palm Springs & Desert Modernism - Desert agave against terracotta plaster No. 4. Printed on museum-grade heavyweight matte paper and encased in premium solid wood frames.</p><p>Created to reflect the calming balance of Palm Springs & Desert Modernism, combining Warm Ochre, Terracotta, Muted Sage, Sunlit Limewash, Warm Parchment tones to anchor modern interiors with refined elegance.</p>",Atelier & Canvas,Wall Art,"palm springs & desert modernism wall art, framed canvas print, modern living room art, large statement art, neutral home decor, gallery wall art, bedroom wall decor, minimalist poster, terracotta art print, fine art giclee, sustainable wall art",Size,12x18 in (30x45 cm),Frame Style,Solid Natural Oak Wood Frame,framed-poster_flat_wood_natural_12x18-in_200-gsm,52.0,TRUE
palm-springs-desert-modernism-desert-agave-against-terracotta-plaster-no-4-e60884,Palm Springs & Desert Modernism - Desert agave against terracotta plaster No. 4,"<p>Transform your living space with Palm Springs & Desert Modernism - Desert agave against terracotta plaster No. 4. Printed on museum-grade heavyweight matte paper and encased in premium solid wood frames.</p><p>Created to reflect the calming balance of Palm Springs & Desert Modernism, combining Warm Ochre, Terracotta, Muted Sage, Sunlit Limewash, Warm Parchment tones to anchor modern interiors with refined elegance.</p>",Atelier & Canvas,Wall Art,"palm springs & desert modernism wall art, framed canvas print, modern living room art, large statement art, neutral home decor, gallery wall art, bedroom wall decor, minimalist poster, terracotta art print, fine art giclee, sustainable wall art",Size,12x18 in (30x45 cm),Frame Style,Matte Black Solid Wood Frame,framed-poster_flat_wood_black_12x18-in_200-gsm,50.0,TRUE
palm-springs-desert-modernism-desert-agave-against-terracotta-plaster-no-4-e60884,Palm Springs & Desert Modernism - Desert agave against terracotta plaster No. 4,"<p>Transform your living space with Palm Springs & Desert Modernism - Desert agave against terracotta plaster No. 4. Printed on museum-grade heavyweight matte paper and encased in premium solid wood frames.</p><p>Created to reflect the calming balance of Palm Springs & Desert Modernism, combining Warm Ochre, Terracotta, Muted Sage, Sunlit Limewash, Warm Parchment tones to anchor modern interiors with refined elegance.</p>",Atelier & Canvas,Wall Art,"palm springs & desert modernism wall art, framed canvas print, modern living room art, large statement art, neutral home decor, gallery wall art, bedroom wall decor, minimalist poster, terracotta art print, fine art giclee, sustainable wall art",Size,12x18 in (30x45 cm),Frame Style,Museum-Grade Matte Fine Art Print (Unframed),poster_matte_12x18-in_250-gsm,26.0,TRUE
palm-springs-desert-modernism-desert-agave-against-terracotta-plaster-no-4-e60884,Palm Springs & Desert Modernism - Desert agave against terracotta plaster No. 4,"<p>Transform your living space with Palm Springs & Desert Modernism - Desert agave against terracotta plaster No. 4. Printed on museum-grade heavyweight matte paper and encased in premium solid wood frames.</p><p>Created to reflect the calming balance of Palm Springs & Desert Modernism, combining Warm Ochre, Terracotta, Muted Sage, Sunlit Limewash, Warm Parchment tones to anchor modern interiors with refined elegance.</p>",Atelier & Canvas,Wall Art,"palm springs & desert modernism wall art, framed canvas print, modern living room art, large statement art, neutral home decor, gallery wall art, bedroom wall decor, minimalist poster, terracotta art print, fine art giclee, sustainable wall art",Size,18x24 in (45x60 cm),Frame Style,Solid Natural Oak Wood Frame,framed-poster_flat_wood_natural_18x24-in_200-gsm,76.0,TRUE
palm-springs-desert-modernism-desert-agave-against-terracotta-plaster-no-4-e60884,Palm Springs & Desert Modernism - Desert agave against terracotta plaster No. 4,"<p>Transform your living space with Palm Springs & Desert Modernism - Desert agave against terracotta plaster No. 4. Printed on museum-grade heavyweight matte paper and encased in premium solid wood frames.</p><p>Created to reflect the calming balance of Palm Springs & Desert Modernism, combining Warm Ochre, Terracotta, Muted Sage, Sunlit Limewash, Warm Parchment tones to anchor modern interiors with refined elegance.</p>",Atelier & Canvas,Wall Art,"palm springs & desert modernism wall art, framed canvas print, modern living room art, large statement art, neutral home decor, gallery wall art, bedroom wall decor, minimalist poster, terracotta art print, fine art giclee, sustainable wall art",Size,18x24 in (45x60 cm),Frame Style,Matte Black Solid Wood Frame,framed-poster_flat_wood_black_18x24-in_200-gsm,73.0,TRUE
palm-springs-desert-modernism-desert-agave-against-terracotta-plaster-no-4-e60884,Palm Springs & Desert Modernism - Desert agave against terracotta plaster No. 4,"<p>Transform your living space with Palm Springs & Desert Modernism - Desert agave against terracotta plaster No. 4. Printed on museum-grade heavyweight matte paper and encased in premium solid wood frames.</p><p>Created to reflect the calming balance of Palm Springs & Desert Modernism, combining Warm Ochre, Terracotta, Muted Sage, Sunlit Limewash, Warm Parchment tones to anchor modern interiors with refined elegance.</p>",Atelier & Canvas,Wall Art,"palm springs & desert modernism wall art, framed canvas print, modern living room art, large statement art, neutral home decor, gallery wall art, bedroom wall decor, minimalist poster, terracotta art print, fine art giclee, sustainable wall art",Size,18x24 in (45x60 cm),Frame Style,Nordic White Wood Frame,framed-poster_flat_wood_white_18x24-in_200-gsm,73.0,TRUE
palm-springs-desert-modernism-desert-agave-against-terracotta-plaster-no-4-e60884,Palm Springs & Desert Modernism - Desert agave against terracotta plaster No. 4,"<p>Transform your living space with Palm Springs & Desert Modernism - Desert agave against terracotta plaster No. 4. Printed on museum-grade heavyweight matte paper and encased in premium solid wood frames.</p><p>Created to reflect the calming balance of Palm Springs & Desert Modernism, combining Warm Ochre, Terracotta, Muted Sage, Sunlit Limewash, Warm Parchment tones to anchor modern interiors with refined elegance.</p>",Atelier & Canvas,Wall Art,"palm springs & desert modernism wall art, framed canvas print, modern living room art, large statement art, neutral home decor, gallery wall art, bedroom wall decor, minimalist poster, terracotta art print, fine art giclee, sustainable wall art",Size,18x24 in (45x60 cm),Frame Style,Gallery Stretched Fine Art Canvas,canvas_slim_18x24-in_wood-frame,68.0,TRUE
palm-springs-desert-modernism-desert-agave-against-terracotta-plaster-no-4-e60884,Palm Springs & Desert Modernism - Desert agave against terracotta plaster No. 4,"<p>Transform your living space with Palm Springs & Desert Modernism - Desert agave against terracotta plaster No. 4. Printed on museum-grade heavyweight matte paper and encased in premium solid wood frames.</p><p>Created to reflect the calming balance of Palm Springs & Desert Modernism, combining Warm Ochre, Terracotta, Muted Sage, Sunlit Limewash, Warm Parchment tones to anchor modern interiors with refined elegance.</p>",Atelier & Canvas,Wall Art,"palm springs & desert modernism wall art, framed canvas print, modern living room art, large statement art, neutral home decor, gallery wall art, bedroom wall decor, minimalist poster, terracotta art print, fine art giclee, sustainable wall art",Size,18x24 in (45x60 cm),Frame Style,Museum-Grade Matte Fine Art Print (Unframed),poster_matte_18x24-in_250-gsm,33.0,TRUE
palm-springs-desert-modernism-desert-agave-against-terracotta-plaster-no-4-e60884,Palm Springs & Desert Modernism - Desert agave against terracotta plaster No. 4,"<p>Transform your living space with Palm Springs & Desert Modernism - Desert agave against terracotta plaster No. 4. Printed on museum-grade heavyweight matte paper and encased in premium solid wood frames.</p><p>Created to reflect the calming balance of Palm Springs & Desert Modernism, combining Warm Ochre, Terracotta, Muted Sage, Sunlit Limewash, Warm Parchment tones to anchor modern interiors with refined elegance.</p>",Atelier & Canvas,Wall Art,"palm springs & desert modernism wall art, framed canvas print, modern living room art, large statement art, neutral home decor, gallery wall art, bedroom wall decor, minimalist poster, terracotta art print, fine art giclee, sustainable wall art",Size,24x36 in (60x90 cm),Frame Style,Solid Natural Oak Wood Frame,framed-poster_flat_wood_natural_24x36-in_200-gsm,110.0,TRUE
palm-springs-desert-modernism-desert-agave-against-terracotta-plaster-no-4-e60884,Palm Springs & Desert Modernism - Desert agave against terracotta plaster No. 4,"<p>Transform your living space with Palm Springs & Desert Modernism - Desert agave against terracotta plaster No. 4. Printed on museum-grade heavyweight matte paper and encased in premium solid wood frames.</p><p>Created to reflect the calming balance of Palm Springs & Desert Modernism, combining Warm Ochre, Terracotta, Muted Sage, Sunlit Limewash, Warm Parchment tones to anchor modern interiors with refined elegance.</p>",Atelier & Canvas,Wall Art,"palm springs & desert modernism wall art, framed canvas print, modern living room art, large statement art, neutral home decor, gallery wall art, bedroom wall decor, minimalist poster, terracotta art print, fine art giclee, sustainable wall art",Size,24x36 in (60x90 cm),Frame Style,Matte Black Solid Wood Frame,framed-poster_flat_wood_black_24x36-in_200-gsm,105.0,TRUE
palm-springs-desert-modernism-desert-agave-against-terracotta-plaster-no-4-e60884,Palm Springs & Desert Modernism - Desert agave against terracotta plaster No. 4,"<p>Transform your living space with Palm Springs & Desert Modernism - Desert agave against terracotta plaster No. 4. Printed on museum-grade heavyweight matte paper and encased in premium solid wood frames.</p><p>Created to reflect the calming balance of Palm Springs & Desert Modernism, combining Warm Ochre, Terracotta, Muted Sage, Sunlit Limewash, Warm Parchment tones to anchor modern interiors with refined elegance.</p>",Atelier & Canvas,Wall Art,"palm springs & desert modernism wall art, framed canvas print, modern living room art, large statement art, neutral home decor, gallery wall art, bedroom wall decor, minimalist poster, terracotta art print, fine art giclee, sustainable wall art",Size,24x36 in (60x90 cm),Frame Style,Nordic White Wood Frame,framed-poster_flat_wood_white_24x36-in_200-gsm,105.0,TRUE
palm-springs-desert-modernism-desert-agave-against-terracotta-plaster-no-4-e60884,Palm Springs & Desert Modernism - Desert agave against terracotta plaster No. 4,"<p>Transform your living space with Palm Springs & Desert Modernism - Desert agave against terracotta plaster No. 4. Printed on museum-grade heavyweight matte paper and encased in premium solid wood frames.</p><p>Created to reflect the calming balance of Palm Springs & Desert Modernism, combining Warm Ochre, Terracotta, Muted Sage, Sunlit Limewash, Warm Parchment tones to anchor modern interiors with refined elegance.</p>",Atelier & Canvas,Wall Art,"palm springs & desert modernism wall art, framed canvas print, modern living room art, large statement art, neutral home decor, gallery wall art, bedroom wall decor, minimalist poster, terracotta art print, fine art giclee, sustainable wall art",Size,24x36 in (60x90 cm),Frame Style,Gallery Stretched Fine Art Canvas,canvas_slim_24x36-in_wood-frame,98.0,TRUE
palm-springs-desert-modernism-desert-agave-against-terracotta-plaster-no-4-e60884,Palm Springs & Desert Modernism - Desert agave against terracotta plaster No. 4,"<p>Transform your living space with Palm Springs & Desert Modernism - Desert agave against terracotta plaster No. 4. Printed on museum-grade heavyweight matte paper and encased in premium solid wood frames.</p><p>Created to reflect the calming balance of Palm Springs & Desert Modernism, combining Warm Ochre, Terracotta, Muted Sage, Sunlit Limewash, Warm Parchment tones to anchor modern interiors with refined elegance.</p>",Atelier & Canvas,Wall Art,"palm springs & desert modernism wall art, framed canvas print, modern living room art, large statement art, neutral home decor, gallery wall art, bedroom wall decor, minimalist poster, terracotta art print, fine art giclee, sustainable wall art",Size,24x36 in (60x90 cm),Frame Style,Museum-Grade Matte Fine Art Print (Unframed),poster_matte_24x36-in_250-gsm,46.0,TRUE
palm-springs-desert-modernism-desert-agave-against-terracotta-plaster-no-4-e60884,Palm Springs & Desert Modernism - Desert agave against terracotta plaster No. 4,"<p>Transform your living space with Palm Springs & Desert Modernism - Desert agave against terracotta plaster No. 4. Printed on museum-grade heavyweight matte paper and encased in premium solid wood frames.</p><p>Created to reflect the calming balance of Palm Springs & Desert Modernism, combining Warm Ochre, Terracotta, Muted Sage, Sunlit Limewash, Warm Parchment tones to anchor modern interiors with refined elegance.</p>",Atelier & Canvas,Wall Art,"palm springs & desert modernism wall art, framed canvas print, modern living room art, large statement art, neutral home decor, gallery wall art, bedroom wall decor, minimalist poster, terracotta art print, fine art giclee, sustainable wall art",Size,30x40 in (75x100 cm),Frame Style,Solid Natural Oak Wood Frame,framed-poster_flat_wood_natural_30x40-in_200-gsm,148.0,TRUE
palm-springs-desert-modernism-desert-agave-against-terracotta-plaster-no-4-e60884,Palm Springs & Desert Modernism - Desert agave against terracotta plaster No. 4,"<p>Transform your living space with Palm Springs & Desert Modernism - Desert agave against terracotta plaster No. 4. Printed on museum-grade heavyweight matte paper and encased in premium solid wood frames.</p><p>Created to reflect the calming balance of Palm Springs & Desert Modernism, combining Warm Ochre, Terracotta, Muted Sage, Sunlit Limewash, Warm Parchment tones to anchor modern interiors with refined elegance.</p>",Atelier & Canvas,Wall Art,"palm springs & desert modernism wall art, framed canvas print, modern living room art, large statement art, neutral home decor, gallery wall art, bedroom wall decor, minimalist poster, terracotta art print, fine art giclee, sustainable wall art",Size,30x40 in (75x100 cm),Frame Style,Matte Black Solid Wood Frame,framed-poster_flat_wood_black_30x40-in_200-gsm,143.0,TRUE
palm-springs-desert-modernism-desert-agave-against-terracotta-plaster-no-4-e60884,Palm Springs & Desert Modernism - Desert agave against terracotta plaster No. 4,"<p>Transform your living space with Palm Springs & Desert Modernism - Desert agave against terracotta plaster No. 4. Printed on museum-grade heavyweight matte paper and encased in premium solid wood frames.</p><p>Created to reflect the calming balance of Palm Springs & Desert Modernism, combining Warm Ochre, Terracotta, Muted Sage, Sunlit Limewash, Warm Parchment tones to anchor modern interiors with refined elegance.</p>",Atelier & Canvas,Wall Art,"palm springs & desert modernism wall art, framed canvas print, modern living room art, large statement art, neutral home decor, gallery wall art, bedroom wall decor, minimalist poster, terracotta art print, fine art giclee, sustainable wall art",Size,30x40 in (75x100 cm),Frame Style,Gallery Stretched Fine Art Canvas,canvas_slim_30x40-in_wood-frame,137.0,TRUE
palm-springs-desert-modernism-desert-agave-against-terracotta-plaster-no-4-e60884,Palm Springs & Desert Modernism - Desert agave against terracotta plaster No. 4,"<p>Transform your living space with Palm Springs & Desert Modernism - Desert agave against terracotta plaster No. 4. Printed on museum-grade heavyweight matte paper and encased in premium solid wood frames.</p><p>Created to reflect the calming balance of Palm Springs & Desert Modernism, combining Warm Ochre, Terracotta, Muted Sage, Sunlit Limewash, Warm Parchment tones to anchor modern interiors with refined elegance.</p>",Atelier & Canvas,Wall Art,"palm springs & desert modernism wall art, framed canvas print, modern living room art, large statement art, neutral home decor, gallery wall art, bedroom wall decor, minimalist poster, terracotta art print, fine art giclee, sustainable wall art",Size,30x40 in (75x100 cm),Frame Style,Museum-Grade Matte Fine Art Print (Unframed),poster_matte_30x40-in_250-gsm,59.0,TRUE
nordic-abstract-flora-foliage-monstera-leaf-negative-space-abstraction-no-6-de3428,Nordic Abstract Flora & Foliage - Monstera leaf negative space abstraction No. 6,"<p>Transform your living space with Nordic Abstract Flora & Foliage - Monstera leaf negative space abstraction No. 6. Printed on museum-grade heavyweight matte paper and encased in premium solid wood frames.</p><p>Created to reflect the calming balance of Nordic Abstract Flora & Foliage, combining Muted Sage, Warm Ochre, Raw Linen, Charcoal Slate, Sandstone tones to anchor modern interiors with refined elegance.</p>",Atelier & Canvas,Wall Art,"nordic abstract flora & foliage wall art, framed canvas print, modern living room art, large statement art, neutral home decor, gallery wall art, bedroom wall decor, minimalist poster, terracotta art print, fine art giclee, sustainable wall art",Size,12x18 in (30x45 cm),Frame Style,Solid Natural Oak Wood Frame,framed-poster_flat_wood_natural_12x18-in_200-gsm,52.0,TRUE
nordic-abstract-flora-foliage-monstera-leaf-negative-space-abstraction-no-6-de3428,Nordic Abstract Flora & Foliage - Monstera leaf negative space abstraction No. 6,"<p>Transform your living space with Nordic Abstract Flora & Foliage - Monstera leaf negative space abstraction No. 6. Printed on museum-grade heavyweight matte paper and encased in premium solid wood frames.</p><p>Created to reflect the calming balance of Nordic Abstract Flora & Foliage, combining Muted Sage, Warm Ochre, Raw Linen, Charcoal Slate, Sandstone tones to anchor modern interiors with refined elegance.</p>",Atelier & Canvas,Wall Art,"nordic abstract flora & foliage wall art, framed canvas print, modern living room art, large statement art, neutral home decor, gallery wall art, bedroom wall decor, minimalist poster, terracotta art print, fine art giclee, sustainable wall art",Size,12x18 in (30x45 cm),Frame Style,Matte Black Solid Wood Frame,framed-poster_flat_wood_black_12x18-in_200-gsm,50.0,TRUE
nordic-abstract-flora-foliage-monstera-leaf-negative-space-abstraction-no-6-de3428,Nordic Abstract Flora & Foliage - Monstera leaf negative space abstraction No. 6,"<p>Transform your living space with Nordic Abstract Flora & Foliage - Monstera leaf negative space abstraction No. 6. Printed on museum-grade heavyweight matte paper and encased in premium solid wood frames.</p><p>Created to reflect the calming balance of Nordic Abstract Flora & Foliage, combining Muted Sage, Warm Ochre, Raw Linen, Charcoal Slate, Sandstone tones to anchor modern interiors with refined elegance.</p>",Atelier & Canvas,Wall Art,"nordic abstract flora & foliage wall art, framed canvas print, modern living room art, large statement art, neutral home decor, gallery wall art, bedroom wall decor, minimalist poster, terracotta art print, fine art giclee, sustainable wall art",Size,12x18 in (30x45 cm),Frame Style,Museum-Grade Matte Fine Art Print (Unframed),poster_matte_12x18-in_250-gsm,26.0,TRUE
nordic-abstract-flora-foliage-monstera-leaf-negative-space-abstraction-no-6-de3428,Nordic Abstract Flora & Foliage - Monstera leaf negative space abstraction No. 6,"<p>Transform your living space with Nordic Abstract Flora & Foliage - Monstera leaf negative space abstraction No. 6. Printed on museum-grade heavyweight matte paper and encased in premium solid wood frames.</p><p>Created to reflect the calming balance of Nordic Abstract Flora & Foliage, combining Muted Sage, Warm Ochre, Raw Linen, Charcoal Slate, Sandstone tones to anchor modern interiors with refined elegance.</p>",Atelier & Canvas,Wall Art,"nordic abstract flora & foliage wall art, framed canvas print, modern living room art, large statement art, neutral home decor, gallery wall art, bedroom wall decor, minimalist poster, terracotta art print, fine art giclee, sustainable wall art",Size,18x24 in (45x60 cm),Frame Style,Solid Natural Oak Wood Frame,framed-poster_flat_wood_natural_18x24-in_200-gsm,76.0,TRUE
nordic-abstract-flora-foliage-monstera-leaf-negative-space-abstraction-no-6-de3428,Nordic Abstract Flora & Foliage - Monstera leaf negative space abstraction No. 6,"<p>Transform your living space with Nordic Abstract Flora & Foliage - Monstera leaf negative space abstraction No. 6. Printed on museum-grade heavyweight matte paper and encased in premium solid wood frames.</p><p>Created to reflect the calming balance of Nordic Abstract Flora & Foliage, combining Muted Sage, Warm Ochre, Raw Linen, Charcoal Slate, Sandstone tones to anchor modern interiors with refined elegance.</p>",Atelier & Canvas,Wall Art,"nordic abstract flora & foliage wall art, framed canvas print, modern living room art, large statement art, neutral home decor, gallery wall art, bedroom wall decor, minimalist poster, terracotta art print, fine art giclee, sustainable wall art",Size,18x24 in (45x60 cm),Frame Style,Matte Black Solid Wood Frame,framed-poster_flat_wood_black_18x24-in_200-gsm,73.0,TRUE
nordic-abstract-flora-foliage-monstera-leaf-negative-space-abstraction-no-6-de3428,Nordic Abstract Flora & Foliage - Monstera leaf negative space abstraction No. 6,"<p>Transform your living space with Nordic Abstract Flora & Foliage - Monstera leaf negative space abstraction No. 6. Printed on museum-grade heavyweight matte paper and encased in premium solid wood frames.</p><p>Created to reflect the calming balance of Nordic Abstract Flora & Foliage, combining Muted Sage, Warm Ochre, Raw Linen, Charcoal Slate, Sandstone tones to anchor modern interiors with refined elegance.</p>",Atelier & Canvas,Wall Art,"nordic abstract flora & foliage wall art, framed canvas print, modern living room art, large statement art, neutral home decor, gallery wall art, bedroom wall decor, minimalist poster, terracotta art print, fine art giclee, sustainable wall art",Size,18x24 in (45x60 cm),Frame Style,Nordic White Wood Frame,framed-poster_flat_wood_white_18x24-in_200-gsm,73.0,TRUE
nordic-abstract-flora-foliage-monstera-leaf-negative-space-abstraction-no-6-de3428,Nordic Abstract Flora & Foliage - Monstera leaf negative space abstraction No. 6,"<p>Transform your living space with Nordic Abstract Flora & Foliage - Monstera leaf negative space abstraction No. 6. Printed on museum-grade heavyweight matte paper and encased in premium solid wood frames.</p><p>Created to reflect the calming balance of Nordic Abstract Flora & Foliage, combining Muted Sage, Warm Ochre, Raw Linen, Charcoal Slate, Sandstone tones to anchor modern interiors with refined elegance.</p>",Atelier & Canvas,Wall Art,"nordic abstract flora & foliage wall art, framed canvas print, modern living room art, large statement art, neutral home decor, gallery wall art, bedroom wall decor, minimalist poster, terracotta art print, fine art giclee, sustainable wall art",Size,18x24 in (45x60 cm),Frame Style,Gallery Stretched Fine Art Canvas,canvas_slim_18x24-in_wood-frame,68.0,TRUE
nordic-abstract-flora-foliage-monstera-leaf-negative-space-abstraction-no-6-de3428,Nordic Abstract Flora & Foliage - Monstera leaf negative space abstraction No. 6,"<p>Transform your living space with Nordic Abstract Flora & Foliage - Monstera leaf negative space abstraction No. 6. Printed on museum-grade heavyweight matte paper and encased in premium solid wood frames.</p><p>Created to reflect the calming balance of Nordic Abstract Flora & Foliage, combining Muted Sage, Warm Ochre, Raw Linen, Charcoal Slate, Sandstone tones to anchor modern interiors with refined elegance.</p>",Atelier & Canvas,Wall Art,"nordic abstract flora & foliage wall art, framed canvas print, modern living room art, large statement art, neutral home decor, gallery wall art, bedroom wall decor, minimalist poster, terracotta art print, fine art giclee, sustainable wall art",Size,18x24 in (45x60 cm),Frame Style,Museum-Grade Matte Fine Art Print (Unframed),poster_matte_18x24-in_250-gsm,33.0,TRUE
nordic-abstract-flora-foliage-monstera-leaf-negative-space-abstraction-no-6-de3428,Nordic Abstract Flora & Foliage - Monstera leaf negative space abstraction No. 6,"<p>Transform your living space with Nordic Abstract Flora & Foliage - Monstera leaf negative space abstraction No. 6. Printed on museum-grade heavyweight matte paper and encased in premium solid wood frames.</p><p>Created to reflect the calming balance of Nordic Abstract Flora & Foliage, combining Muted Sage, Warm Ochre, Raw Linen, Charcoal Slate, Sandstone tones to anchor modern interiors with refined elegance.</p>",Atelier & Canvas,Wall Art,"nordic abstract flora & foliage wall art, framed canvas print, modern living room art, large statement art, neutral home decor, gallery wall art, bedroom wall decor, minimalist poster, terracotta art print, fine art giclee, sustainable wall art",Size,24x36 in (60x90 cm),Frame Style,Solid Natural Oak Wood Frame,framed-poster_flat_wood_natural_24x36-in_200-gsm,110.0,TRUE
nordic-abstract-flora-foliage-monstera-leaf-negative-space-abstraction-no-6-de3428,Nordic Abstract Flora & Foliage - Monstera leaf negative space abstraction No. 6,"<p>Transform your living space with Nordic Abstract Flora & Foliage - Monstera leaf negative space abstraction No. 6. Printed on museum-grade heavyweight matte paper and encased in premium solid wood frames.</p><p>Created to reflect the calming balance of Nordic Abstract Flora & Foliage, combining Muted Sage, Warm Ochre, Raw Linen, Charcoal Slate, Sandstone tones to anchor modern interiors with refined elegance.</p>",Atelier & Canvas,Wall Art,"nordic abstract flora & foliage wall art, framed canvas print, modern living room art, large statement art, neutral home decor, gallery wall art, bedroom wall decor, minimalist poster, terracotta art print, fine art giclee, sustainable wall art",Size,24x36 in (60x90 cm),Frame Style,Matte Black Solid Wood Frame,framed-poster_flat_wood_black_24x36-in_200-gsm,105.0,TRUE
nordic-abstract-flora-foliage-monstera-leaf-negative-space-abstraction-no-6-de3428,Nordic Abstract Flora & Foliage - Monstera leaf negative space abstraction No. 6,"<p>Transform your living space with Nordic Abstract Flora & Foliage - Monstera leaf negative space abstraction No. 6. Printed on museum-grade heavyweight matte paper and encased in premium solid wood frames.</p><p>Created to reflect the calming balance of Nordic Abstract Flora & Foliage, combining Muted Sage, Warm Ochre, Raw Linen, Charcoal Slate, Sandstone tones to anchor modern interiors with refined elegance.</p>",Atelier & Canvas,Wall Art,"nordic abstract flora & foliage wall art, framed canvas print, modern living room art, large statement art, neutral home decor, gallery wall art, bedroom wall decor, minimalist poster, terracotta art print, fine art giclee, sustainable wall art",Size,24x36 in (60x90 cm),Frame Style,Nordic White Wood Frame,framed-poster_flat_wood_white_24x36-in_200-gsm,105.0,TRUE
nordic-abstract-flora-foliage-monstera-leaf-negative-space-abstraction-no-6-de3428,Nordic Abstract Flora & Foliage - Monstera leaf negative space abstraction No. 6,"<p>Transform your living space with Nordic Abstract Flora & Foliage - Monstera leaf negative space abstraction No. 6. Printed on museum-grade heavyweight matte paper and encased in premium solid wood frames.</p><p>Created to reflect the calming balance of Nordic Abstract Flora & Foliage, combining Muted Sage, Warm Ochre, Raw Linen, Charcoal Slate, Sandstone tones to anchor modern interiors with refined elegance.</p>",Atelier & Canvas,Wall Art,"nordic abstract flora & foliage wall art, framed canvas print, modern living room art, large statement art, neutral home decor, gallery wall art, bedroom wall decor, minimalist poster, terracotta art print, fine art giclee, sustainable wall art",Size,24x36 in (60x90 cm),Frame Style,Gallery Stretched Fine Art Canvas,canvas_slim_24x36-in_wood-frame,98.0,TRUE
nordic-abstract-flora-foliage-monstera-leaf-negative-space-abstraction-no-6-de3428,Nordic Abstract Flora & Foliage - Monstera leaf negative space abstraction No. 6,"<p>Transform your living space with Nordic Abstract Flora & Foliage - Monstera leaf negative space abstraction No. 6. Printed on museum-grade heavyweight matte paper and encased in premium solid wood frames.</p><p>Created to reflect the calming balance of Nordic Abstract Flora & Foliage, combining Muted Sage, Warm Ochre, Raw Linen, Charcoal Slate, Sandstone tones to anchor modern interiors with refined elegance.</p>",Atelier & Canvas,Wall Art,"nordic abstract flora & foliage wall art, framed canvas print, modern living room art, large statement art, neutral home decor, gallery wall art, bedroom wall decor, minimalist poster, terracotta art print, fine art giclee, sustainable wall art",Size,24x36 in (60x90 cm),Frame Style,Museum-Grade Matte Fine Art Print (Unframed),poster_matte_24x36-in_250-gsm,46.0,TRUE
nordic-abstract-flora-foliage-monstera-leaf-negative-space-abstraction-no-6-de3428,Nordic Abstract Flora & Foliage - Monstera leaf negative space abstraction No. 6,"<p>Transform your living space with Nordic Abstract Flora & Foliage - Monstera leaf negative space abstraction No. 6. Printed on museum-grade heavyweight matte paper and encased in premium solid wood frames.</p><p>Created to reflect the calming balance of Nordic Abstract Flora & Foliage, combining Muted Sage, Warm Ochre, Raw Linen, Charcoal Slate, Sandstone tones to anchor modern interiors with refined elegance.</p>",Atelier & Canvas,Wall Art,"nordic abstract flora & foliage wall art, framed canvas print, modern living room art, large statement art, neutral home decor, gallery wall art, bedroom wall decor, minimalist poster, terracotta art print, fine art giclee, sustainable wall art",Size,30x40 in (75x100 cm),Frame Style,Solid Natural Oak Wood Frame,framed-poster_flat_wood_natural_30x40-in_200-gsm,148.0,TRUE
nordic-abstract-flora-foliage-monstera-leaf-negative-space-abstraction-no-6-de3428,Nordic Abstract Flora & Foliage - Monstera leaf negative space abstraction No. 6,"<p>Transform your living space with Nordic Abstract Flora & Foliage - Monstera leaf negative space abstraction No. 6. Printed on museum-grade heavyweight matte paper and encased in premium solid wood frames.</p><p>Created to reflect the calming balance of Nordic Abstract Flora & Foliage, combining Muted Sage, Warm Ochre, Raw Linen, Charcoal Slate, Sandstone tones to anchor modern interiors with refined elegance.</p>",Atelier & Canvas,Wall Art,"nordic abstract flora & foliage wall art, framed canvas print, modern living room art, large statement art, neutral home decor, gallery wall art, bedroom wall decor, minimalist poster, terracotta art print, fine art giclee, sustainable wall art",Size,30x40 in (75x100 cm),Frame Style,Matte Black Solid Wood Frame,framed-poster_flat_wood_black_30x40-in_200-gsm,143.0,TRUE
nordic-abstract-flora-foliage-monstera-leaf-negative-space-abstraction-no-6-de3428,Nordic Abstract Flora & Foliage - Monstera leaf negative space abstraction No. 6,"<p>Transform your living space with Nordic Abstract Flora & Foliage - Monstera leaf negative space abstraction No. 6. Printed on museum-grade heavyweight matte paper and encased in premium solid wood frames.</p><p>Created to reflect the calming balance of Nordic Abstract Flora & Foliage, combining Muted Sage, Warm Ochre, Raw Linen, Charcoal Slate, Sandstone tones to anchor modern interiors with refined elegance.</p>",Atelier & Canvas,Wall Art,"nordic abstract flora & foliage wall art, framed canvas print, modern living room art, large statement art, neutral home decor, gallery wall art, bedroom wall decor, minimalist poster, terracotta art print, fine art giclee, sustainable wall art",Size,30x40 in (75x100 cm),Frame Style,Gallery Stretched Fine Art Canvas,canvas_slim_30x40-in_wood-frame,137.0,TRUE
nordic-abstract-flora-foliage-monstera-leaf-negative-space-abstraction-no-6-de3428,Nordic Abstract Flora & Foliage - Monstera leaf negative space abstraction No. 6,"<p>Transform your living space with Nordic Abstract Flora & Foliage - Monstera leaf negative space abstraction No. 6. Printed on museum-grade heavyweight matte paper and encased in premium solid wood frames.</p><p>Created to reflect the calming balance of Nordic Abstract Flora & Foliage, combining Muted Sage, Warm Ochre, Raw Linen, Charcoal Slate, Sandstone tones to anchor modern interiors with refined elegance.</p>",Atelier & Canvas,Wall Art,"nordic abstract flora & foliage wall art, framed canvas print, modern living room art, large statement art, neutral home decor, gallery wall art, bedroom wall decor, minimalist poster, terracotta art print, fine art giclee, sustainable wall art",Size,30x40 in (75x100 cm),Frame Style,Museum-Grade Matte Fine Art Print (Unframed),poster_matte_30x40-in_250-gsm,59.0,TRUE
modern-architectural-geometry-schematics-spiral-staircase-elevation-study-no-10-0f470c,Modern Architectural & Geometry Schematics - Spiral staircase elevation study No. 10,"<p>Transform your living space with Modern Architectural & Geometry Schematics - Spiral staircase elevation study No. 10. Printed on museum-grade heavyweight matte paper and encased in premium solid wood frames.</p><p>Created to reflect the calming balance of Modern Architectural & Geometry Schematics, combining Charcoal Slate, Raw Linen, Deep Cobalt, Warm Ochre, Sandstone tones to anchor modern interiors with refined elegance.</p>",Atelier & Canvas,Wall Art,"modern architectural & geometry schematics wall art, framed canvas print, modern living room art, large statement art, neutral home decor, gallery wall art, bedroom wall decor, minimalist poster, terracotta art print, fine art giclee, sustainable wall art",Size,12x18 in (30x45 cm),Frame Style,Solid Natural Oak Wood Frame,framed-poster_flat_wood_natural_12x18-in_200-gsm,52.0,TRUE
modern-architectural-geometry-schematics-spiral-staircase-elevation-study-no-10-0f470c,Modern Architectural & Geometry Schematics - Spiral staircase elevation study No. 10,"<p>Transform your living space with Modern Architectural & Geometry Schematics - Spiral staircase elevation study No. 10. Printed on museum-grade heavyweight matte paper and encased in premium solid wood frames.</p><p>Created to reflect the calming balance of Modern Architectural & Geometry Schematics, combining Charcoal Slate, Raw Linen, Deep Cobalt, Warm Ochre, Sandstone tones to anchor modern interiors with refined elegance.</p>",Atelier & Canvas,Wall Art,"modern architectural & geometry schematics wall art, framed canvas print, modern living room art, large statement art, neutral home decor, gallery wall art, bedroom wall decor, minimalist poster, terracotta art print, fine art giclee, sustainable wall art",Size,12x18 in (30x45 cm),Frame Style,Matte Black Solid Wood Frame,framed-poster_flat_wood_black_12x18-in_200-gsm,50.0,TRUE
modern-architectural-geometry-schematics-spiral-staircase-elevation-study-no-10-0f470c,Modern Architectural & Geometry Schematics - Spiral staircase elevation study No. 10,"<p>Transform your living space with Modern Architectural & Geometry Schematics - Spiral staircase elevation study No. 10. Printed on museum-grade heavyweight matte paper and encased in premium solid wood frames.</p><p>Created to reflect the calming balance of Modern Architectural & Geometry Schematics, combining Charcoal Slate, Raw Linen, Deep Cobalt, Warm Ochre, Sandstone tones to anchor modern interiors with refined elegance.</p>",Atelier & Canvas,Wall Art,"modern architectural & geometry schematics wall art, framed canvas print, modern living room art, large statement art, neutral home decor, gallery wall art, bedroom wall decor, minimalist poster, terracotta art print, fine art giclee, sustainable wall art",Size,12x18 in (30x45 cm),Frame Style,Museum-Grade Matte Fine Art Print (Unframed),poster_matte_12x18-in_250-gsm,26.0,TRUE
modern-architectural-geometry-schematics-spiral-staircase-elevation-study-no-10-0f470c,Modern Architectural & Geometry Schematics - Spiral staircase elevation study No. 10,"<p>Transform your living space with Modern Architectural & Geometry Schematics - Spiral staircase elevation study No. 10. Printed on museum-grade heavyweight matte paper and encased in premium solid wood frames.</p><p>Created to reflect the calming balance of Modern Architectural & Geometry Schematics, combining Charcoal Slate, Raw Linen, Deep Cobalt, Warm Ochre, Sandstone tones to anchor modern interiors with refined elegance.</p>",Atelier & Canvas,Wall Art,"modern architectural & geometry schematics wall art, framed canvas print, modern living room art, large statement art, neutral home decor, gallery wall art, bedroom wall decor, minimalist poster, terracotta art print, fine art giclee, sustainable wall art",Size,18x24 in (45x60 cm),Frame Style,Solid Natural Oak Wood Frame,framed-poster_flat_wood_natural_18x24-in_200-gsm,76.0,TRUE
modern-architectural-geometry-schematics-spiral-staircase-elevation-study-no-10-0f470c,Modern Architectural & Geometry Schematics - Spiral staircase elevation study No. 10,"<p>Transform your living space with Modern Architectural & Geometry Schematics - Spiral staircase elevation study No. 10. Printed on museum-grade heavyweight matte paper and encased in premium solid wood frames.</p><p>Created to reflect the calming balance of Modern Architectural & Geometry Schematics, combining Charcoal Slate, Raw Linen, Deep Cobalt, Warm Ochre, Sandstone tones to anchor modern interiors with refined elegance.</p>",Atelier & Canvas,Wall Art,"modern architectural & geometry schematics wall art, framed canvas print, modern living room art, large statement art, neutral home decor, gallery wall art, bedroom wall decor, minimalist poster, terracotta art print, fine art giclee, sustainable wall art",Size,18x24 in (45x60 cm),Frame Style,Matte Black Solid Wood Frame,framed-poster_flat_wood_black_18x24-in_200-gsm,73.0,TRUE
modern-architectural-geometry-schematics-spiral-staircase-elevation-study-no-10-0f470c,Modern Architectural & Geometry Schematics - Spiral staircase elevation study No. 10,"<p>Transform your living space with Modern Architectural & Geometry Schematics - Spiral staircase elevation study No. 10. Printed on museum-grade heavyweight matte paper and encased in premium solid wood frames.</p><p>Created to reflect the calming balance of Modern Architectural & Geometry Schematics, combining Charcoal Slate, Raw Linen, Deep Cobalt, Warm Ochre, Sandstone tones to anchor modern interiors with refined elegance.</p>",Atelier & Canvas,Wall Art,"modern architectural & geometry schematics wall art, framed canvas print, modern living room art, large statement art, neutral home decor, gallery wall art, bedroom wall decor, minimalist poster, terracotta art print, fine art giclee, sustainable wall art",Size,18x24 in (45x60 cm),Frame Style,Nordic White Wood Frame,framed-poster_flat_wood_white_18x24-in_200-gsm,73.0,TRUE
modern-architectural-geometry-schematics-spiral-staircase-elevation-study-no-10-0f470c,Modern Architectural & Geometry Schematics - Spiral staircase elevation study No. 10,"<p>Transform your living space with Modern Architectural & Geometry Schematics - Spiral staircase elevation study No. 10. Printed on museum-grade heavyweight matte paper and encased in premium solid wood frames.</p><p>Created to reflect the calming balance of Modern Architectural & Geometry Schematics, combining Charcoal Slate, Raw Linen, Deep Cobalt, Warm Ochre, Sandstone tones to anchor modern interiors with refined elegance.</p>",Atelier & Canvas,Wall Art,"modern architectural & geometry schematics wall art, framed canvas print, modern living room art, large statement art, neutral home decor, gallery wall art, bedroom wall decor, minimalist poster, terracotta art print, fine art giclee, sustainable wall art",Size,18x24 in (45x60 cm),Frame Style,Gallery Stretched Fine Art Canvas,canvas_slim_18x24-in_wood-frame,68.0,TRUE
modern-architectural-geometry-schematics-spiral-staircase-elevation-study-no-10-0f470c,Modern Architectural & Geometry Schematics - Spiral staircase elevation study No. 10,"<p>Transform your living space with Modern Architectural & Geometry Schematics - Spiral staircase elevation study No. 10. Printed on museum-grade heavyweight matte paper and encased in premium solid wood frames.</p><p>Created to reflect the calming balance of Modern Architectural & Geometry Schematics, combining Charcoal Slate, Raw Linen, Deep Cobalt, Warm Ochre, Sandstone tones to anchor modern interiors with refined elegance.</p>",Atelier & Canvas,Wall Art,"modern architectural & geometry schematics wall art, framed canvas print, modern living room art, large statement art, neutral home decor, gallery wall art, bedroom wall decor, minimalist poster, terracotta art print, fine art giclee, sustainable wall art",Size,18x24 in (45x60 cm),Frame Style,Museum-Grade Matte Fine Art Print (Unframed),poster_matte_18x24-in_250-gsm,33.0,TRUE
modern-architectural-geometry-schematics-spiral-staircase-elevation-study-no-10-0f470c,Modern Architectural & Geometry Schematics - Spiral staircase elevation study No. 10,"<p>Transform your living space with Modern Architectural & Geometry Schematics - Spiral staircase elevation study No. 10. Printed on museum-grade heavyweight matte paper and encased in premium solid wood frames.</p><p>Created to reflect the calming balance of Modern Architectural & Geometry Schematics, combining Charcoal Slate, Raw Linen, Deep Cobalt, Warm Ochre, Sandstone tones to anchor modern interiors with refined elegance.</p>",Atelier & Canvas,Wall Art,"modern architectural & geometry schematics wall art, framed canvas print, modern living room art, large statement art, neutral home decor, gallery wall art, bedroom wall decor, minimalist poster, terracotta art print, fine art giclee, sustainable wall art",Size,24x36 in (60x90 cm),Frame Style,Solid Natural Oak Wood Frame,framed-poster_flat_wood_natural_24x36-in_200-gsm,110.0,TRUE
modern-architectural-geometry-schematics-spiral-staircase-elevation-study-no-10-0f470c,Modern Architectural & Geometry Schematics - Spiral staircase elevation study No. 10,"<p>Transform your living space with Modern Architectural & Geometry Schematics - Spiral staircase elevation study No. 10. Printed on museum-grade heavyweight matte paper and encased in premium solid wood frames.</p><p>Created to reflect the calming balance of Modern Architectural & Geometry Schematics, combining Charcoal Slate, Raw Linen, Deep Cobalt, Warm Ochre, Sandstone tones to anchor modern interiors with refined elegance.</p>",Atelier & Canvas,Wall Art,"modern architectural & geometry schematics wall art, framed canvas print, modern living room art, large statement art, neutral home decor, gallery wall art, bedroom wall decor, minimalist poster, terracotta art print, fine art giclee, sustainable wall art",Size,24x36 in (60x90 cm),Frame Style,Matte Black Solid Wood Frame,framed-poster_flat_wood_black_24x36-in_200-gsm,105.0,TRUE
modern-architectural-geometry-schematics-spiral-staircase-elevation-study-no-10-0f470c,Modern Architectural & Geometry Schematics - Spiral staircase elevation study No. 10,"<p>Transform your living space with Modern Architectural & Geometry Schematics - Spiral staircase elevation study No. 10. Printed on museum-grade heavyweight matte paper and encased in premium solid wood frames.</p><p>Created to reflect the calming balance of Modern Architectural & Geometry Schematics, combining Charcoal Slate, Raw Linen, Deep Cobalt, Warm Ochre, Sandstone tones to anchor modern interiors with refined elegance.</p>",Atelier & Canvas,Wall Art,"modern architectural & geometry schematics wall art, framed canvas print, modern living room art, large statement art, neutral home decor, gallery wall art, bedroom wall decor, minimalist poster, terracotta art print, fine art giclee, sustainable wall art",Size,24x36 in (60x90 cm),Frame Style,Nordic White Wood Frame,framed-poster_flat_wood_white_24x36-in_200-gsm,105.0,TRUE
modern-architectural-geometry-schematics-spiral-staircase-elevation-study-no-10-0f470c,Modern Architectural & Geometry Schematics - Spiral staircase elevation study No. 10,"<p>Transform your living space with Modern Architectural & Geometry Schematics - Spiral staircase elevation study No. 10. Printed on museum-grade heavyweight matte paper and encased in premium solid wood frames.</p><p>Created to reflect the calming balance of Modern Architectural & Geometry Schematics, combining Charcoal Slate, Raw Linen, Deep Cobalt, Warm Ochre, Sandstone tones to anchor modern interiors with refined elegance.</p>",Atelier & Canvas,Wall Art,"modern architectural & geometry schematics wall art, framed canvas print, modern living room art, large statement art, neutral home decor, gallery wall art, bedroom wall decor, minimalist poster, terracotta art print, fine art giclee, sustainable wall art",Size,24x36 in (60x90 cm),Frame Style,Gallery Stretched Fine Art Canvas,canvas_slim_24x36-in_wood-frame,98.0,TRUE
modern-architectural-geometry-schematics-spiral-staircase-elevation-study-no-10-0f470c,Modern Architectural & Geometry Schematics - Spiral staircase elevation study No. 10,"<p>Transform your living space with Modern Architectural & Geometry Schematics - Spiral staircase elevation study No. 10. Printed on museum-grade heavyweight matte paper and encased in premium solid wood frames.</p><p>Created to reflect the calming balance of Modern Architectural & Geometry Schematics, combining Charcoal Slate, Raw Linen, Deep Cobalt, Warm Ochre, Sandstone tones to anchor modern interiors with refined elegance.</p>",Atelier & Canvas,Wall Art,"modern architectural & geometry schematics wall art, framed canvas print, modern living room art, large statement art, neutral home decor, gallery wall art, bedroom wall decor, minimalist poster, terracotta art print, fine art giclee, sustainable wall art",Size,24x36 in (60x90 cm),Frame Style,Museum-Grade Matte Fine Art Print (Unframed),poster_matte_24x36-in_250-gsm,46.0,TRUE
modern-architectural-geometry-schematics-spiral-staircase-elevation-study-no-10-0f470c,Modern Architectural & Geometry Schematics - Spiral staircase elevation study No. 10,"<p>Transform your living space with Modern Architectural & Geometry Schematics - Spiral staircase elevation study No. 10. Printed on museum-grade heavyweight matte paper and encased in premium solid wood frames.</p><p>Created to reflect the calming balance of Modern Architectural & Geometry Schematics, combining Charcoal Slate, Raw Linen, Deep Cobalt, Warm Ochre, Sandstone tones to anchor modern interiors with refined elegance.</p>",Atelier & Canvas,Wall Art,"modern architectural & geometry schematics wall art, framed canvas print, modern living room art, large statement art, neutral home decor, gallery wall art, bedroom wall decor, minimalist poster, terracotta art print, fine art giclee, sustainable wall art",Size,30x40 in (75x100 cm),Frame Style,Solid Natural Oak Wood Frame,framed-poster_flat_wood_natural_30x40-in_200-gsm,148.0,TRUE
modern-architectural-geometry-schematics-spiral-staircase-elevation-study-no-10-0f470c,Modern Architectural & Geometry Schematics - Spiral staircase elevation study No. 10,"<p>Transform your living space with Modern Architectural & Geometry Schematics - Spiral staircase elevation study No. 10. Printed on museum-grade heavyweight matte paper and encased in premium solid wood frames.</p><p>Created to reflect the calming balance of Modern Architectural & Geometry Schematics, combining Charcoal Slate, Raw Linen, Deep Cobalt, Warm Ochre, Sandstone tones to anchor modern interiors with refined elegance.</p>",Atelier & Canvas,Wall Art,"modern architectural & geometry schematics wall art, framed canvas print, modern living room art, large statement art, neutral home decor, gallery wall art, bedroom wall decor, minimalist poster, terracotta art print, fine art giclee, sustainable wall art",Size,30x40 in (75x100 cm),Frame Style,Matte Black Solid Wood Frame,framed-poster_flat_wood_black_30x40-in_200-gsm,143.0,TRUE
modern-architectural-geometry-schematics-spiral-staircase-elevation-study-no-10-0f470c,Modern Architectural & Geometry Schematics - Spiral staircase elevation study No. 10,"<p>Transform your living space with Modern Architectural & Geometry Schematics - Spiral staircase elevation study No. 10. Printed on museum-grade heavyweight matte paper and encased in premium solid wood frames.</p><p>Created to reflect the calming balance of Modern Architectural & Geometry Schematics, combining Charcoal Slate, Raw Linen, Deep Cobalt, Warm Ochre, Sandstone tones to anchor modern interiors with refined elegance.</p>",Atelier & Canvas,Wall Art,"modern architectural & geometry schematics wall art, framed canvas print, modern living room art, large statement art, neutral home decor, gallery wall art, bedroom wall decor, minimalist poster, terracotta art print, fine art giclee, sustainable wall art",Size,30x40 in (75x100 cm),Frame Style,Gallery Stretched Fine Art Canvas,canvas_slim_30x40-in_wood-frame,137.0,TRUE
modern-architectural-geometry-schematics-spiral-staircase-elevation-study-no-10-0f470c,Modern Architectural & Geometry Schematics - Spiral staircase elevation study No. 10,"<p>Transform your living space with Modern Architectural & Geometry Schematics - Spiral staircase elevation study No. 10. Printed on museum-grade heavyweight matte paper and encased in premium solid wood frames.</p><p>Created to reflect the calming balance of Modern Architectural & Geometry Schematics, combining Charcoal Slate, Raw Linen, Deep Cobalt, Warm Ochre, Sandstone tones to anchor modern interiors with refined elegance.</p>",Atelier & Canvas,Wall Art,"modern architectural & geometry schematics wall art, framed canvas print, modern living room art, large statement art, neutral home decor, gallery wall art, bedroom wall decor, minimalist poster, terracotta art print, fine art giclee, sustainable wall art",Size,30x40 in (75x100 cm),Frame Style,Museum-Grade Matte Fine Art Print (Unframed),poster_matte_30x40-in_250-gsm,59.0,TRUE
japanese-ukiyo-e-modern-mokuhanga-tranquil-koi-pond-water-ripple-no-8-677344,Japanese Ukiyo-e & Modern Mokuhanga - Tranquil koi pond water ripple No. 8,"<p>Transform your living space with Japanese Ukiyo-e & Modern Mokuhanga - Tranquil koi pond water ripple No. 8. Printed on museum-grade heavyweight matte paper and encased in premium solid wood frames.</p><p>Created to reflect the calming balance of Japanese Ukiyo-e & Modern Mokuhanga, combining Deep Cobalt, Eucalyptus Green, Dried Rose, Raw Linen, Matte Black tones to anchor modern interiors with refined elegance.</p>",Atelier & Canvas,Wall Art,"japanese ukiyo-e & modern mokuhanga wall art, framed canvas print, modern living room art, large statement art, neutral home decor, gallery wall art, bedroom wall decor, minimalist poster, terracotta art print, fine art giclee, sustainable wall art",Size,12x18 in (30x45 cm),Frame Style,Solid Natural Oak Wood Frame,framed-poster_flat_wood_natural_12x18-in_200-gsm,52.0,TRUE
japanese-ukiyo-e-modern-mokuhanga-tranquil-koi-pond-water-ripple-no-8-677344,Japanese Ukiyo-e & Modern Mokuhanga - Tranquil koi pond water ripple No. 8,"<p>Transform your living space with Japanese Ukiyo-e & Modern Mokuhanga - Tranquil koi pond water ripple No. 8. Printed on museum-grade heavyweight matte paper and encased in premium solid wood frames.</p><p>Created to reflect the calming balance of Japanese Ukiyo-e & Modern Mokuhanga, combining Deep Cobalt, Eucalyptus Green, Dried Rose, Raw Linen, Matte Black tones to anchor modern interiors with refined elegance.</p>",Atelier & Canvas,Wall Art,"japanese ukiyo-e & modern mokuhanga wall art, framed canvas print, modern living room art, large statement art, neutral home decor, gallery wall art, bedroom wall decor, minimalist poster, terracotta art print, fine art giclee, sustainable wall art",Size,12x18 in (30x45 cm),Frame Style,Matte Black Solid Wood Frame,framed-poster_flat_wood_black_12x18-in_200-gsm,50.0,TRUE
japanese-ukiyo-e-modern-mokuhanga-tranquil-koi-pond-water-ripple-no-8-677344,Japanese Ukiyo-e & Modern Mokuhanga - Tranquil koi pond water ripple No. 8,"<p>Transform your living space with Japanese Ukiyo-e & Modern Mokuhanga - Tranquil koi pond water ripple No. 8. Printed on museum-grade heavyweight matte paper and encased in premium solid wood frames.</p><p>Created to reflect the calming balance of Japanese Ukiyo-e & Modern Mokuhanga, combining Deep Cobalt, Eucalyptus Green, Dried Rose, Raw Linen, Matte Black tones to anchor modern interiors with refined elegance.</p>",Atelier & Canvas,Wall Art,"japanese ukiyo-e & modern mokuhanga wall art, framed canvas print, modern living room art, large statement art, neutral home decor, gallery wall art, bedroom wall decor, minimalist poster, terracotta art print, fine art giclee, sustainable wall art",Size,12x18 in (30x45 cm),Frame Style,Museum-Grade Matte Fine Art Print (Unframed),poster_matte_12x18-in_250-gsm,26.0,TRUE
japanese-ukiyo-e-modern-mokuhanga-tranquil-koi-pond-water-ripple-no-8-677344,Japanese Ukiyo-e & Modern Mokuhanga - Tranquil koi pond water ripple No. 8,"<p>Transform your living space with Japanese Ukiyo-e & Modern Mokuhanga - Tranquil koi pond water ripple No. 8. Printed on museum-grade heavyweight matte paper and encased in premium solid wood frames.</p><p>Created to reflect the calming balance of Japanese Ukiyo-e & Modern Mokuhanga, combining Deep Cobalt, Eucalyptus Green, Dried Rose, Raw Linen, Matte Black tones to anchor modern interiors with refined elegance.</p>",Atelier & Canvas,Wall Art,"japanese ukiyo-e & modern mokuhanga wall art, framed canvas print, modern living room art, large statement art, neutral home decor, gallery wall art, bedroom wall decor, minimalist poster, terracotta art print, fine art giclee, sustainable wall art",Size,18x24 in (45x60 cm),Frame Style,Solid Natural Oak Wood Frame,framed-poster_flat_wood_natural_18x24-in_200-gsm,76.0,TRUE
japanese-ukiyo-e-modern-mokuhanga-tranquil-koi-pond-water-ripple-no-8-677344,Japanese Ukiyo-e & Modern Mokuhanga - Tranquil koi pond water ripple No. 8,"<p>Transform your living space with Japanese Ukiyo-e & Modern Mokuhanga - Tranquil koi pond water ripple No. 8. Printed on museum-grade heavyweight matte paper and encased in premium solid wood frames.</p><p>Created to reflect the calming balance of Japanese Ukiyo-e & Modern Mokuhanga, combining Deep Cobalt, Eucalyptus Green, Dried Rose, Raw Linen, Matte Black tones to anchor modern interiors with refined elegance.</p>",Atelier & Canvas,Wall Art,"japanese ukiyo-e & modern mokuhanga wall art, framed canvas print, modern living room art, large statement art, neutral home decor, gallery wall art, bedroom wall decor, minimalist poster, terracotta art print, fine art giclee, sustainable wall art",Size,18x24 in (45x60 cm),Frame Style,Matte Black Solid Wood Frame,framed-poster_flat_wood_black_18x24-in_200-gsm,73.0,TRUE
japanese-ukiyo-e-modern-mokuhanga-tranquil-koi-pond-water-ripple-no-8-677344,Japanese Ukiyo-e & Modern Mokuhanga - Tranquil koi pond water ripple No. 8,"<p>Transform your living space with Japanese Ukiyo-e & Modern Mokuhanga - Tranquil koi pond water ripple No. 8. Printed on museum-grade heavyweight matte paper and encased in premium solid wood frames.</p><p>Created to reflect the calming balance of Japanese Ukiyo-e & Modern Mokuhanga, combining Deep Cobalt, Eucalyptus Green, Dried Rose, Raw Linen, Matte Black tones to anchor modern interiors with refined elegance.</p>",Atelier & Canvas,Wall Art,"japanese ukiyo-e & modern mokuhanga wall art, framed canvas print, modern living room art, large statement art, neutral home decor, gallery wall art, bedroom wall decor, minimalist poster, terracotta art print, fine art giclee, sustainable wall art",Size,18x24 in (45x60 cm),Frame Style,Nordic White Wood Frame,framed-poster_flat_wood_white_18x24-in_200-gsm,73.0,TRUE
japanese-ukiyo-e-modern-mokuhanga-tranquil-koi-pond-water-ripple-no-8-677344,Japanese Ukiyo-e & Modern Mokuhanga - Tranquil koi pond water ripple No. 8,"<p>Transform your living space with Japanese Ukiyo-e & Modern Mokuhanga - Tranquil koi pond water ripple No. 8. Printed on museum-grade heavyweight matte paper and encased in premium solid wood frames.</p><p>Created to reflect the calming balance of Japanese Ukiyo-e & Modern Mokuhanga, combining Deep Cobalt, Eucalyptus Green, Dried Rose, Raw Linen, Matte Black tones to anchor modern interiors with refined elegance.</p>",Atelier & Canvas,Wall Art,"japanese ukiyo-e & modern mokuhanga wall art, framed canvas print, modern living room art, large statement art, neutral home decor, gallery wall art, bedroom wall decor, minimalist poster, terracotta art print, fine art giclee, sustainable wall art",Size,18x24 in (45x60 cm),Frame Style,Gallery Stretched Fine Art Canvas,canvas_slim_18x24-in_wood-frame,68.0,TRUE
japanese-ukiyo-e-modern-mokuhanga-tranquil-koi-pond-water-ripple-no-8-677344,Japanese Ukiyo-e & Modern Mokuhanga - Tranquil koi pond water ripple No. 8,"<p>Transform your living space with Japanese Ukiyo-e & Modern Mokuhanga - Tranquil koi pond water ripple No. 8. Printed on museum-grade heavyweight matte paper and encased in premium solid wood frames.</p><p>Created to reflect the calming balance of Japanese Ukiyo-e & Modern Mokuhanga, combining Deep Cobalt, Eucalyptus Green, Dried Rose, Raw Linen, Matte Black tones to anchor modern interiors with refined elegance.</p>",Atelier & Canvas,Wall Art,"japanese ukiyo-e & modern mokuhanga wall art, framed canvas print, modern living room art, large statement art, neutral home decor, gallery wall art, bedroom wall decor, minimalist poster, terracotta art print, fine art giclee, sustainable wall art",Size,18x24 in (45x60 cm),Frame Style,Museum-Grade Matte Fine Art Print (Unframed),poster_matte_18x24-in_250-gsm,33.0,TRUE
japanese-ukiyo-e-modern-mokuhanga-tranquil-koi-pond-water-ripple-no-8-677344,Japanese Ukiyo-e & Modern Mokuhanga - Tranquil koi pond water ripple No. 8,"<p>Transform your living space with Japanese Ukiyo-e & Modern Mokuhanga - Tranquil koi pond water ripple No. 8. Printed on museum-grade heavyweight matte paper and encased in premium solid wood frames.</p><p>Created to reflect the calming balance of Japanese Ukiyo-e & Modern Mokuhanga, combining Deep Cobalt, Eucalyptus Green, Dried Rose, Raw Linen, Matte Black tones to anchor modern interiors with refined elegance.</p>",Atelier & Canvas,Wall Art,"japanese ukiyo-e & modern mokuhanga wall art, framed canvas print, modern living room art, large statement art, neutral home decor, gallery wall art, bedroom wall decor, minimalist poster, terracotta art print, fine art giclee, sustainable wall art",Size,24x36 in (60x90 cm),Frame Style,Solid Natural Oak Wood Frame,framed-poster_flat_wood_natural_24x36-in_200-gsm,110.0,TRUE
japanese-ukiyo-e-modern-mokuhanga-tranquil-koi-pond-water-ripple-no-8-677344,Japanese Ukiyo-e & Modern Mokuhanga - Tranquil koi pond water ripple No. 8,"<p>Transform your living space with Japanese Ukiyo-e & Modern Mokuhanga - Tranquil koi pond water ripple No. 8. Printed on museum-grade heavyweight matte paper and encased in premium solid wood frames.</p><p>Created to reflect the calming balance of Japanese Ukiyo-e & Modern Mokuhanga, combining Deep Cobalt, Eucalyptus Green, Dried Rose, Raw Linen, Matte Black tones to anchor modern interiors with refined elegance.</p>",Atelier & Canvas,Wall Art,"japanese ukiyo-e & modern mokuhanga wall art, framed canvas print, modern living room art, large statement art, neutral home decor, gallery wall art, bedroom wall decor, minimalist poster, terracotta art print, fine art giclee, sustainable wall art",Size,24x36 in (60x90 cm),Frame Style,Matte Black Solid Wood Frame,framed-poster_flat_wood_black_24x36-in_200-gsm,105.0,TRUE
japanese-ukiyo-e-modern-mokuhanga-tranquil-koi-pond-water-ripple-no-8-677344,Japanese Ukiyo-e & Modern Mokuhanga - Tranquil koi pond water ripple No. 8,"<p>Transform your living space with Japanese Ukiyo-e & Modern Mokuhanga - Tranquil koi pond water ripple No. 8. Printed on museum-grade heavyweight matte paper and encased in premium solid wood frames.</p><p>Created to reflect the calming balance of Japanese Ukiyo-e & Modern Mokuhanga, combining Deep Cobalt, Eucalyptus Green, Dried Rose, Raw Linen, Matte Black tones to anchor modern interiors with refined elegance.</p>",Atelier & Canvas,Wall Art,"japanese ukiyo-e & modern mokuhanga wall art, framed canvas print, modern living room art, large statement art, neutral home decor, gallery wall art, bedroom wall decor, minimalist poster, terracotta art print, fine art giclee, sustainable wall art",Size,24x36 in (60x90 cm),Frame Style,Nordic White Wood Frame,framed-poster_flat_wood_white_24x36-in_200-gsm,105.0,TRUE
japanese-ukiyo-e-modern-mokuhanga-tranquil-koi-pond-water-ripple-no-8-677344,Japanese Ukiyo-e & Modern Mokuhanga - Tranquil koi pond water ripple No. 8,"<p>Transform your living space with Japanese Ukiyo-e & Modern Mokuhanga - Tranquil koi pond water ripple No. 8. Printed on museum-grade heavyweight matte paper and encased in premium solid wood frames.</p><p>Created to reflect the calming balance of Japanese Ukiyo-e & Modern Mokuhanga, combining Deep Cobalt, Eucalyptus Green, Dried Rose, Raw Linen, Matte Black tones to anchor modern interiors with refined elegance.</p>",Atelier & Canvas,Wall Art,"japanese ukiyo-e & modern mokuhanga wall art, framed canvas print, modern living room art, large statement art, neutral home decor, gallery wall art, bedroom wall decor, minimalist poster, terracotta art print, fine art giclee, sustainable wall art",Size,24x36 in (60x90 cm),Frame Style,Gallery Stretched Fine Art Canvas,canvas_slim_24x36-in_wood-frame,98.0,TRUE
japanese-ukiyo-e-modern-mokuhanga-tranquil-koi-pond-water-ripple-no-8-677344,Japanese Ukiyo-e & Modern Mokuhanga - Tranquil koi pond water ripple No. 8,"<p>Transform your living space with Japanese Ukiyo-e & Modern Mokuhanga - Tranquil koi pond water ripple No. 8. Printed on museum-grade heavyweight matte paper and encased in premium solid wood frames.</p><p>Created to reflect the calming balance of Japanese Ukiyo-e & Modern Mokuhanga, combining Deep Cobalt, Eucalyptus Green, Dried Rose, Raw Linen, Matte Black tones to anchor modern interiors with refined elegance.</p>",Atelier & Canvas,Wall Art,"japanese ukiyo-e & modern mokuhanga wall art, framed canvas print, modern living room art, large statement art, neutral home decor, gallery wall art, bedroom wall decor, minimalist poster, terracotta art print, fine art giclee, sustainable wall art",Size,24x36 in (60x90 cm),Frame Style,Museum-Grade Matte Fine Art Print (Unframed),poster_matte_24x36-in_250-gsm,46.0,TRUE
japanese-ukiyo-e-modern-mokuhanga-tranquil-koi-pond-water-ripple-no-8-677344,Japanese Ukiyo-e & Modern Mokuhanga - Tranquil koi pond water ripple No. 8,"<p>Transform your living space with Japanese Ukiyo-e & Modern Mokuhanga - Tranquil koi pond water ripple No. 8. Printed on museum-grade heavyweight matte paper and encased in premium solid wood frames.</p><p>Created to reflect the calming balance of Japanese Ukiyo-e & Modern Mokuhanga, combining Deep Cobalt, Eucalyptus Green, Dried Rose, Raw Linen, Matte Black tones to anchor modern interiors with refined elegance.</p>",Atelier & Canvas,Wall Art,"japanese ukiyo-e & modern mokuhanga wall art, framed canvas print, modern living room art, large statement art, neutral home decor, gallery wall art, bedroom wall decor, minimalist poster, terracotta art print, fine art giclee, sustainable wall art",Size,30x40 in (75x100 cm),Frame Style,Solid Natural Oak Wood Frame,framed-poster_flat_wood_natural_30x40-in_200-gsm,148.0,TRUE
japanese-ukiyo-e-modern-mokuhanga-tranquil-koi-pond-water-ripple-no-8-677344,Japanese Ukiyo-e & Modern Mokuhanga - Tranquil koi pond water ripple No. 8,"<p>Transform your living space with Japanese Ukiyo-e & Modern Mokuhanga - Tranquil koi pond water ripple No. 8. Printed on museum-grade heavyweight matte paper and encased in premium solid wood frames.</p><p>Created to reflect the calming balance of Japanese Ukiyo-e & Modern Mokuhanga, combining Deep Cobalt, Eucalyptus Green, Dried Rose, Raw Linen, Matte Black tones to anchor modern interiors with refined elegance.</p>",Atelier & Canvas,Wall Art,"japanese ukiyo-e & modern mokuhanga wall art, framed canvas print, modern living room art, large statement art, neutral home decor, gallery wall art, bedroom wall decor, minimalist poster, terracotta art print, fine art giclee, sustainable wall art",Size,30x40 in (75x100 cm),Frame Style,Matte Black Solid Wood Frame,framed-poster_flat_wood_black_30x40-in_200-gsm,143.0,TRUE
japanese-ukiyo-e-modern-mokuhanga-tranquil-koi-pond-water-ripple-no-8-677344,Japanese Ukiyo-e & Modern Mokuhanga - Tranquil koi pond water ripple No. 8,"<p>Transform your living space with Japanese Ukiyo-e & Modern Mokuhanga - Tranquil koi pond water ripple No. 8. Printed on museum-grade heavyweight matte paper and encased in premium solid wood frames.</p><p>Created to reflect the calming balance of Japanese Ukiyo-e & Modern Mokuhanga, combining Deep Cobalt, Eucalyptus Green, Dried Rose, Raw Linen, Matte Black tones to anchor modern interiors with refined elegance.</p>",Atelier & Canvas,Wall Art,"japanese ukiyo-e & modern mokuhanga wall art, framed canvas print, modern living room art, large statement art, neutral home decor, gallery wall art, bedroom wall decor, minimalist poster, terracotta art print, fine art giclee, sustainable wall art",Size,30x40 in (75x100 cm),Frame Style,Gallery Stretched Fine Art Canvas,canvas_slim_30x40-in_wood-frame,137.0,TRUE
japanese-ukiyo-e-modern-mokuhanga-tranquil-koi-pond-water-ripple-no-8-677344,Japanese Ukiyo-e & Modern Mokuhanga - Tranquil koi pond water ripple No. 8,"<p>Transform your living space with Japanese Ukiyo-e & Modern Mokuhanga - Tranquil koi pond water ripple No. 8. Printed on museum-grade heavyweight matte paper and encased in premium solid wood frames.</p><p>Created to reflect the calming balance of Japanese Ukiyo-e & Modern Mokuhanga, combining Deep Cobalt, Eucalyptus Green, Dried Rose, Raw Linen, Matte Black tones to anchor modern interiors with refined elegance.</p>",Atelier & Canvas,Wall Art,"japanese ukiyo-e & modern mokuhanga wall art, framed canvas print, modern living room art, large statement art, neutral home decor, gallery wall art, bedroom wall decor, minimalist poster, terracotta art print, fine art giclee, sustainable wall art",Size,30x40 in (75x100 cm),Frame Style,Museum-Grade Matte Fine Art Print (Unframed),poster_matte_30x40-in_250-gsm,59.0,TRUE
vintage-french-riviera-mid-century-travel-monaco-coastal-serpentine-road-no-12-58f5ff,Vintage French Riviera & Mid-Century Travel - Monaco coastal serpentine road No. 12,"<p>Transform your living space with Vintage French Riviera & Mid-Century Travel - Monaco coastal serpentine road No. 12. Printed on museum-grade heavyweight matte paper and encased in premium solid wood frames.</p><p>Created to reflect the calming balance of Vintage French Riviera & Mid-Century Travel, combining Amalfi Ultramarine, Sunlit Limewash, Warm Ochre, Terracotta Clay, Charcoal Slate tones to anchor modern interiors with refined elegance.</p>",Atelier & Canvas,Wall Art,"vintage french riviera & mid-century travel wall art, framed canvas print, modern living room art, large statement art, neutral home decor, gallery wall art, bedroom wall decor, minimalist poster, terracotta art print, fine art giclee, sustainable wall art",Size,12x18 in (30x45 cm),Frame Style,Solid Natural Oak Wood Frame,framed-poster_flat_wood_natural_12x18-in_200-gsm,52.0,TRUE
vintage-french-riviera-mid-century-travel-monaco-coastal-serpentine-road-no-12-58f5ff,Vintage French Riviera & Mid-Century Travel - Monaco coastal serpentine road No. 12,"<p>Transform your living space with Vintage French Riviera & Mid-Century Travel - Monaco coastal serpentine road No. 12. Printed on museum-grade heavyweight matte paper and encased in premium solid wood frames.</p><p>Created to reflect the calming balance of Vintage French Riviera & Mid-Century Travel, combining Amalfi Ultramarine, Sunlit Limewash, Warm Ochre, Terracotta Clay, Charcoal Slate tones to anchor modern interiors with refined elegance.</p>",Atelier & Canvas,Wall Art,"vintage french riviera & mid-century travel wall art, framed canvas print, modern living room art, large statement art, neutral home decor, gallery wall art, bedroom wall decor, minimalist poster, terracotta art print, fine art giclee, sustainable wall art",Size,12x18 in (30x45 cm),Frame Style,Matte Black Solid Wood Frame,framed-poster_flat_wood_black_12x18-in_200-gsm,50.0,TRUE
vintage-french-riviera-mid-century-travel-monaco-coastal-serpentine-road-no-12-58f5ff,Vintage French Riviera & Mid-Century Travel - Monaco coastal serpentine road No. 12,"<p>Transform your living space with Vintage French Riviera & Mid-Century Travel - Monaco coastal serpentine road No. 12. Printed on museum-grade heavyweight matte paper and encased in premium solid wood frames.</p><p>Created to reflect the calming balance of Vintage French Riviera & Mid-Century Travel, combining Amalfi Ultramarine, Sunlit Limewash, Warm Ochre, Terracotta Clay, Charcoal Slate tones to anchor modern interiors with refined elegance.</p>",Atelier & Canvas,Wall Art,"vintage french riviera & mid-century travel wall art, framed canvas print, modern living room art, large statement art, neutral home decor, gallery wall art, bedroom wall decor, minimalist poster, terracotta art print, fine art giclee, sustainable wall art",Size,12x18 in (30x45 cm),Frame Style,Museum-Grade Matte Fine Art Print (Unframed),poster_matte_12x18-in_250-gsm,26.0,TRUE
vintage-french-riviera-mid-century-travel-monaco-coastal-serpentine-road-no-12-58f5ff,Vintage French Riviera & Mid-Century Travel - Monaco coastal serpentine road No. 12,"<p>Transform your living space with Vintage French Riviera & Mid-Century Travel - Monaco coastal serpentine road No. 12. Printed on museum-grade heavyweight matte paper and encased in premium solid wood frames.</p><p>Created to reflect the calming balance of Vintage French Riviera & Mid-Century Travel, combining Amalfi Ultramarine, Sunlit Limewash, Warm Ochre, Terracotta Clay, Charcoal Slate tones to anchor modern interiors with refined elegance.</p>",Atelier & Canvas,Wall Art,"vintage french riviera & mid-century travel wall art, framed canvas print, modern living room art, large statement art, neutral home decor, gallery wall art, bedroom wall decor, minimalist poster, terracotta art print, fine art giclee, sustainable wall art",Size,18x24 in (45x60 cm),Frame Style,Solid Natural Oak Wood Frame,framed-poster_flat_wood_natural_18x24-in_200-gsm,76.0,TRUE
vintage-french-riviera-mid-century-travel-monaco-coastal-serpentine-road-no-12-58f5ff,Vintage French Riviera & Mid-Century Travel - Monaco coastal serpentine road No. 12,"<p>Transform your living space with Vintage French Riviera & Mid-Century Travel - Monaco coastal serpentine road No. 12. Printed on museum-grade heavyweight matte paper and encased in premium solid wood frames.</p><p>Created to reflect the calming balance of Vintage French Riviera & Mid-Century Travel, combining Amalfi Ultramarine, Sunlit Limewash, Warm Ochre, Terracotta Clay, Charcoal Slate tones to anchor modern interiors with refined elegance.</p>",Atelier & Canvas,Wall Art,"vintage french riviera & mid-century travel wall art, framed canvas print, modern living room art, large statement art, neutral home decor, gallery wall art, bedroom wall decor, minimalist poster, terracotta art print, fine art giclee, sustainable wall art",Size,18x24 in (45x60 cm),Frame Style,Matte Black Solid Wood Frame,framed-poster_flat_wood_black_18x24-in_200-gsm,73.0,TRUE
vintage-french-riviera-mid-century-travel-monaco-coastal-serpentine-road-no-12-58f5ff,Vintage French Riviera & Mid-Century Travel - Monaco coastal serpentine road No. 12,"<p>Transform your living space with Vintage French Riviera & Mid-Century Travel - Monaco coastal serpentine road No. 12. Printed on museum-grade heavyweight matte paper and encased in premium solid wood frames.</p><p>Created to reflect the calming balance of Vintage French Riviera & Mid-Century Travel, combining Amalfi Ultramarine, Sunlit Limewash, Warm Ochre, Terracotta Clay, Charcoal Slate tones to anchor modern interiors with refined elegance.</p>",Atelier & Canvas,Wall Art,"vintage french riviera & mid-century travel wall art, framed canvas print, modern living room art, large statement art, neutral home decor, gallery wall art, bedroom wall decor, minimalist poster, terracotta art print, fine art giclee, sustainable wall art",Size,18x24 in (45x60 cm),Frame Style,Nordic White Wood Frame,framed-poster_flat_wood_white_18x24-in_200-gsm,73.0,TRUE
vintage-french-riviera-mid-century-travel-monaco-coastal-serpentine-road-no-12-58f5ff,Vintage French Riviera & Mid-Century Travel - Monaco coastal serpentine road No. 12,"<p>Transform your living space with Vintage French Riviera & Mid-Century Travel - Monaco coastal serpentine road No. 12. Printed on museum-grade heavyweight matte paper and encased in premium solid wood frames.</p><p>Created to reflect the calming balance of Vintage French Riviera & Mid-Century Travel, combining Amalfi Ultramarine, Sunlit Limewash, Warm Ochre, Terracotta Clay, Charcoal Slate tones to anchor modern interiors with refined elegance.</p>",Atelier & Canvas,Wall Art,"vintage french riviera & mid-century travel wall art, framed canvas print, modern living room art, large statement art, neutral home decor, gallery wall art, bedroom wall decor, minimalist poster, terracotta art print, fine art giclee, sustainable wall art",Size,18x24 in (45x60 cm),Frame Style,Gallery Stretched Fine Art Canvas,canvas_slim_18x24-in_wood-frame,68.0,TRUE
vintage-french-riviera-mid-century-travel-monaco-coastal-serpentine-road-no-12-58f5ff,Vintage French Riviera & Mid-Century Travel - Monaco coastal serpentine road No. 12,"<p>Transform your living space with Vintage French Riviera & Mid-Century Travel - Monaco coastal serpentine road No. 12. Printed on museum-grade heavyweight matte paper and encased in premium solid wood frames.</p><p>Created to reflect the calming balance of Vintage French Riviera & Mid-Century Travel, combining Amalfi Ultramarine, Sunlit Limewash, Warm Ochre, Terracotta Clay, Charcoal Slate tones to anchor modern interiors with refined elegance.</p>",Atelier & Canvas,Wall Art,"vintage french riviera & mid-century travel wall art, framed canvas print, modern living room art, large statement art, neutral home decor, gallery wall art, bedroom wall decor, minimalist poster, terracotta art print, fine art giclee, sustainable wall art",Size,18x24 in (45x60 cm),Frame Style,Museum-Grade Matte Fine Art Print (Unframed),poster_matte_18x24-in_250-gsm,33.0,TRUE
vintage-french-riviera-mid-century-travel-monaco-coastal-serpentine-road-no-12-58f5ff,Vintage French Riviera & Mid-Century Travel - Monaco coastal serpentine road No. 12,"<p>Transform your living space with Vintage French Riviera & Mid-Century Travel - Monaco coastal serpentine road No. 12. Printed on museum-grade heavyweight matte paper and encased in premium solid wood frames.</p><p>Created to reflect the calming balance of Vintage French Riviera & Mid-Century Travel, combining Amalfi Ultramarine, Sunlit Limewash, Warm Ochre, Terracotta Clay, Charcoal Slate tones to anchor modern interiors with refined elegance.</p>",Atelier & Canvas,Wall Art,"vintage french riviera & mid-century travel wall art, framed canvas print, modern living room art, large statement art, neutral home decor, gallery wall art, bedroom wall decor, minimalist poster, terracotta art print, fine art giclee, sustainable wall art",Size,24x36 in (60x90 cm),Frame Style,Solid Natural Oak Wood Frame,framed-poster_flat_wood_natural_24x36-in_200-gsm,110.0,TRUE
vintage-french-riviera-mid-century-travel-monaco-coastal-serpentine-road-no-12-58f5ff,Vintage French Riviera & Mid-Century Travel - Monaco coastal serpentine road No. 12,"<p>Transform your living space with Vintage French Riviera & Mid-Century Travel - Monaco coastal serpentine road No. 12. Printed on museum-grade heavyweight matte paper and encased in premium solid wood frames.</p><p>Created to reflect the calming balance of Vintage French Riviera & Mid-Century Travel, combining Amalfi Ultramarine, Sunlit Limewash, Warm Ochre, Terracotta Clay, Charcoal Slate tones to anchor modern interiors with refined elegance.</p>",Atelier & Canvas,Wall Art,"vintage french riviera & mid-century travel wall art, framed canvas print, modern living room art, large statement art, neutral home decor, gallery wall art, bedroom wall decor, minimalist poster, terracotta art print, fine art giclee, sustainable wall art",Size,24x36 in (60x90 cm),Frame Style,Matte Black Solid Wood Frame,framed-poster_flat_wood_black_24x36-in_200-gsm,105.0,TRUE
vintage-french-riviera-mid-century-travel-monaco-coastal-serpentine-road-no-12-58f5ff,Vintage French Riviera & Mid-Century Travel - Monaco coastal serpentine road No. 12,"<p>Transform your living space with Vintage French Riviera & Mid-Century Travel - Monaco coastal serpentine road No. 12. Printed on museum-grade heavyweight matte paper and encased in premium solid wood frames.</p><p>Created to reflect the calming balance of Vintage French Riviera & Mid-Century Travel, combining Amalfi Ultramarine, Sunlit Limewash, Warm Ochre, Terracotta Clay, Charcoal Slate tones to anchor modern interiors with refined elegance.</p>",Atelier & Canvas,Wall Art,"vintage french riviera & mid-century travel wall art, framed canvas print, modern living room art, large statement art, neutral home decor, gallery wall art, bedroom wall decor, minimalist poster, terracotta art print, fine art giclee, sustainable wall art",Size,24x36 in (60x90 cm),Frame Style,Nordic White Wood Frame,framed-poster_flat_wood_white_24x36-in_200-gsm,105.0,TRUE
vintage-french-riviera-mid-century-travel-monaco-coastal-serpentine-road-no-12-58f5ff,Vintage French Riviera & Mid-Century Travel - Monaco coastal serpentine road No. 12,"<p>Transform your living space with Vintage French Riviera & Mid-Century Travel - Monaco coastal serpentine road No. 12. Printed on museum-grade heavyweight matte paper and encased in premium solid wood frames.</p><p>Created to reflect the calming balance of Vintage French Riviera & Mid-Century Travel, combining Amalfi Ultramarine, Sunlit Limewash, Warm Ochre, Terracotta Clay, Charcoal Slate tones to anchor modern interiors with refined elegance.</p>",Atelier & Canvas,Wall Art,"vintage french riviera & mid-century travel wall art, framed canvas print, modern living room art, large statement art, neutral home decor, gallery wall art, bedroom wall decor, minimalist poster, terracotta art print, fine art giclee, sustainable wall art",Size,24x36 in (60x90 cm),Frame Style,Gallery Stretched Fine Art Canvas,canvas_slim_24x36-in_wood-frame,98.0,TRUE
vintage-french-riviera-mid-century-travel-monaco-coastal-serpentine-road-no-12-58f5ff,Vintage French Riviera & Mid-Century Travel - Monaco coastal serpentine road No. 12,"<p>Transform your living space with Vintage French Riviera & Mid-Century Travel - Monaco coastal serpentine road No. 12. Printed on museum-grade heavyweight matte paper and encased in premium solid wood frames.</p><p>Created to reflect the calming balance of Vintage French Riviera & Mid-Century Travel, combining Amalfi Ultramarine, Sunlit Limewash, Warm Ochre, Terracotta Clay, Charcoal Slate tones to anchor modern interiors with refined elegance.</p>",Atelier & Canvas,Wall Art,"vintage french riviera & mid-century travel wall art, framed canvas print, modern living room art, large statement art, neutral home decor, gallery wall art, bedroom wall decor, minimalist poster, terracotta art print, fine art giclee, sustainable wall art",Size,24x36 in (60x90 cm),Frame Style,Museum-Grade Matte Fine Art Print (Unframed),poster_matte_24x36-in_250-gsm,46.0,TRUE
vintage-french-riviera-mid-century-travel-monaco-coastal-serpentine-road-no-12-58f5ff,Vintage French Riviera & Mid-Century Travel - Monaco coastal serpentine road No. 12,"<p>Transform your living space with Vintage French Riviera & Mid-Century Travel - Monaco coastal serpentine road No. 12. Printed on museum-grade heavyweight matte paper and encased in premium solid wood frames.</p><p>Created to reflect the calming balance of Vintage French Riviera & Mid-Century Travel, combining Amalfi Ultramarine, Sunlit Limewash, Warm Ochre, Terracotta Clay, Charcoal Slate tones to anchor modern interiors with refined elegance.</p>",Atelier & Canvas,Wall Art,"vintage french riviera & mid-century travel wall art, framed canvas print, modern living room art, large statement art, neutral home decor, gallery wall art, bedroom wall decor, minimalist poster, terracotta art print, fine art giclee, sustainable wall art",Size,30x40 in (75x100 cm),Frame Style,Solid Natural Oak Wood Frame,framed-poster_flat_wood_natural_30x40-in_200-gsm,148.0,TRUE
vintage-french-riviera-mid-century-travel-monaco-coastal-serpentine-road-no-12-58f5ff,Vintage French Riviera & Mid-Century Travel - Monaco coastal serpentine road No. 12,"<p>Transform your living space with Vintage French Riviera & Mid-Century Travel - Monaco coastal serpentine road No. 12. Printed on museum-grade heavyweight matte paper and encased in premium solid wood frames.</p><p>Created to reflect the calming balance of Vintage French Riviera & Mid-Century Travel, combining Amalfi Ultramarine, Sunlit Limewash, Warm Ochre, Terracotta Clay, Charcoal Slate tones to anchor modern interiors with refined elegance.</p>",Atelier & Canvas,Wall Art,"vintage french riviera & mid-century travel wall art, framed canvas print, modern living room art, large statement art, neutral home decor, gallery wall art, bedroom wall decor, minimalist poster, terracotta art print, fine art giclee, sustainable wall art",Size,30x40 in (75x100 cm),Frame Style,Matte Black Solid Wood Frame,framed-poster_flat_wood_black_30x40-in_200-gsm,143.0,TRUE
vintage-french-riviera-mid-century-travel-monaco-coastal-serpentine-road-no-12-58f5ff,Vintage French Riviera & Mid-Century Travel - Monaco coastal serpentine road No. 12,"<p>Transform your living space with Vintage French Riviera & Mid-Century Travel - Monaco coastal serpentine road No. 12. Printed on museum-grade heavyweight matte paper and encased in premium solid wood frames.</p><p>Created to reflect the calming balance of Vintage French Riviera & Mid-Century Travel, combining Amalfi Ultramarine, Sunlit Limewash, Warm Ochre, Terracotta Clay, Charcoal Slate tones to anchor modern interiors with refined elegance.</p>",Atelier & Canvas,Wall Art,"vintage french riviera & mid-century travel wall art, framed canvas print, modern living room art, large statement art, neutral home decor, gallery wall art, bedroom wall decor, minimalist poster, terracotta art print, fine art giclee, sustainable wall art",Size,30x40 in (75x100 cm),Frame Style,Gallery Stretched Fine Art Canvas,canvas_slim_30x40-in_wood-frame,137.0,TRUE
vintage-french-riviera-mid-century-travel-monaco-coastal-serpentine-road-no-12-58f5ff,Vintage French Riviera & Mid-Century Travel - Monaco coastal serpentine road No. 12,"<p>Transform your living space with Vintage French Riviera & Mid-Century Travel - Monaco coastal serpentine road No. 12. Printed on museum-grade heavyweight matte paper and encased in premium solid wood frames.</p><p>Created to reflect the calming balance of Vintage French Riviera & Mid-Century Travel, combining Amalfi Ultramarine, Sunlit Limewash, Warm Ochre, Terracotta Clay, Charcoal Slate tones to anchor modern interiors with refined elegance.</p>",Atelier & Canvas,Wall Art,"vintage french riviera & mid-century travel wall art, framed canvas print, modern living room art, large statement art, neutral home decor, gallery wall art, bedroom wall decor, minimalist poster, terracotta art print, fine art giclee, sustainable wall art",Size,30x40 in (75x100 cm),Frame Style,Museum-Grade Matte Fine Art Print (Unframed),poster_matte_30x40-in_250-gsm,59.0,TRUE
dark-academia-textured-renaissance-textured-vintage-oil-study-no-2-7fc8fb,Dark Academia & Textured Renaissance - Textured vintage oil study No. 2,"<p>Transform your living space with Dark Academia & Textured Renaissance - Textured vintage oil study No. 2. Printed on museum-grade heavyweight matte paper and encased in premium solid wood frames.</p><p>Created to reflect the calming balance of Dark Academia & Textured Renaissance, combining Deep Obsidian, Burnished Gold, Burgundy Wine, Espresso Umber, Smoky Indigo tones to anchor modern interiors with refined elegance.</p>",Atelier & Canvas,Wall Art,"dark academia & textured renaissance wall art, framed canvas print, modern living room art, large statement art, neutral home decor, gallery wall art, bedroom wall decor, minimalist poster, terracotta art print, fine art giclee, sustainable wall art",Size,12x18 in (30x45 cm),Frame Style,Solid Natural Oak Wood Frame,framed-poster_flat_wood_natural_12x18-in_200-gsm,52.0,TRUE
dark-academia-textured-renaissance-textured-vintage-oil-study-no-2-7fc8fb,Dark Academia & Textured Renaissance - Textured vintage oil study No. 2,"<p>Transform your living space with Dark Academia & Textured Renaissance - Textured vintage oil study No. 2. Printed on museum-grade heavyweight matte paper and encased in premium solid wood frames.</p><p>Created to reflect the calming balance of Dark Academia & Textured Renaissance, combining Deep Obsidian, Burnished Gold, Burgundy Wine, Espresso Umber, Smoky Indigo tones to anchor modern interiors with refined elegance.</p>",Atelier & Canvas,Wall Art,"dark academia & textured renaissance wall art, framed canvas print, modern living room art, large statement art, neutral home decor, gallery wall art, bedroom wall decor, minimalist poster, terracotta art print, fine art giclee, sustainable wall art",Size,12x18 in (30x45 cm),Frame Style,Matte Black Solid Wood Frame,framed-poster_flat_wood_black_12x18-in_200-gsm,50.0,TRUE
dark-academia-textured-renaissance-textured-vintage-oil-study-no-2-7fc8fb,Dark Academia & Textured Renaissance - Textured vintage oil study No. 2,"<p>Transform your living space with Dark Academia & Textured Renaissance - Textured vintage oil study No. 2. Printed on museum-grade heavyweight matte paper and encased in premium solid wood frames.</p><p>Created to reflect the calming balance of Dark Academia & Textured Renaissance, combining Deep Obsidian, Burnished Gold, Burgundy Wine, Espresso Umber, Smoky Indigo tones to anchor modern interiors with refined elegance.</p>",Atelier & Canvas,Wall Art,"dark academia & textured renaissance wall art, framed canvas print, modern living room art, large statement art, neutral home decor, gallery wall art, bedroom wall decor, minimalist poster, terracotta art print, fine art giclee, sustainable wall art",Size,12x18 in (30x45 cm),Frame Style,Museum-Grade Matte Fine Art Print (Unframed),poster_matte_12x18-in_250-gsm,26.0,TRUE
dark-academia-textured-renaissance-textured-vintage-oil-study-no-2-7fc8fb,Dark Academia & Textured Renaissance - Textured vintage oil study No. 2,"<p>Transform your living space with Dark Academia & Textured Renaissance - Textured vintage oil study No. 2. Printed on museum-grade heavyweight matte paper and encased in premium solid wood frames.</p><p>Created to reflect the calming balance of Dark Academia & Textured Renaissance, combining Deep Obsidian, Burnished Gold, Burgundy Wine, Espresso Umber, Smoky Indigo tones to anchor modern interiors with refined elegance.</p>",Atelier & Canvas,Wall Art,"dark academia & textured renaissance wall art, framed canvas print, modern living room art, large statement art, neutral home decor, gallery wall art, bedroom wall decor, minimalist poster, terracotta art print, fine art giclee, sustainable wall art",Size,18x24 in (45x60 cm),Frame Style,Solid Natural Oak Wood Frame,framed-poster_flat_wood_natural_18x24-in_200-gsm,76.0,TRUE
dark-academia-textured-renaissance-textured-vintage-oil-study-no-2-7fc8fb,Dark Academia & Textured Renaissance - Textured vintage oil study No. 2,"<p>Transform your living space with Dark Academia & Textured Renaissance - Textured vintage oil study No. 2. Printed on museum-grade heavyweight matte paper and encased in premium solid wood frames.</p><p>Created to reflect the calming balance of Dark Academia & Textured Renaissance, combining Deep Obsidian, Burnished Gold, Burgundy Wine, Espresso Umber, Smoky Indigo tones to anchor modern interiors with refined elegance.</p>",Atelier & Canvas,Wall Art,"dark academia & textured renaissance wall art, framed canvas print, modern living room art, large statement art, neutral home decor, gallery wall art, bedroom wall decor, minimalist poster, terracotta art print, fine art giclee, sustainable wall art",Size,18x24 in (45x60 cm),Frame Style,Matte Black Solid Wood Frame,framed-poster_flat_wood_black_18x24-in_200-gsm,73.0,TRUE
dark-academia-textured-renaissance-textured-vintage-oil-study-no-2-7fc8fb,Dark Academia & Textured Renaissance - Textured vintage oil study No. 2,"<p>Transform your living space with Dark Academia & Textured Renaissance - Textured vintage oil study No. 2. Printed on museum-grade heavyweight matte paper and encased in premium solid wood frames.</p><p>Created to reflect the calming balance of Dark Academia & Textured Renaissance, combining Deep Obsidian, Burnished Gold, Burgundy Wine, Espresso Umber, Smoky Indigo tones to anchor modern interiors with refined elegance.</p>",Atelier & Canvas,Wall Art,"dark academia & textured renaissance wall art, framed canvas print, modern living room art, large statement art, neutral home decor, gallery wall art, bedroom wall decor, minimalist poster, terracotta art print, fine art giclee, sustainable wall art",Size,18x24 in (45x60 cm),Frame Style,Nordic White Wood Frame,framed-poster_flat_wood_white_18x24-in_200-gsm,73.0,TRUE
dark-academia-textured-renaissance-textured-vintage-oil-study-no-2-7fc8fb,Dark Academia & Textured Renaissance - Textured vintage oil study No. 2,"<p>Transform your living space with Dark Academia & Textured Renaissance - Textured vintage oil study No. 2. Printed on museum-grade heavyweight matte paper and encased in premium solid wood frames.</p><p>Created to reflect the calming balance of Dark Academia & Textured Renaissance, combining Deep Obsidian, Burnished Gold, Burgundy Wine, Espresso Umber, Smoky Indigo tones to anchor modern interiors with refined elegance.</p>",Atelier & Canvas,Wall Art,"dark academia & textured renaissance wall art, framed canvas print, modern living room art, large statement art, neutral home decor, gallery wall art, bedroom wall decor, minimalist poster, terracotta art print, fine art giclee, sustainable wall art",Size,18x24 in (45x60 cm),Frame Style,Gallery Stretched Fine Art Canvas,canvas_slim_18x24-in_wood-frame,68.0,TRUE
dark-academia-textured-renaissance-textured-vintage-oil-study-no-2-7fc8fb,Dark Academia & Textured Renaissance - Textured vintage oil study No. 2,"<p>Transform your living space with Dark Academia & Textured Renaissance - Textured vintage oil study No. 2. Printed on museum-grade heavyweight matte paper and encased in premium solid wood frames.</p><p>Created to reflect the calming balance of Dark Academia & Textured Renaissance, combining Deep Obsidian, Burnished Gold, Burgundy Wine, Espresso Umber, Smoky Indigo tones to anchor modern interiors with refined elegance.</p>",Atelier & Canvas,Wall Art,"dark academia & textured renaissance wall art, framed canvas print, modern living room art, large statement art, neutral home decor, gallery wall art, bedroom wall decor, minimalist poster, terracotta art print, fine art giclee, sustainable wall art",Size,18x24 in (45x60 cm),Frame Style,Museum-Grade Matte Fine Art Print (Unframed),poster_matte_18x24-in_250-gsm,33.0,TRUE
dark-academia-textured-renaissance-textured-vintage-oil-study-no-2-7fc8fb,Dark Academia & Textured Renaissance - Textured vintage oil study No. 2,"<p>Transform your living space with Dark Academia & Textured Renaissance - Textured vintage oil study No. 2. Printed on museum-grade heavyweight matte paper and encased in premium solid wood frames.</p><p>Created to reflect the calming balance of Dark Academia & Textured Renaissance, combining Deep Obsidian, Burnished Gold, Burgundy Wine, Espresso Umber, Smoky Indigo tones to anchor modern interiors with refined elegance.</p>",Atelier & Canvas,Wall Art,"dark academia & textured renaissance wall art, framed canvas print, modern living room art, large statement art, neutral home decor, gallery wall art, bedroom wall decor, minimalist poster, terracotta art print, fine art giclee, sustainable wall art",Size,24x36 in (60x90 cm),Frame Style,Solid Natural Oak Wood Frame,framed-poster_flat_wood_natural_24x36-in_200-gsm,110.0,TRUE
dark-academia-textured-renaissance-textured-vintage-oil-study-no-2-7fc8fb,Dark Academia & Textured Renaissance - Textured vintage oil study No. 2,"<p>Transform your living space with Dark Academia & Textured Renaissance - Textured vintage oil study No. 2. Printed on museum-grade heavyweight matte paper and encased in premium solid wood frames.</p><p>Created to reflect the calming balance of Dark Academia & Textured Renaissance, combining Deep Obsidian, Burnished Gold, Burgundy Wine, Espresso Umber, Smoky Indigo tones to anchor modern interiors with refined elegance.</p>",Atelier & Canvas,Wall Art,"dark academia & textured renaissance wall art, framed canvas print, modern living room art, large statement art, neutral home decor, gallery wall art, bedroom wall decor, minimalist poster, terracotta art print, fine art giclee, sustainable wall art",Size,24x36 in (60x90 cm),Frame Style,Matte Black Solid Wood Frame,framed-poster_flat_wood_black_24x36-in_200-gsm,105.0,TRUE
dark-academia-textured-renaissance-textured-vintage-oil-study-no-2-7fc8fb,Dark Academia & Textured Renaissance - Textured vintage oil study No. 2,"<p>Transform your living space with Dark Academia & Textured Renaissance - Textured vintage oil study No. 2. Printed on museum-grade heavyweight matte paper and encased in premium solid wood frames.</p><p>Created to reflect the calming balance of Dark Academia & Textured Renaissance, combining Deep Obsidian, Burnished Gold, Burgundy Wine, Espresso Umber, Smoky Indigo tones to anchor modern interiors with refined elegance.</p>",Atelier & Canvas,Wall Art,"dark academia & textured renaissance wall art, framed canvas print, modern living room art, large statement art, neutral home decor, gallery wall art, bedroom wall decor, minimalist poster, terracotta art print, fine art giclee, sustainable wall art",Size,24x36 in (60x90 cm),Frame Style,Nordic White Wood Frame,framed-poster_flat_wood_white_24x36-in_200-gsm,105.0,TRUE
dark-academia-textured-renaissance-textured-vintage-oil-study-no-2-7fc8fb,Dark Academia & Textured Renaissance - Textured vintage oil study No. 2,"<p>Transform your living space with Dark Academia & Textured Renaissance - Textured vintage oil study No. 2. Printed on museum-grade heavyweight matte paper and encased in premium solid wood frames.</p><p>Created to reflect the calming balance of Dark Academia & Textured Renaissance, combining Deep Obsidian, Burnished Gold, Burgundy Wine, Espresso Umber, Smoky Indigo tones to anchor modern interiors with refined elegance.</p>",Atelier & Canvas,Wall Art,"dark academia & textured renaissance wall art, framed canvas print, modern living room art, large statement art, neutral home decor, gallery wall art, bedroom wall decor, minimalist poster, terracotta art print, fine art giclee, sustainable wall art",Size,24x36 in (60x90 cm),Frame Style,Gallery Stretched Fine Art Canvas,canvas_slim_24x36-in_wood-frame,98.0,TRUE
dark-academia-textured-renaissance-textured-vintage-oil-study-no-2-7fc8fb,Dark Academia & Textured Renaissance - Textured vintage oil study No. 2,"<p>Transform your living space with Dark Academia & Textured Renaissance - Textured vintage oil study No. 2. Printed on museum-grade heavyweight matte paper and encased in premium solid wood frames.</p><p>Created to reflect the calming balance of Dark Academia & Textured Renaissance, combining Deep Obsidian, Burnished Gold, Burgundy Wine, Espresso Umber, Smoky Indigo tones to anchor modern interiors with refined elegance.</p>",Atelier & Canvas,Wall Art,"dark academia & textured renaissance wall art, framed canvas print, modern living room art, large statement art, neutral home decor, gallery wall art, bedroom wall decor, minimalist poster, terracotta art print, fine art giclee, sustainable wall art",Size,24x36 in (60x90 cm),Frame Style,Museum-Grade Matte Fine Art Print (Unframed),poster_matte_24x36-in_250-gsm,46.0,TRUE
dark-academia-textured-renaissance-textured-vintage-oil-study-no-2-7fc8fb,Dark Academia & Textured Renaissance - Textured vintage oil study No. 2,"<p>Transform your living space with Dark Academia & Textured Renaissance - Textured vintage oil study No. 2. Printed on museum-grade heavyweight matte paper and encased in premium solid wood frames.</p><p>Created to reflect the calming balance of Dark Academia & Textured Renaissance, combining Deep Obsidian, Burnished Gold, Burgundy Wine, Espresso Umber, Smoky Indigo tones to anchor modern interiors with refined elegance.</p>",Atelier & Canvas,Wall Art,"dark academia & textured renaissance wall art, framed canvas print, modern living room art, large statement art, neutral home decor, gallery wall art, bedroom wall decor, minimalist poster, terracotta art print, fine art giclee, sustainable wall art",Size,30x40 in (75x100 cm),Frame Style,Solid Natural Oak Wood Frame,framed-poster_flat_wood_natural_30x40-in_200-gsm,148.0,TRUE
dark-academia-textured-renaissance-textured-vintage-oil-study-no-2-7fc8fb,Dark Academia & Textured Renaissance - Textured vintage oil study No. 2,"<p>Transform your living space with Dark Academia & Textured Renaissance - Textured vintage oil study No. 2. Printed on museum-grade heavyweight matte paper and encased in premium solid wood frames.</p><p>Created to reflect the calming balance of Dark Academia & Textured Renaissance, combining Deep Obsidian, Burnished Gold, Burgundy Wine, Espresso Umber, Smoky Indigo tones to anchor modern interiors with refined elegance.</p>",Atelier & Canvas,Wall Art,"dark academia & textured renaissance wall art, framed canvas print, modern living room art, large statement art, neutral home decor, gallery wall art, bedroom wall decor, minimalist poster, terracotta art print, fine art giclee, sustainable wall art",Size,30x40 in (75x100 cm),Frame Style,Matte Black Solid Wood Frame,framed-poster_flat_wood_black_30x40-in_200-gsm,143.0,TRUE
dark-academia-textured-renaissance-textured-vintage-oil-study-no-2-7fc8fb,Dark Academia & Textured Renaissance - Textured vintage oil study No. 2,"<p>Transform your living space with Dark Academia & Textured Renaissance - Textured vintage oil study No. 2. Printed on museum-grade heavyweight matte paper and encased in premium solid wood frames.</p><p>Created to reflect the calming balance of Dark Academia & Textured Renaissance, combining Deep Obsidian, Burnished Gold, Burgundy Wine, Espresso Umber, Smoky Indigo tones to anchor modern interiors with refined elegance.</p>",Atelier & Canvas,Wall Art,"dark academia & textured renaissance wall art, framed canvas print, modern living room art, large statement art, neutral home decor, gallery wall art, bedroom wall decor, minimalist poster, terracotta art print, fine art giclee, sustainable wall art",Size,30x40 in (75x100 cm),Frame Style,Gallery Stretched Fine Art Canvas,canvas_slim_30x40-in_wood-frame,137.0,TRUE
dark-academia-textured-renaissance-textured-vintage-oil-study-no-2-7fc8fb,Dark Academia & Textured Renaissance - Textured vintage oil study No. 2,"<p>Transform your living space with Dark Academia & Textured Renaissance - Textured vintage oil study No. 2. Printed on museum-grade heavyweight matte paper and encased in premium solid wood frames.</p><p>Created to reflect the calming balance of Dark Academia & Textured Renaissance, combining Deep Obsidian, Burnished Gold, Burgundy Wine, Espresso Umber, Smoky Indigo tones to anchor modern interiors with refined elegance.</p>",Atelier & Canvas,Wall Art,"dark academia & textured renaissance wall art, framed canvas print, modern living room art, large statement art, neutral home decor, gallery wall art, bedroom wall decor, minimalist poster, terracotta art print, fine art giclee, sustainable wall art",Size,30x40 in (75x100 cm),Frame Style,Museum-Grade Matte Fine Art Print (Unframed),poster_matte_30x40-in_250-gsm,59.0,TRUE
mediterranean-terracotta-coastal-ease-sun-bleached-linen-balconies-no-1-02a5c3,Mediterranean Terracotta & Coastal Ease - Sun-bleached linen balconies No. 1,"<p>Transform your living space with Mediterranean Terracotta & Coastal Ease - Sun-bleached linen balconies No. 1. Printed on museum-grade heavyweight matte paper and encased in premium solid wood frames.</p><p>Created to reflect the calming balance of Mediterranean Terracotta & Coastal Ease, combining Amalfi Ultramarine, Terracotta Clay, Olive Green, Sunlit Limewash, Warm Sand tones to anchor modern interiors with refined elegance.</p>",Atelier & Canvas,Wall Art,"mediterranean terracotta & coastal ease wall art, framed canvas print, modern living room art, large statement art, neutral home decor, gallery wall art, bedroom wall decor, minimalist poster, terracotta art print, fine art giclee, sustainable wall art",Size,12x18 in (30x45 cm),Frame Style,Solid Natural Oak Wood Frame,framed-poster_flat_wood_natural_12x18-in_200-gsm,52.0,TRUE
mediterranean-terracotta-coastal-ease-sun-bleached-linen-balconies-no-1-02a5c3,Mediterranean Terracotta & Coastal Ease - Sun-bleached linen balconies No. 1,"<p>Transform your living space with Mediterranean Terracotta & Coastal Ease - Sun-bleached linen balconies No. 1. Printed on museum-grade heavyweight matte paper and encased in premium solid wood frames.</p><p>Created to reflect the calming balance of Mediterranean Terracotta & Coastal Ease, combining Amalfi Ultramarine, Terracotta Clay, Olive Green, Sunlit Limewash, Warm Sand tones to anchor modern interiors with refined elegance.</p>",Atelier & Canvas,Wall Art,"mediterranean terracotta & coastal ease wall art, framed canvas print, modern living room art, large statement art, neutral home decor, gallery wall art, bedroom wall decor, minimalist poster, terracotta art print, fine art giclee, sustainable wall art",Size,12x18 in (30x45 cm),Frame Style,Matte Black Solid Wood Frame,framed-poster_flat_wood_black_12x18-in_200-gsm,50.0,TRUE
mediterranean-terracotta-coastal-ease-sun-bleached-linen-balconies-no-1-02a5c3,Mediterranean Terracotta & Coastal Ease - Sun-bleached linen balconies No. 1,"<p>Transform your living space with Mediterranean Terracotta & Coastal Ease - Sun-bleached linen balconies No. 1. Printed on museum-grade heavyweight matte paper and encased in premium solid wood frames.</p><p>Created to reflect the calming balance of Mediterranean Terracotta & Coastal Ease, combining Amalfi Ultramarine, Terracotta Clay, Olive Green, Sunlit Limewash, Warm Sand tones to anchor modern interiors with refined elegance.</p>",Atelier & Canvas,Wall Art,"mediterranean terracotta & coastal ease wall art, framed canvas print, modern living room art, large statement art, neutral home decor, gallery wall art, bedroom wall decor, minimalist poster, terracotta art print, fine art giclee, sustainable wall art",Size,12x18 in (30x45 cm),Frame Style,Museum-Grade Matte Fine Art Print (Unframed),poster_matte_12x18-in_250-gsm,26.0,TRUE
mediterranean-terracotta-coastal-ease-sun-bleached-linen-balconies-no-1-02a5c3,Mediterranean Terracotta & Coastal Ease - Sun-bleached linen balconies No. 1,"<p>Transform your living space with Mediterranean Terracotta & Coastal Ease - Sun-bleached linen balconies No. 1. Printed on museum-grade heavyweight matte paper and encased in premium solid wood frames.</p><p>Created to reflect the calming balance of Mediterranean Terracotta & Coastal Ease, combining Amalfi Ultramarine, Terracotta Clay, Olive Green, Sunlit Limewash, Warm Sand tones to anchor modern interiors with refined elegance.</p>",Atelier & Canvas,Wall Art,"mediterranean terracotta & coastal ease wall art, framed canvas print, modern living room art, large statement art, neutral home decor, gallery wall art, bedroom wall decor, minimalist poster, terracotta art print, fine art giclee, sustainable wall art",Size,18x24 in (45x60 cm),Frame Style,Solid Natural Oak Wood Frame,framed-poster_flat_wood_natural_18x24-in_200-gsm,76.0,TRUE
mediterranean-terracotta-coastal-ease-sun-bleached-linen-balconies-no-1-02a5c3,Mediterranean Terracotta & Coastal Ease - Sun-bleached linen balconies No. 1,"<p>Transform your living space with Mediterranean Terracotta & Coastal Ease - Sun-bleached linen balconies No. 1. Printed on museum-grade heavyweight matte paper and encased in premium solid wood frames.</p><p>Created to reflect the calming balance of Mediterranean Terracotta & Coastal Ease, combining Amalfi Ultramarine, Terracotta Clay, Olive Green, Sunlit Limewash, Warm Sand tones to anchor modern interiors with refined elegance.</p>",Atelier & Canvas,Wall Art,"mediterranean terracotta & coastal ease wall art, framed canvas print, modern living room art, large statement art, neutral home decor, gallery wall art, bedroom wall decor, minimalist poster, terracotta art print, fine art giclee, sustainable wall art",Size,18x24 in (45x60 cm),Frame Style,Matte Black Solid Wood Frame,framed-poster_flat_wood_black_18x24-in_200-gsm,73.0,TRUE
mediterranean-terracotta-coastal-ease-sun-bleached-linen-balconies-no-1-02a5c3,Mediterranean Terracotta & Coastal Ease - Sun-bleached linen balconies No. 1,"<p>Transform your living space with Mediterranean Terracotta & Coastal Ease - Sun-bleached linen balconies No. 1. Printed on museum-grade heavyweight matte paper and encased in premium solid wood frames.</p><p>Created to reflect the calming balance of Mediterranean Terracotta & Coastal Ease, combining Amalfi Ultramarine, Terracotta Clay, Olive Green, Sunlit Limewash, Warm Sand tones to anchor modern interiors with refined elegance.</p>",Atelier & Canvas,Wall Art,"mediterranean terracotta & coastal ease wall art, framed canvas print, modern living room art, large statement art, neutral home decor, gallery wall art, bedroom wall decor, minimalist poster, terracotta art print, fine art giclee, sustainable wall art",Size,18x24 in (45x60 cm),Frame Style,Nordic White Wood Frame,framed-poster_flat_wood_white_18x24-in_200-gsm,73.0,TRUE
mediterranean-terracotta-coastal-ease-sun-bleached-linen-balconies-no-1-02a5c3,Mediterranean Terracotta & Coastal Ease - Sun-bleached linen balconies No. 1,"<p>Transform your living space with Mediterranean Terracotta & Coastal Ease - Sun-bleached linen balconies No. 1. Printed on museum-grade heavyweight matte paper and encased in premium solid wood frames.</p><p>Created to reflect the calming balance of Mediterranean Terracotta & Coastal Ease, combining Amalfi Ultramarine, Terracotta Clay, Olive Green, Sunlit Limewash, Warm Sand tones to anchor modern interiors with refined elegance.</p>",Atelier & Canvas,Wall Art,"mediterranean terracotta & coastal ease wall art, framed canvas print, modern living room art, large statement art, neutral home decor, gallery wall art, bedroom wall decor, minimalist poster, terracotta art print, fine art giclee, sustainable wall art",Size,18x24 in (45x60 cm),Frame Style,Gallery Stretched Fine Art Canvas,canvas_slim_18x24-in_wood-frame,68.0,TRUE
mediterranean-terracotta-coastal-ease-sun-bleached-linen-balconies-no-1-02a5c3,Mediterranean Terracotta & Coastal Ease - Sun-bleached linen balconies No. 1,"<p>Transform your living space with Mediterranean Terracotta & Coastal Ease - Sun-bleached linen balconies No. 1. Printed on museum-grade heavyweight matte paper and encased in premium solid wood frames.</p><p>Created to reflect the calming balance of Mediterranean Terracotta & Coastal Ease, combining Amalfi Ultramarine, Terracotta Clay, Olive Green, Sunlit Limewash, Warm Sand tones to anchor modern interiors with refined elegance.</p>",Atelier & Canvas,Wall Art,"mediterranean terracotta & coastal ease wall art, framed canvas print, modern living room art, large statement art, neutral home decor, gallery wall art, bedroom wall decor, minimalist poster, terracotta art print, fine art giclee, sustainable wall art",Size,18x24 in (45x60 cm),Frame Style,Museum-Grade Matte Fine Art Print (Unframed),poster_matte_18x24-in_250-gsm,33.0,TRUE
mediterranean-terracotta-coastal-ease-sun-bleached-linen-balconies-no-1-02a5c3,Mediterranean Terracotta & Coastal Ease - Sun-bleached linen balconies No. 1,"<p>Transform your living space with Mediterranean Terracotta & Coastal Ease - Sun-bleached linen balconies No. 1. Printed on museum-grade heavyweight matte paper and encased in premium solid wood frames.</p><p>Created to reflect the calming balance of Mediterranean Terracotta & Coastal Ease, combining Amalfi Ultramarine, Terracotta Clay, Olive Green, Sunlit Limewash, Warm Sand tones to anchor modern interiors with refined elegance.</p>",Atelier & Canvas,Wall Art,"mediterranean terracotta & coastal ease wall art, framed canvas print, modern living room art, large statement art, neutral home decor, gallery wall art, bedroom wall decor, minimalist poster, terracotta art print, fine art giclee, sustainable wall art",Size,24x36 in (60x90 cm),Frame Style,Solid Natural Oak Wood Frame,framed-poster_flat_wood_natural_24x36-in_200-gsm,110.0,TRUE
mediterranean-terracotta-coastal-ease-sun-bleached-linen-balconies-no-1-02a5c3,Mediterranean Terracotta & Coastal Ease - Sun-bleached linen balconies No. 1,"<p>Transform your living space with Mediterranean Terracotta & Coastal Ease - Sun-bleached linen balconies No. 1. Printed on museum-grade heavyweight matte paper and encased in premium solid wood frames.</p><p>Created to reflect the calming balance of Mediterranean Terracotta & Coastal Ease, combining Amalfi Ultramarine, Terracotta Clay, Olive Green, Sunlit Limewash, Warm Sand tones to anchor modern interiors with refined elegance.</p>",Atelier & Canvas,Wall Art,"mediterranean terracotta & coastal ease wall art, framed canvas print, modern living room art, large statement art, neutral home decor, gallery wall art, bedroom wall decor, minimalist poster, terracotta art print, fine art giclee, sustainable wall art",Size,24x36 in (60x90 cm),Frame Style,Matte Black Solid Wood Frame,framed-poster_flat_wood_black_24x36-in_200-gsm,105.0,TRUE
mediterranean-terracotta-coastal-ease-sun-bleached-linen-balconies-no-1-02a5c3,Mediterranean Terracotta & Coastal Ease - Sun-bleached linen balconies No. 1,"<p>Transform your living space with Mediterranean Terracotta & Coastal Ease - Sun-bleached linen balconies No. 1. Printed on museum-grade heavyweight matte paper and encased in premium solid wood frames.</p><p>Created to reflect the calming balance of Mediterranean Terracotta & Coastal Ease, combining Amalfi Ultramarine, Terracotta Clay, Olive Green, Sunlit Limewash, Warm Sand tones to anchor modern interiors with refined elegance.</p>",Atelier & Canvas,Wall Art,"mediterranean terracotta & coastal ease wall art, framed canvas print, modern living room art, large statement art, neutral home decor, gallery wall art, bedroom wall decor, minimalist poster, terracotta art print, fine art giclee, sustainable wall art",Size,24x36 in (60x90 cm),Frame Style,Nordic White Wood Frame,framed-poster_flat_wood_white_24x36-in_200-gsm,105.0,TRUE
mediterranean-terracotta-coastal-ease-sun-bleached-linen-balconies-no-1-02a5c3,Mediterranean Terracotta & Coastal Ease - Sun-bleached linen balconies No. 1,"<p>Transform your living space with Mediterranean Terracotta & Coastal Ease - Sun-bleached linen balconies No. 1. Printed on museum-grade heavyweight matte paper and encased in premium solid wood frames.</p><p>Created to reflect the calming balance of Mediterranean Terracotta & Coastal Ease, combining Amalfi Ultramarine, Terracotta Clay, Olive Green, Sunlit Limewash, Warm Sand tones to anchor modern interiors with refined elegance.</p>",Atelier & Canvas,Wall Art,"mediterranean terracotta & coastal ease wall art, framed canvas print, modern living room art, large statement art, neutral home decor, gallery wall art, bedroom wall decor, minimalist poster, terracotta art print, fine art giclee, sustainable wall art",Size,24x36 in (60x90 cm),Frame Style,Gallery Stretched Fine Art Canvas,canvas_slim_24x36-in_wood-frame,98.0,TRUE
mediterranean-terracotta-coastal-ease-sun-bleached-linen-balconies-no-1-02a5c3,Mediterranean Terracotta & Coastal Ease - Sun-bleached linen balconies No. 1,"<p>Transform your living space with Mediterranean Terracotta & Coastal Ease - Sun-bleached linen balconies No. 1. Printed on museum-grade heavyweight matte paper and encased in premium solid wood frames.</p><p>Created to reflect the calming balance of Mediterranean Terracotta & Coastal Ease, combining Amalfi Ultramarine, Terracotta Clay, Olive Green, Sunlit Limewash, Warm Sand tones to anchor modern interiors with refined elegance.</p>",Atelier & Canvas,Wall Art,"mediterranean terracotta & coastal ease wall art, framed canvas print, modern living room art, large statement art, neutral home decor, gallery wall art, bedroom wall decor, minimalist poster, terracotta art print, fine art giclee, sustainable wall art",Size,24x36 in (60x90 cm),Frame Style,Museum-Grade Matte Fine Art Print (Unframed),poster_matte_24x36-in_250-gsm,46.0,TRUE
mediterranean-terracotta-coastal-ease-sun-bleached-linen-balconies-no-1-02a5c3,Mediterranean Terracotta & Coastal Ease - Sun-bleached linen balconies No. 1,"<p>Transform your living space with Mediterranean Terracotta & Coastal Ease - Sun-bleached linen balconies No. 1. Printed on museum-grade heavyweight matte paper and encased in premium solid wood frames.</p><p>Created to reflect the calming balance of Mediterranean Terracotta & Coastal Ease, combining Amalfi Ultramarine, Terracotta Clay, Olive Green, Sunlit Limewash, Warm Sand tones to anchor modern interiors with refined elegance.</p>",Atelier & Canvas,Wall Art,"mediterranean terracotta & coastal ease wall art, framed canvas print, modern living room art, large statement art, neutral home decor, gallery wall art, bedroom wall decor, minimalist poster, terracotta art print, fine art giclee, sustainable wall art",Size,30x40 in (75x100 cm),Frame Style,Solid Natural Oak Wood Frame,framed-poster_flat_wood_natural_30x40-in_200-gsm,148.0,TRUE
mediterranean-terracotta-coastal-ease-sun-bleached-linen-balconies-no-1-02a5c3,Mediterranean Terracotta & Coastal Ease - Sun-bleached linen balconies No. 1,"<p>Transform your living space with Mediterranean Terracotta & Coastal Ease - Sun-bleached linen balconies No. 1. Printed on museum-grade heavyweight matte paper and encased in premium solid wood frames.</p><p>Created to reflect the calming balance of Mediterranean Terracotta & Coastal Ease, combining Amalfi Ultramarine, Terracotta Clay, Olive Green, Sunlit Limewash, Warm Sand tones to anchor modern interiors with refined elegance.</p>",Atelier & Canvas,Wall Art,"mediterranean terracotta & coastal ease wall art, framed canvas print, modern living room art, large statement art, neutral home decor, gallery wall art, bedroom wall decor, minimalist poster, terracotta art print, fine art giclee, sustainable wall art",Size,30x40 in (75x100 cm),Frame Style,Matte Black Solid Wood Frame,framed-poster_flat_wood_black_30x40-in_200-gsm,143.0,TRUE
mediterranean-terracotta-coastal-ease-sun-bleached-linen-balconies-no-1-02a5c3,Mediterranean Terracotta & Coastal Ease - Sun-bleached linen balconies No. 1,"<p>Transform your living space with Mediterranean Terracotta & Coastal Ease - Sun-bleached linen balconies No. 1. Printed on museum-grade heavyweight matte paper and encased in premium solid wood frames.</p><p>Created to reflect the calming balance of Mediterranean Terracotta & Coastal Ease, combining Amalfi Ultramarine, Terracotta Clay, Olive Green, Sunlit Limewash, Warm Sand tones to anchor modern interiors with refined elegance.</p>",Atelier & Canvas,Wall Art,"mediterranean terracotta & coastal ease wall art, framed canvas print, modern living room art, large statement art, neutral home decor, gallery wall art, bedroom wall decor, minimalist poster, terracotta art print, fine art giclee, sustainable wall art",Size,30x40 in (75x100 cm),Frame Style,Gallery Stretched Fine Art Canvas,canvas_slim_30x40-in_wood-frame,137.0,TRUE
mediterranean-terracotta-coastal-ease-sun-bleached-linen-balconies-no-1-02a5c3,Mediterranean Terracotta & Coastal Ease - Sun-bleached linen balconies No. 1,"<p>Transform your living space with Mediterranean Terracotta & Coastal Ease - Sun-bleached linen balconies No. 1. Printed on museum-grade heavyweight matte paper and encased in premium solid wood frames.</p><p>Created to reflect the calming balance of Mediterranean Terracotta & Coastal Ease, combining Amalfi Ultramarine, Terracotta Clay, Olive Green, Sunlit Limewash, Warm Sand tones to anchor modern interiors with refined elegance.</p>",Atelier & Canvas,Wall Art,"mediterranean terracotta & coastal ease wall art, framed canvas print, modern living room art, large statement art, neutral home decor, gallery wall art, bedroom wall decor, minimalist poster, terracotta art print, fine art giclee, sustainable wall art",Size,30x40 in (75x100 cm),Frame Style,Museum-Grade Matte Fine Art Print (Unframed),poster_matte_30x40-in_250-gsm,59.0,TRUE
antique-botanical-herbarium-medicinal-alpine-flora-no-6-dd223a,Antique Botanical & Herbarium - Medicinal alpine flora No. 6,"<p>Transform your living space with Antique Botanical & Herbarium - Medicinal alpine flora No. 6. Printed on museum-grade heavyweight matte paper and encased in premium solid wood frames.</p><p>Created to reflect the calming balance of Antique Botanical & Herbarium, combining Forest Moss, Eucalyptus Green, Antique Sepia, Old Ivory, Dried Rose tones to anchor modern interiors with refined elegance.</p>",Atelier & Canvas,Wall Art,"antique botanical & herbarium wall art, framed canvas print, modern living room art, large statement art, neutral home decor, gallery wall art, bedroom wall decor, minimalist poster, terracotta art print, fine art giclee, sustainable wall art",Size,12x18 in (30x45 cm),Frame Style,Solid Natural Oak Wood Frame,framed-poster_flat_wood_natural_12x18-in_200-gsm,52.0,TRUE
antique-botanical-herbarium-medicinal-alpine-flora-no-6-dd223a,Antique Botanical & Herbarium - Medicinal alpine flora No. 6,"<p>Transform your living space with Antique Botanical & Herbarium - Medicinal alpine flora No. 6. Printed on museum-grade heavyweight matte paper and encased in premium solid wood frames.</p><p>Created to reflect the calming balance of Antique Botanical & Herbarium, combining Forest Moss, Eucalyptus Green, Antique Sepia, Old Ivory, Dried Rose tones to anchor modern interiors with refined elegance.</p>",Atelier & Canvas,Wall Art,"antique botanical & herbarium wall art, framed canvas print, modern living room art, large statement art, neutral home decor, gallery wall art, bedroom wall decor, minimalist poster, terracotta art print, fine art giclee, sustainable wall art",Size,12x18 in (30x45 cm),Frame Style,Matte Black Solid Wood Frame,framed-poster_flat_wood_black_12x18-in_200-gsm,50.0,TRUE
antique-botanical-herbarium-medicinal-alpine-flora-no-6-dd223a,Antique Botanical & Herbarium - Medicinal alpine flora No. 6,"<p>Transform your living space with Antique Botanical & Herbarium - Medicinal alpine flora No. 6. Printed on museum-grade heavyweight matte paper and encased in premium solid wood frames.</p><p>Created to reflect the calming balance of Antique Botanical & Herbarium, combining Forest Moss, Eucalyptus Green, Antique Sepia, Old Ivory, Dried Rose tones to anchor modern interiors with refined elegance.</p>",Atelier & Canvas,Wall Art,"antique botanical & herbarium wall art, framed canvas print, modern living room art, large statement art, neutral home decor, gallery wall art, bedroom wall decor, minimalist poster, terracotta art print, fine art giclee, sustainable wall art",Size,12x18 in (30x45 cm),Frame Style,Museum-Grade Matte Fine Art Print (Unframed),poster_matte_12x18-in_250-gsm,26.0,TRUE
antique-botanical-herbarium-medicinal-alpine-flora-no-6-dd223a,Antique Botanical & Herbarium - Medicinal alpine flora No. 6,"<p>Transform your living space with Antique Botanical & Herbarium - Medicinal alpine flora No. 6. Printed on museum-grade heavyweight matte paper and encased in premium solid wood frames.</p><p>Created to reflect the calming balance of Antique Botanical & Herbarium, combining Forest Moss, Eucalyptus Green, Antique Sepia, Old Ivory, Dried Rose tones to anchor modern interiors with refined elegance.</p>",Atelier & Canvas,Wall Art,"antique botanical & herbarium wall art, framed canvas print, modern living room art, large statement art, neutral home decor, gallery wall art, bedroom wall decor, minimalist poster, terracotta art print, fine art giclee, sustainable wall art",Size,18x24 in (45x60 cm),Frame Style,Solid Natural Oak Wood Frame,framed-poster_flat_wood_natural_18x24-in_200-gsm,76.0,TRUE
antique-botanical-herbarium-medicinal-alpine-flora-no-6-dd223a,Antique Botanical & Herbarium - Medicinal alpine flora No. 6,"<p>Transform your living space with Antique Botanical & Herbarium - Medicinal alpine flora No. 6. Printed on museum-grade heavyweight matte paper and encased in premium solid wood frames.</p><p>Created to reflect the calming balance of Antique Botanical & Herbarium, combining Forest Moss, Eucalyptus Green, Antique Sepia, Old Ivory, Dried Rose tones to anchor modern interiors with refined elegance.</p>",Atelier & Canvas,Wall Art,"antique botanical & herbarium wall art, framed canvas print, modern living room art, large statement art, neutral home decor, gallery wall art, bedroom wall decor, minimalist poster, terracotta art print, fine art giclee, sustainable wall art",Size,18x24 in (45x60 cm),Frame Style,Matte Black Solid Wood Frame,framed-poster_flat_wood_black_18x24-in_200-gsm,73.0,TRUE
antique-botanical-herbarium-medicinal-alpine-flora-no-6-dd223a,Antique Botanical & Herbarium - Medicinal alpine flora No. 6,"<p>Transform your living space with Antique Botanical & Herbarium - Medicinal alpine flora No. 6. Printed on museum-grade heavyweight matte paper and encased in premium solid wood frames.</p><p>Created to reflect the calming balance of Antique Botanical & Herbarium, combining Forest Moss, Eucalyptus Green, Antique Sepia, Old Ivory, Dried Rose tones to anchor modern interiors with refined elegance.</p>",Atelier & Canvas,Wall Art,"antique botanical & herbarium wall art, framed canvas print, modern living room art, large statement art, neutral home decor, gallery wall art, bedroom wall decor, minimalist poster, terracotta art print, fine art giclee, sustainable wall art",Size,18x24 in (45x60 cm),Frame Style,Nordic White Wood Frame,framed-poster_flat_wood_white_18x24-in_200-gsm,73.0,TRUE
antique-botanical-herbarium-medicinal-alpine-flora-no-6-dd223a,Antique Botanical & Herbarium - Medicinal alpine flora No. 6,"<p>Transform your living space with Antique Botanical & Herbarium - Medicinal alpine flora No. 6. Printed on museum-grade heavyweight matte paper and encased in premium solid wood frames.</p><p>Created to reflect the calming balance of Antique Botanical & Herbarium, combining Forest Moss, Eucalyptus Green, Antique Sepia, Old Ivory, Dried Rose tones to anchor modern interiors with refined elegance.</p>",Atelier & Canvas,Wall Art,"antique botanical & herbarium wall art, framed canvas print, modern living room art, large statement art, neutral home decor, gallery wall art, bedroom wall decor, minimalist poster, terracotta art print, fine art giclee, sustainable wall art",Size,18x24 in (45x60 cm),Frame Style,Gallery Stretched Fine Art Canvas,canvas_slim_18x24-in_wood-frame,68.0,TRUE
antique-botanical-herbarium-medicinal-alpine-flora-no-6-dd223a,Antique Botanical & Herbarium - Medicinal alpine flora No. 6,"<p>Transform your living space with Antique Botanical & Herbarium - Medicinal alpine flora No. 6. Printed on museum-grade heavyweight matte paper and encased in premium solid wood frames.</p><p>Created to reflect the calming balance of Antique Botanical & Herbarium, combining Forest Moss, Eucalyptus Green, Antique Sepia, Old Ivory, Dried Rose tones to anchor modern interiors with refined elegance.</p>",Atelier & Canvas,Wall Art,"antique botanical & herbarium wall art, framed canvas print, modern living room art, large statement art, neutral home decor, gallery wall art, bedroom wall decor, minimalist poster, terracotta art print, fine art giclee, sustainable wall art",Size,18x24 in (45x60 cm),Frame Style,Museum-Grade Matte Fine Art Print (Unframed),poster_matte_18x24-in_250-gsm,33.0,TRUE
antique-botanical-herbarium-medicinal-alpine-flora-no-6-dd223a,Antique Botanical & Herbarium - Medicinal alpine flora No. 6,"<p>Transform your living space with Antique Botanical & Herbarium - Medicinal alpine flora No. 6. Printed on museum-grade heavyweight matte paper and encased in premium solid wood frames.</p><p>Created to reflect the calming balance of Antique Botanical & Herbarium, combining Forest Moss, Eucalyptus Green, Antique Sepia, Old Ivory, Dried Rose tones to anchor modern interiors with refined elegance.</p>",Atelier & Canvas,Wall Art,"antique botanical & herbarium wall art, framed canvas print, modern living room art, large statement art, neutral home decor, gallery wall art, bedroom wall decor, minimalist poster, terracotta art print, fine art giclee, sustainable wall art",Size,24x36 in (60x90 cm),Frame Style,Solid Natural Oak Wood Frame,framed-poster_flat_wood_natural_24x36-in_200-gsm,110.0,TRUE
antique-botanical-herbarium-medicinal-alpine-flora-no-6-dd223a,Antique Botanical & Herbarium - Medicinal alpine flora No. 6,"<p>Transform your living space with Antique Botanical & Herbarium - Medicinal alpine flora No. 6. Printed on museum-grade heavyweight matte paper and encased in premium solid wood frames.</p><p>Created to reflect the calming balance of Antique Botanical & Herbarium, combining Forest Moss, Eucalyptus Green, Antique Sepia, Old Ivory, Dried Rose tones to anchor modern interiors with refined elegance.</p>",Atelier & Canvas,Wall Art,"antique botanical & herbarium wall art, framed canvas print, modern living room art, large statement art, neutral home decor, gallery wall art, bedroom wall decor, minimalist poster, terracotta art print, fine art giclee, sustainable wall art",Size,24x36 in (60x90 cm),Frame Style,Matte Black Solid Wood Frame,framed-poster_flat_wood_black_24x36-in_200-gsm,105.0,TRUE
antique-botanical-herbarium-medicinal-alpine-flora-no-6-dd223a,Antique Botanical & Herbarium - Medicinal alpine flora No. 6,"<p>Transform your living space with Antique Botanical & Herbarium - Medicinal alpine flora No. 6. Printed on museum-grade heavyweight matte paper and encased in premium solid wood frames.</p><p>Created to reflect the calming balance of Antique Botanical & Herbarium, combining Forest Moss, Eucalyptus Green, Antique Sepia, Old Ivory, Dried Rose tones to anchor modern interiors with refined elegance.</p>",Atelier & Canvas,Wall Art,"antique botanical & herbarium wall art, framed canvas print, modern living room art, large statement art, neutral home decor, gallery wall art, bedroom wall decor, minimalist poster, terracotta art print, fine art giclee, sustainable wall art",Size,24x36 in (60x90 cm),Frame Style,Nordic White Wood Frame,framed-poster_flat_wood_white_24x36-in_200-gsm,105.0,TRUE
antique-botanical-herbarium-medicinal-alpine-flora-no-6-dd223a,Antique Botanical & Herbarium - Medicinal alpine flora No. 6,"<p>Transform your living space with Antique Botanical & Herbarium - Medicinal alpine flora No. 6. Printed on museum-grade heavyweight matte paper and encased in premium solid wood frames.</p><p>Created to reflect the calming balance of Antique Botanical & Herbarium, combining Forest Moss, Eucalyptus Green, Antique Sepia, Old Ivory, Dried Rose tones to anchor modern interiors with refined elegance.</p>",Atelier & Canvas,Wall Art,"antique botanical & herbarium wall art, framed canvas print, modern living room art, large statement art, neutral home decor, gallery wall art, bedroom wall decor, minimalist poster, terracotta art print, fine art giclee, sustainable wall art",Size,24x36 in (60x90 cm),Frame Style,Gallery Stretched Fine Art Canvas,canvas_slim_24x36-in_wood-frame,98.0,TRUE
antique-botanical-herbarium-medicinal-alpine-flora-no-6-dd223a,Antique Botanical & Herbarium - Medicinal alpine flora No. 6,"<p>Transform your living space with Antique Botanical & Herbarium - Medicinal alpine flora No. 6. Printed on museum-grade heavyweight matte paper and encased in premium solid wood frames.</p><p>Created to reflect the calming balance of Antique Botanical & Herbarium, combining Forest Moss, Eucalyptus Green, Antique Sepia, Old Ivory, Dried Rose tones to anchor modern interiors with refined elegance.</p>",Atelier & Canvas,Wall Art,"antique botanical & herbarium wall art, framed canvas print, modern living room art, large statement art, neutral home decor, gallery wall art, bedroom wall decor, minimalist poster, terracotta art print, fine art giclee, sustainable wall art",Size,24x36 in (60x90 cm),Frame Style,Museum-Grade Matte Fine Art Print (Unframed),poster_matte_24x36-in_250-gsm,46.0,TRUE
antique-botanical-herbarium-medicinal-alpine-flora-no-6-dd223a,Antique Botanical & Herbarium - Medicinal alpine flora No. 6,"<p>Transform your living space with Antique Botanical & Herbarium - Medicinal alpine flora No. 6. Printed on museum-grade heavyweight matte paper and encased in premium solid wood frames.</p><p>Created to reflect the calming balance of Antique Botanical & Herbarium, combining Forest Moss, Eucalyptus Green, Antique Sepia, Old Ivory, Dried Rose tones to anchor modern interiors with refined elegance.</p>",Atelier & Canvas,Wall Art,"antique botanical & herbarium wall art, framed canvas print, modern living room art, large statement art, neutral home decor, gallery wall art, bedroom wall decor, minimalist poster, terracotta art print, fine art giclee, sustainable wall art",Size,30x40 in (75x100 cm),Frame Style,Solid Natural Oak Wood Frame,framed-poster_flat_wood_natural_30x40-in_200-gsm,148.0,TRUE
antique-botanical-herbarium-medicinal-alpine-flora-no-6-dd223a,Antique Botanical & Herbarium - Medicinal alpine flora No. 6,"<p>Transform your living space with Antique Botanical & Herbarium - Medicinal alpine flora No. 6. Printed on museum-grade heavyweight matte paper and encased in premium solid wood frames.</p><p>Created to reflect the calming balance of Antique Botanical & Herbarium, combining Forest Moss, Eucalyptus Green, Antique Sepia, Old Ivory, Dried Rose tones to anchor modern interiors with refined elegance.</p>",Atelier & Canvas,Wall Art,"antique botanical & herbarium wall art, framed canvas print, modern living room art, large statement art, neutral home decor, gallery wall art, bedroom wall decor, minimalist poster, terracotta art print, fine art giclee, sustainable wall art",Size,30x40 in (75x100 cm),Frame Style,Matte Black Solid Wood Frame,framed-poster_flat_wood_black_30x40-in_200-gsm,143.0,TRUE
antique-botanical-herbarium-medicinal-alpine-flora-no-6-dd223a,Antique Botanical & Herbarium - Medicinal alpine flora No. 6,"<p>Transform your living space with Antique Botanical & Herbarium - Medicinal alpine flora No. 6. Printed on museum-grade heavyweight matte paper and encased in premium solid wood frames.</p><p>Created to reflect the calming balance of Antique Botanical & Herbarium, combining Forest Moss, Eucalyptus Green, Antique Sepia, Old Ivory, Dried Rose tones to anchor modern interiors with refined elegance.</p>",Atelier & Canvas,Wall Art,"antique botanical & herbarium wall art, framed canvas print, modern living room art, large statement art, neutral home decor, gallery wall art, bedroom wall decor, minimalist poster, terracotta art print, fine art giclee, sustainable wall art",Size,30x40 in (75x100 cm),Frame Style,Gallery Stretched Fine Art Canvas,canvas_slim_30x40-in_wood-frame,137.0,TRUE
antique-botanical-herbarium-medicinal-alpine-flora-no-6-dd223a,Antique Botanical & Herbarium - Medicinal alpine flora No. 6,"<p>Transform your living space with Antique Botanical & Herbarium - Medicinal alpine flora No. 6. Printed on museum-grade heavyweight matte paper and encased in premium solid wood frames.</p><p>Created to reflect the calming balance of Antique Botanical & Herbarium, combining Forest Moss, Eucalyptus Green, Antique Sepia, Old Ivory, Dried Rose tones to anchor modern interiors with refined elegance.</p>",Atelier & Canvas,Wall Art,"antique botanical & herbarium wall art, framed canvas print, modern living room art, large statement art, neutral home decor, gallery wall art, bedroom wall decor, minimalist poster, terracotta art print, fine art giclee, sustainable wall art",Size,30x40 in (75x100 cm),Frame Style,Museum-Grade Matte Fine Art Print (Unframed),poster_matte_30x40-in_250-gsm,59.0,TRUE
mid-century-bauhaus-modernism-abstract-architectural-elevations-no-9-3e4184,Mid-Century Bauhaus & Modernism - Abstract architectural elevations No. 9,"<p>Transform your living space with Mid-Century Bauhaus & Modernism - Abstract architectural elevations No. 9. Printed on museum-grade heavyweight matte paper and encased in premium solid wood frames.</p><p>Created to reflect the calming balance of Mid-Century Bauhaus & Modernism, combining Deep Cobalt, Burnt Vermilion, Mustard Yellow, Matte Black, Warm Parchment tones to anchor modern interiors with refined elegance.</p>",Atelier & Canvas,Wall Art,"mid-century bauhaus & modernism wall art, framed canvas print, modern living room art, large statement art, neutral home decor, gallery wall art, bedroom wall decor, minimalist poster, terracotta art print, fine art giclee, sustainable wall art",Size,12x18 in (30x45 cm),Frame Style,Solid Natural Oak Wood Frame,framed-poster_flat_wood_natural_12x18-in_200-gsm,52.0,TRUE
mid-century-bauhaus-modernism-abstract-architectural-elevations-no-9-3e4184,Mid-Century Bauhaus & Modernism - Abstract architectural elevations No. 9,"<p>Transform your living space with Mid-Century Bauhaus & Modernism - Abstract architectural elevations No. 9. Printed on museum-grade heavyweight matte paper and encased in premium solid wood frames.</p><p>Created to reflect the calming balance of Mid-Century Bauhaus & Modernism, combining Deep Cobalt, Burnt Vermilion, Mustard Yellow, Matte Black, Warm Parchment tones to anchor modern interiors with refined elegance.</p>",Atelier & Canvas,Wall Art,"mid-century bauhaus & modernism wall art, framed canvas print, modern living room art, large statement art, neutral home decor, gallery wall art, bedroom wall decor, minimalist poster, terracotta art print, fine art giclee, sustainable wall art",Size,12x18 in (30x45 cm),Frame Style,Matte Black Solid Wood Frame,framed-poster_flat_wood_black_12x18-in_200-gsm,50.0,TRUE
mid-century-bauhaus-modernism-abstract-architectural-elevations-no-9-3e4184,Mid-Century Bauhaus & Modernism - Abstract architectural elevations No. 9,"<p>Transform your living space with Mid-Century Bauhaus & Modernism - Abstract architectural elevations No. 9. Printed on museum-grade heavyweight matte paper and encased in premium solid wood frames.</p><p>Created to reflect the calming balance of Mid-Century Bauhaus & Modernism, combining Deep Cobalt, Burnt Vermilion, Mustard Yellow, Matte Black, Warm Parchment tones to anchor modern interiors with refined elegance.</p>",Atelier & Canvas,Wall Art,"mid-century bauhaus & modernism wall art, framed canvas print, modern living room art, large statement art, neutral home decor, gallery wall art, bedroom wall decor, minimalist poster, terracotta art print, fine art giclee, sustainable wall art",Size,12x18 in (30x45 cm),Frame Style,Museum-Grade Matte Fine Art Print (Unframed),poster_matte_12x18-in_250-gsm,26.0,TRUE
mid-century-bauhaus-modernism-abstract-architectural-elevations-no-9-3e4184,Mid-Century Bauhaus & Modernism - Abstract architectural elevations No. 9,"<p>Transform your living space with Mid-Century Bauhaus & Modernism - Abstract architectural elevations No. 9. Printed on museum-grade heavyweight matte paper and encased in premium solid wood frames.</p><p>Created to reflect the calming balance of Mid-Century Bauhaus & Modernism, combining Deep Cobalt, Burnt Vermilion, Mustard Yellow, Matte Black, Warm Parchment tones to anchor modern interiors with refined elegance.</p>",Atelier & Canvas,Wall Art,"mid-century bauhaus & modernism wall art, framed canvas print, modern living room art, large statement art, neutral home decor, gallery wall art, bedroom wall decor, minimalist poster, terracotta art print, fine art giclee, sustainable wall art",Size,18x24 in (45x60 cm),Frame Style,Solid Natural Oak Wood Frame,framed-poster_flat_wood_natural_18x24-in_200-gsm,76.0,TRUE
mid-century-bauhaus-modernism-abstract-architectural-elevations-no-9-3e4184,Mid-Century Bauhaus & Modernism - Abstract architectural elevations No. 9,"<p>Transform your living space with Mid-Century Bauhaus & Modernism - Abstract architectural elevations No. 9. Printed on museum-grade heavyweight matte paper and encased in premium solid wood frames.</p><p>Created to reflect the calming balance of Mid-Century Bauhaus & Modernism, combining Deep Cobalt, Burnt Vermilion, Mustard Yellow, Matte Black, Warm Parchment tones to anchor modern interiors with refined elegance.</p>",Atelier & Canvas,Wall Art,"mid-century bauhaus & modernism wall art, framed canvas print, modern living room art, large statement art, neutral home decor, gallery wall art, bedroom wall decor, minimalist poster, terracotta art print, fine art giclee, sustainable wall art",Size,18x24 in (45x60 cm),Frame Style,Matte Black Solid Wood Frame,framed-poster_flat_wood_black_18x24-in_200-gsm,73.0,TRUE
mid-century-bauhaus-modernism-abstract-architectural-elevations-no-9-3e4184,Mid-Century Bauhaus & Modernism - Abstract architectural elevations No. 9,"<p>Transform your living space with Mid-Century Bauhaus & Modernism - Abstract architectural elevations No. 9. Printed on museum-grade heavyweight matte paper and encased in premium solid wood frames.</p><p>Created to reflect the calming balance of Mid-Century Bauhaus & Modernism, combining Deep Cobalt, Burnt Vermilion, Mustard Yellow, Matte Black, Warm Parchment tones to anchor modern interiors with refined elegance.</p>",Atelier & Canvas,Wall Art,"mid-century bauhaus & modernism wall art, framed canvas print, modern living room art, large statement art, neutral home decor, gallery wall art, bedroom wall decor, minimalist poster, terracotta art print, fine art giclee, sustainable wall art",Size,18x24 in (45x60 cm),Frame Style,Nordic White Wood Frame,framed-poster_flat_wood_white_18x24-in_200-gsm,73.0,TRUE
mid-century-bauhaus-modernism-abstract-architectural-elevations-no-9-3e4184,Mid-Century Bauhaus & Modernism - Abstract architectural elevations No. 9,"<p>Transform your living space with Mid-Century Bauhaus & Modernism - Abstract architectural elevations No. 9. Printed on museum-grade heavyweight matte paper and encased in premium solid wood frames.</p><p>Created to reflect the calming balance of Mid-Century Bauhaus & Modernism, combining Deep Cobalt, Burnt Vermilion, Mustard Yellow, Matte Black, Warm Parchment tones to anchor modern interiors with refined elegance.</p>",Atelier & Canvas,Wall Art,"mid-century bauhaus & modernism wall art, framed canvas print, modern living room art, large statement art, neutral home decor, gallery wall art, bedroom wall decor, minimalist poster, terracotta art print, fine art giclee, sustainable wall art",Size,18x24 in (45x60 cm),Frame Style,Gallery Stretched Fine Art Canvas,canvas_slim_18x24-in_wood-frame,68.0,TRUE
mid-century-bauhaus-modernism-abstract-architectural-elevations-no-9-3e4184,Mid-Century Bauhaus & Modernism - Abstract architectural elevations No. 9,"<p>Transform your living space with Mid-Century Bauhaus & Modernism - Abstract architectural elevations No. 9. Printed on museum-grade heavyweight matte paper and encased in premium solid wood frames.</p><p>Created to reflect the calming balance of Mid-Century Bauhaus & Modernism, combining Deep Cobalt, Burnt Vermilion, Mustard Yellow, Matte Black, Warm Parchment tones to anchor modern interiors with refined elegance.</p>",Atelier & Canvas,Wall Art,"mid-century bauhaus & modernism wall art, framed canvas print, modern living room art, large statement art, neutral home decor, gallery wall art, bedroom wall decor, minimalist poster, terracotta art print, fine art giclee, sustainable wall art",Size,18x24 in (45x60 cm),Frame Style,Museum-Grade Matte Fine Art Print (Unframed),poster_matte_18x24-in_250-gsm,33.0,TRUE
mid-century-bauhaus-modernism-abstract-architectural-elevations-no-9-3e4184,Mid-Century Bauhaus & Modernism - Abstract architectural elevations No. 9,"<p>Transform your living space with Mid-Century Bauhaus & Modernism - Abstract architectural elevations No. 9. Printed on museum-grade heavyweight matte paper and encased in premium solid wood frames.</p><p>Created to reflect the calming balance of Mid-Century Bauhaus & Modernism, combining Deep Cobalt, Burnt Vermilion, Mustard Yellow, Matte Black, Warm Parchment tones to anchor modern interiors with refined elegance.</p>",Atelier & Canvas,Wall Art,"mid-century bauhaus & modernism wall art, framed canvas print, modern living room art, large statement art, neutral home decor, gallery wall art, bedroom wall decor, minimalist poster, terracotta art print, fine art giclee, sustainable wall art",Size,24x36 in (60x90 cm),Frame Style,Solid Natural Oak Wood Frame,framed-poster_flat_wood_natural_24x36-in_200-gsm,110.0,TRUE
mid-century-bauhaus-modernism-abstract-architectural-elevations-no-9-3e4184,Mid-Century Bauhaus & Modernism - Abstract architectural elevations No. 9,"<p>Transform your living space with Mid-Century Bauhaus & Modernism - Abstract architectural elevations No. 9. Printed on museum-grade heavyweight matte paper and encased in premium solid wood frames.</p><p>Created to reflect the calming balance of Mid-Century Bauhaus & Modernism, combining Deep Cobalt, Burnt Vermilion, Mustard Yellow, Matte Black, Warm Parchment tones to anchor modern interiors with refined elegance.</p>",Atelier & Canvas,Wall Art,"mid-century bauhaus & modernism wall art, framed canvas print, modern living room art, large statement art, neutral home decor, gallery wall art, bedroom wall decor, minimalist poster, terracotta art print, fine art giclee, sustainable wall art",Size,24x36 in (60x90 cm),Frame Style,Matte Black Solid Wood Frame,framed-poster_flat_wood_black_24x36-in_200-gsm,105.0,TRUE
mid-century-bauhaus-modernism-abstract-architectural-elevations-no-9-3e4184,Mid-Century Bauhaus & Modernism - Abstract architectural elevations No. 9,"<p>Transform your living space with Mid-Century Bauhaus & Modernism - Abstract architectural elevations No. 9. Printed on museum-grade heavyweight matte paper and encased in premium solid wood frames.</p><p>Created to reflect the calming balance of Mid-Century Bauhaus & Modernism, combining Deep Cobalt, Burnt Vermilion, Mustard Yellow, Matte Black, Warm Parchment tones to anchor modern interiors with refined elegance.</p>",Atelier & Canvas,Wall Art,"mid-century bauhaus & modernism wall art, framed canvas print, modern living room art, large statement art, neutral home decor, gallery wall art, bedroom wall decor, minimalist poster, terracotta art print, fine art giclee, sustainable wall art",Size,24x36 in (60x90 cm),Frame Style,Nordic White Wood Frame,framed-poster_flat_wood_white_24x36-in_200-gsm,105.0,TRUE
mid-century-bauhaus-modernism-abstract-architectural-elevations-no-9-3e4184,Mid-Century Bauhaus & Modernism - Abstract architectural elevations No. 9,"<p>Transform your living space with Mid-Century Bauhaus & Modernism - Abstract architectural elevations No. 9. Printed on museum-grade heavyweight matte paper and encased in premium solid wood frames.</p><p>Created to reflect the calming balance of Mid-Century Bauhaus & Modernism, combining Deep Cobalt, Burnt Vermilion, Mustard Yellow, Matte Black, Warm Parchment tones to anchor modern interiors with refined elegance.</p>",Atelier & Canvas,Wall Art,"mid-century bauhaus & modernism wall art, framed canvas print, modern living room art, large statement art, neutral home decor, gallery wall art, bedroom wall decor, minimalist poster, terracotta art print, fine art giclee, sustainable wall art",Size,24x36 in (60x90 cm),Frame Style,Gallery Stretched Fine Art Canvas,canvas_slim_24x36-in_wood-frame,98.0,TRUE
mid-century-bauhaus-modernism-abstract-architectural-elevations-no-9-3e4184,Mid-Century Bauhaus & Modernism - Abstract architectural elevations No. 9,"<p>Transform your living space with Mid-Century Bauhaus & Modernism - Abstract architectural elevations No. 9. Printed on museum-grade heavyweight matte paper and encased in premium solid wood frames.</p><p>Created to reflect the calming balance of Mid-Century Bauhaus & Modernism, combining Deep Cobalt, Burnt Vermilion, Mustard Yellow, Matte Black, Warm Parchment tones to anchor modern interiors with refined elegance.</p>",Atelier & Canvas,Wall Art,"mid-century bauhaus & modernism wall art, framed canvas print, modern living room art, large statement art, neutral home decor, gallery wall art, bedroom wall decor, minimalist poster, terracotta art print, fine art giclee, sustainable wall art",Size,24x36 in (60x90 cm),Frame Style,Museum-Grade Matte Fine Art Print (Unframed),poster_matte_24x36-in_250-gsm,46.0,TRUE
mid-century-bauhaus-modernism-abstract-architectural-elevations-no-9-3e4184,Mid-Century Bauhaus & Modernism - Abstract architectural elevations No. 9,"<p>Transform your living space with Mid-Century Bauhaus & Modernism - Abstract architectural elevations No. 9. Printed on museum-grade heavyweight matte paper and encased in premium solid wood frames.</p><p>Created to reflect the calming balance of Mid-Century Bauhaus & Modernism, combining Deep Cobalt, Burnt Vermilion, Mustard Yellow, Matte Black, Warm Parchment tones to anchor modern interiors with refined elegance.</p>",Atelier & Canvas,Wall Art,"mid-century bauhaus & modernism wall art, framed canvas print, modern living room art, large statement art, neutral home decor, gallery wall art, bedroom wall decor, minimalist poster, terracotta art print, fine art giclee, sustainable wall art",Size,30x40 in (75x100 cm),Frame Style,Solid Natural Oak Wood Frame,framed-poster_flat_wood_natural_30x40-in_200-gsm,148.0,TRUE
mid-century-bauhaus-modernism-abstract-architectural-elevations-no-9-3e4184,Mid-Century Bauhaus & Modernism - Abstract architectural elevations No. 9,"<p>Transform your living space with Mid-Century Bauhaus & Modernism - Abstract architectural elevations No. 9. Printed on museum-grade heavyweight matte paper and encased in premium solid wood frames.</p><p>Created to reflect the calming balance of Mid-Century Bauhaus & Modernism, combining Deep Cobalt, Burnt Vermilion, Mustard Yellow, Matte Black, Warm Parchment tones to anchor modern interiors with refined elegance.</p>",Atelier & Canvas,Wall Art,"mid-century bauhaus & modernism wall art, framed canvas print, modern living room art, large statement art, neutral home decor, gallery wall art, bedroom wall decor, minimalist poster, terracotta art print, fine art giclee, sustainable wall art",Size,30x40 in (75x100 cm),Frame Style,Matte Black Solid Wood Frame,framed-poster_flat_wood_black_30x40-in_200-gsm,143.0,TRUE
mid-century-bauhaus-modernism-abstract-architectural-elevations-no-9-3e4184,Mid-Century Bauhaus & Modernism - Abstract architectural elevations No. 9,"<p>Transform your living space with Mid-Century Bauhaus & Modernism - Abstract architectural elevations No. 9. Printed on museum-grade heavyweight matte paper and encased in premium solid wood frames.</p><p>Created to reflect the calming balance of Mid-Century Bauhaus & Modernism, combining Deep Cobalt, Burnt Vermilion, Mustard Yellow, Matte Black, Warm Parchment tones to anchor modern interiors with refined elegance.</p>",Atelier & Canvas,Wall Art,"mid-century bauhaus & modernism wall art, framed canvas print, modern living room art, large statement art, neutral home decor, gallery wall art, bedroom wall decor, minimalist poster, terracotta art print, fine art giclee, sustainable wall art",Size,30x40 in (75x100 cm),Frame Style,Gallery Stretched Fine Art Canvas,canvas_slim_30x40-in_wood-frame,137.0,TRUE
mid-century-bauhaus-modernism-abstract-architectural-elevations-no-9-3e4184,Mid-Century Bauhaus & Modernism - Abstract architectural elevations No. 9,"<p>Transform your living space with Mid-Century Bauhaus & Modernism - Abstract architectural elevations No. 9. Printed on museum-grade heavyweight matte paper and encased in premium solid wood frames.</p><p>Created to reflect the calming balance of Mid-Century Bauhaus & Modernism, combining Deep Cobalt, Burnt Vermilion, Mustard Yellow, Matte Black, Warm Parchment tones to anchor modern interiors with refined elegance.</p>",Atelier & Canvas,Wall Art,"mid-century bauhaus & modernism wall art, framed canvas print, modern living room art, large statement art, neutral home decor, gallery wall art, bedroom wall decor, minimalist poster, terracotta art print, fine art giclee, sustainable wall art",Size,30x40 in (75x100 cm),Frame Style,Museum-Grade Matte Fine Art Print (Unframed),poster_matte_30x40-in_250-gsm,59.0,TRUE
japandi-wabi-sabi-minimalism-organic-textured-stone-arches-no-6-fe817f,Japandi & Wabi-Sabi Minimalism - Organic textured stone arches No. 6,"<p>Transform your living space with Japandi & Wabi-Sabi Minimalism - Organic textured stone arches No. 6. Printed on museum-grade heavyweight matte paper and encased in premium solid wood frames.</p><p>Created to reflect the calming balance of Japandi & Wabi-Sabi Minimalism, combining Terracotta, Warm Ochre, Charcoal Slate, Muted Sage, Raw Linen, Sandstone tones to anchor modern interiors with refined elegance.</p>",Atelier & Canvas,Wall Art,"japandi & wabi-sabi minimalism wall art, framed canvas print, modern living room art, large statement art, neutral home decor, gallery wall art, bedroom wall decor, minimalist poster, terracotta art print, fine art giclee, sustainable wall art",Size,12x18 in (30x45 cm),Frame Style,Solid Natural Oak Wood Frame,framed-poster_flat_wood_natural_12x18-in_200-gsm,52.0,TRUE
japandi-wabi-sabi-minimalism-organic-textured-stone-arches-no-6-fe817f,Japandi & Wabi-Sabi Minimalism - Organic textured stone arches No. 6,"<p>Transform your living space with Japandi & Wabi-Sabi Minimalism - Organic textured stone arches No. 6. Printed on museum-grade heavyweight matte paper and encased in premium solid wood frames.</p><p>Created to reflect the calming balance of Japandi & Wabi-Sabi Minimalism, combining Terracotta, Warm Ochre, Charcoal Slate, Muted Sage, Raw Linen, Sandstone tones to anchor modern interiors with refined elegance.</p>",Atelier & Canvas,Wall Art,"japandi & wabi-sabi minimalism wall art, framed canvas print, modern living room art, large statement art, neutral home decor, gallery wall art, bedroom wall decor, minimalist poster, terracotta art print, fine art giclee, sustainable wall art",Size,12x18 in (30x45 cm),Frame Style,Matte Black Solid Wood Frame,framed-poster_flat_wood_black_12x18-in_200-gsm,50.0,TRUE
japandi-wabi-sabi-minimalism-organic-textured-stone-arches-no-6-fe817f,Japandi & Wabi-Sabi Minimalism - Organic textured stone arches No. 6,"<p>Transform your living space with Japandi & Wabi-Sabi Minimalism - Organic textured stone arches No. 6. Printed on museum-grade heavyweight matte paper and encased in premium solid wood frames.</p><p>Created to reflect the calming balance of Japandi & Wabi-Sabi Minimalism, combining Terracotta, Warm Ochre, Charcoal Slate, Muted Sage, Raw Linen, Sandstone tones to anchor modern interiors with refined elegance.</p>",Atelier & Canvas,Wall Art,"japandi & wabi-sabi minimalism wall art, framed canvas print, modern living room art, large statement art, neutral home decor, gallery wall art, bedroom wall decor, minimalist poster, terracotta art print, fine art giclee, sustainable wall art",Size,12x18 in (30x45 cm),Frame Style,Museum-Grade Matte Fine Art Print (Unframed),poster_matte_12x18-in_250-gsm,26.0,TRUE
japandi-wabi-sabi-minimalism-organic-textured-stone-arches-no-6-fe817f,Japandi & Wabi-Sabi Minimalism - Organic textured stone arches No. 6,"<p>Transform your living space with Japandi & Wabi-Sabi Minimalism - Organic textured stone arches No. 6. Printed on museum-grade heavyweight matte paper and encased in premium solid wood frames.</p><p>Created to reflect the calming balance of Japandi & Wabi-Sabi Minimalism, combining Terracotta, Warm Ochre, Charcoal Slate, Muted Sage, Raw Linen, Sandstone tones to anchor modern interiors with refined elegance.</p>",Atelier & Canvas,Wall Art,"japandi & wabi-sabi minimalism wall art, framed canvas print, modern living room art, large statement art, neutral home decor, gallery wall art, bedroom wall decor, minimalist poster, terracotta art print, fine art giclee, sustainable wall art",Size,18x24 in (45x60 cm),Frame Style,Solid Natural Oak Wood Frame,framed-poster_flat_wood_natural_18x24-in_200-gsm,76.0,TRUE
japandi-wabi-sabi-minimalism-organic-textured-stone-arches-no-6-fe817f,Japandi & Wabi-Sabi Minimalism - Organic textured stone arches No. 6,"<p>Transform your living space with Japandi & Wabi-Sabi Minimalism - Organic textured stone arches No. 6. Printed on museum-grade heavyweight matte paper and encased in premium solid wood frames.</p><p>Created to reflect the calming balance of Japandi & Wabi-Sabi Minimalism, combining Terracotta, Warm Ochre, Charcoal Slate, Muted Sage, Raw Linen, Sandstone tones to anchor modern interiors with refined elegance.</p>",Atelier & Canvas,Wall Art,"japandi & wabi-sabi minimalism wall art, framed canvas print, modern living room art, large statement art, neutral home decor, gallery wall art, bedroom wall decor, minimalist poster, terracotta art print, fine art giclee, sustainable wall art",Size,18x24 in (45x60 cm),Frame Style,Matte Black Solid Wood Frame,framed-poster_flat_wood_black_18x24-in_200-gsm,73.0,TRUE
japandi-wabi-sabi-minimalism-organic-textured-stone-arches-no-6-fe817f,Japandi & Wabi-Sabi Minimalism - Organic textured stone arches No. 6,"<p>Transform your living space with Japandi & Wabi-Sabi Minimalism - Organic textured stone arches No. 6. Printed on museum-grade heavyweight matte paper and encased in premium solid wood frames.</p><p>Created to reflect the calming balance of Japandi & Wabi-Sabi Minimalism, combining Terracotta, Warm Ochre, Charcoal Slate, Muted Sage, Raw Linen, Sandstone tones to anchor modern interiors with refined elegance.</p>",Atelier & Canvas,Wall Art,"japandi & wabi-sabi minimalism wall art, framed canvas print, modern living room art, large statement art, neutral home decor, gallery wall art, bedroom wall decor, minimalist poster, terracotta art print, fine art giclee, sustainable wall art",Size,18x24 in (45x60 cm),Frame Style,Nordic White Wood Frame,framed-poster_flat_wood_white_18x24-in_200-gsm,73.0,TRUE
japandi-wabi-sabi-minimalism-organic-textured-stone-arches-no-6-fe817f,Japandi & Wabi-Sabi Minimalism - Organic textured stone arches No. 6,"<p>Transform your living space with Japandi & Wabi-Sabi Minimalism - Organic textured stone arches No. 6. Printed on museum-grade heavyweight matte paper and encased in premium solid wood frames.</p><p>Created to reflect the calming balance of Japandi & Wabi-Sabi Minimalism, combining Terracotta, Warm Ochre, Charcoal Slate, Muted Sage, Raw Linen, Sandstone tones to anchor modern interiors with refined elegance.</p>",Atelier & Canvas,Wall Art,"japandi & wabi-sabi minimalism wall art, framed canvas print, modern living room art, large statement art, neutral home decor, gallery wall art, bedroom wall decor, minimalist poster, terracotta art print, fine art giclee, sustainable wall art",Size,18x24 in (45x60 cm),Frame Style,Gallery Stretched Fine Art Canvas,canvas_slim_18x24-in_wood-frame,68.0,TRUE
japandi-wabi-sabi-minimalism-organic-textured-stone-arches-no-6-fe817f,Japandi & Wabi-Sabi Minimalism - Organic textured stone arches No. 6,"<p>Transform your living space with Japandi & Wabi-Sabi Minimalism - Organic textured stone arches No. 6. Printed on museum-grade heavyweight matte paper and encased in premium solid wood frames.</p><p>Created to reflect the calming balance of Japandi & Wabi-Sabi Minimalism, combining Terracotta, Warm Ochre, Charcoal Slate, Muted Sage, Raw Linen, Sandstone tones to anchor modern interiors with refined elegance.</p>",Atelier & Canvas,Wall Art,"japandi & wabi-sabi minimalism wall art, framed canvas print, modern living room art, large statement art, neutral home decor, gallery wall art, bedroom wall decor, minimalist poster, terracotta art print, fine art giclee, sustainable wall art",Size,18x24 in (45x60 cm),Frame Style,Museum-Grade Matte Fine Art Print (Unframed),poster_matte_18x24-in_250-gsm,33.0,TRUE
japandi-wabi-sabi-minimalism-organic-textured-stone-arches-no-6-fe817f,Japandi & Wabi-Sabi Minimalism - Organic textured stone arches No. 6,"<p>Transform your living space with Japandi & Wabi-Sabi Minimalism - Organic textured stone arches No. 6. Printed on museum-grade heavyweight matte paper and encased in premium solid wood frames.</p><p>Created to reflect the calming balance of Japandi & Wabi-Sabi Minimalism, combining Terracotta, Warm Ochre, Charcoal Slate, Muted Sage, Raw Linen, Sandstone tones to anchor modern interiors with refined elegance.</p>",Atelier & Canvas,Wall Art,"japandi & wabi-sabi minimalism wall art, framed canvas print, modern living room art, large statement art, neutral home decor, gallery wall art, bedroom wall decor, minimalist poster, terracotta art print, fine art giclee, sustainable wall art",Size,24x36 in (60x90 cm),Frame Style,Solid Natural Oak Wood Frame,framed-poster_flat_wood_natural_24x36-in_200-gsm,110.0,TRUE
japandi-wabi-sabi-minimalism-organic-textured-stone-arches-no-6-fe817f,Japandi & Wabi-Sabi Minimalism - Organic textured stone arches No. 6,"<p>Transform your living space with Japandi & Wabi-Sabi Minimalism - Organic textured stone arches No. 6. Printed on museum-grade heavyweight matte paper and encased in premium solid wood frames.</p><p>Created to reflect the calming balance of Japandi & Wabi-Sabi Minimalism, combining Terracotta, Warm Ochre, Charcoal Slate, Muted Sage, Raw Linen, Sandstone tones to anchor modern interiors with refined elegance.</p>",Atelier & Canvas,Wall Art,"japandi & wabi-sabi minimalism wall art, framed canvas print, modern living room art, large statement art, neutral home decor, gallery wall art, bedroom wall decor, minimalist poster, terracotta art print, fine art giclee, sustainable wall art",Size,24x36 in (60x90 cm),Frame Style,Matte Black Solid Wood Frame,framed-poster_flat_wood_black_24x36-in_200-gsm,105.0,TRUE
japandi-wabi-sabi-minimalism-organic-textured-stone-arches-no-6-fe817f,Japandi & Wabi-Sabi Minimalism - Organic textured stone arches No. 6,"<p>Transform your living space with Japandi & Wabi-Sabi Minimalism - Organic textured stone arches No. 6. Printed on museum-grade heavyweight matte paper and encased in premium solid wood frames.</p><p>Created to reflect the calming balance of Japandi & Wabi-Sabi Minimalism, combining Terracotta, Warm Ochre, Charcoal Slate, Muted Sage, Raw Linen, Sandstone tones to anchor modern interiors with refined elegance.</p>",Atelier & Canvas,Wall Art,"japandi & wabi-sabi minimalism wall art, framed canvas print, modern living room art, large statement art, neutral home decor, gallery wall art, bedroom wall decor, minimalist poster, terracotta art print, fine art giclee, sustainable wall art",Size,24x36 in (60x90 cm),Frame Style,Nordic White Wood Frame,framed-poster_flat_wood_white_24x36-in_200-gsm,105.0,TRUE
japandi-wabi-sabi-minimalism-organic-textured-stone-arches-no-6-fe817f,Japandi & Wabi-Sabi Minimalism - Organic textured stone arches No. 6,"<p>Transform your living space with Japandi & Wabi-Sabi Minimalism - Organic textured stone arches No. 6. Printed on museum-grade heavyweight matte paper and encased in premium solid wood frames.</p><p>Created to reflect the calming balance of Japandi & Wabi-Sabi Minimalism, combining Terracotta, Warm Ochre, Charcoal Slate, Muted Sage, Raw Linen, Sandstone tones to anchor modern interiors with refined elegance.</p>",Atelier & Canvas,Wall Art,"japandi & wabi-sabi minimalism wall art, framed canvas print, modern living room art, large statement art, neutral home decor, gallery wall art, bedroom wall decor, minimalist poster, terracotta art print, fine art giclee, sustainable wall art",Size,24x36 in (60x90 cm),Frame Style,Gallery Stretched Fine Art Canvas,canvas_slim_24x36-in_wood-frame,98.0,TRUE
japandi-wabi-sabi-minimalism-organic-textured-stone-arches-no-6-fe817f,Japandi & Wabi-Sabi Minimalism - Organic textured stone arches No. 6,"<p>Transform your living space with Japandi & Wabi-Sabi Minimalism - Organic textured stone arches No. 6. Printed on museum-grade heavyweight matte paper and encased in premium solid wood frames.</p><p>Created to reflect the calming balance of Japandi & Wabi-Sabi Minimalism, combining Terracotta, Warm Ochre, Charcoal Slate, Muted Sage, Raw Linen, Sandstone tones to anchor modern interiors with refined elegance.</p>",Atelier & Canvas,Wall Art,"japandi & wabi-sabi minimalism wall art, framed canvas print, modern living room art, large statement art, neutral home decor, gallery wall art, bedroom wall decor, minimalist poster, terracotta art print, fine art giclee, sustainable wall art",Size,24x36 in (60x90 cm),Frame Style,Museum-Grade Matte Fine Art Print (Unframed),poster_matte_24x36-in_250-gsm,46.0,TRUE
japandi-wabi-sabi-minimalism-organic-textured-stone-arches-no-6-fe817f,Japandi & Wabi-Sabi Minimalism - Organic textured stone arches No. 6,"<p>Transform your living space with Japandi & Wabi-Sabi Minimalism - Organic textured stone arches No. 6. Printed on museum-grade heavyweight matte paper and encased in premium solid wood frames.</p><p>Created to reflect the calming balance of Japandi & Wabi-Sabi Minimalism, combining Terracotta, Warm Ochre, Charcoal Slate, Muted Sage, Raw Linen, Sandstone tones to anchor modern interiors with refined elegance.</p>",Atelier & Canvas,Wall Art,"japandi & wabi-sabi minimalism wall art, framed canvas print, modern living room art, large statement art, neutral home decor, gallery wall art, bedroom wall decor, minimalist poster, terracotta art print, fine art giclee, sustainable wall art",Size,30x40 in (75x100 cm),Frame Style,Solid Natural Oak Wood Frame,framed-poster_flat_wood_natural_30x40-in_200-gsm,148.0,TRUE
japandi-wabi-sabi-minimalism-organic-textured-stone-arches-no-6-fe817f,Japandi & Wabi-Sabi Minimalism - Organic textured stone arches No. 6,"<p>Transform your living space with Japandi & Wabi-Sabi Minimalism - Organic textured stone arches No. 6. Printed on museum-grade heavyweight matte paper and encased in premium solid wood frames.</p><p>Created to reflect the calming balance of Japandi & Wabi-Sabi Minimalism, combining Terracotta, Warm Ochre, Charcoal Slate, Muted Sage, Raw Linen, Sandstone tones to anchor modern interiors with refined elegance.</p>",Atelier & Canvas,Wall Art,"japandi & wabi-sabi minimalism wall art, framed canvas print, modern living room art, large statement art, neutral home decor, gallery wall art, bedroom wall decor, minimalist poster, terracotta art print, fine art giclee, sustainable wall art",Size,30x40 in (75x100 cm),Frame Style,Matte Black Solid Wood Frame,framed-poster_flat_wood_black_30x40-in_200-gsm,143.0,TRUE
japandi-wabi-sabi-minimalism-organic-textured-stone-arches-no-6-fe817f,Japandi & Wabi-Sabi Minimalism - Organic textured stone arches No. 6,"<p>Transform your living space with Japandi & Wabi-Sabi Minimalism - Organic textured stone arches No. 6. Printed on museum-grade heavyweight matte paper and encased in premium solid wood frames.</p><p>Created to reflect the calming balance of Japandi & Wabi-Sabi Minimalism, combining Terracotta, Warm Ochre, Charcoal Slate, Muted Sage, Raw Linen, Sandstone tones to anchor modern interiors with refined elegance.</p>",Atelier & Canvas,Wall Art,"japandi & wabi-sabi minimalism wall art, framed canvas print, modern living room art, large statement art, neutral home decor, gallery wall art, bedroom wall decor, minimalist poster, terracotta art print, fine art giclee, sustainable wall art",Size,30x40 in (75x100 cm),Frame Style,Gallery Stretched Fine Art Canvas,canvas_slim_30x40-in_wood-frame,137.0,TRUE
japandi-wabi-sabi-minimalism-organic-textured-stone-arches-no-6-fe817f,Japandi & Wabi-Sabi Minimalism - Organic textured stone arches No. 6,"<p>Transform your living space with Japandi & Wabi-Sabi Minimalism - Organic textured stone arches No. 6. Printed on museum-grade heavyweight matte paper and encased in premium solid wood frames.</p><p>Created to reflect the calming balance of Japandi & Wabi-Sabi Minimalism, combining Terracotta, Warm Ochre, Charcoal Slate, Muted Sage, Raw Linen, Sandstone tones to anchor modern interiors with refined elegance.</p>",Atelier & Canvas,Wall Art,"japandi & wabi-sabi minimalism wall art, framed canvas print, modern living room art, large statement art, neutral home decor, gallery wall art, bedroom wall decor, minimalist poster, terracotta art print, fine art giclee, sustainable wall art",Size,30x40 in (75x100 cm),Frame Style,Museum-Grade Matte Fine Art Print (Unframed),poster_matte_30x40-in_250-gsm,59.0,TRUE
amalfi-lemon-groves-terracotta-terracotta-terrace-overlooking-capri-no-1-4435d2,Amalfi Lemon Groves & Terracotta - Terracotta terrace overlooking Capri No. 1,"<p>Transform your living space with Amalfi Lemon Groves & Terracotta - Terracotta terrace overlooking Capri No. 1. Printed on museum-grade heavyweight matte paper and encased in premium solid wood frames.</p><p>Created to reflect the calming balance of Amalfi Lemon Groves & Terracotta, combining Mustard Yellow, Forest Moss, Amalfi Ultramarine, Terracotta Clay, Sunlit Limewash tones to anchor modern interiors with refined elegance.</p>",Atelier & Canvas,Wall Art,"amalfi lemon groves & terracotta wall art, framed canvas print, modern living room art, large statement art, neutral home decor, gallery wall art, bedroom wall decor, minimalist poster, terracotta art print, fine art giclee, sustainable wall art",Size,12x18 in (30x45 cm),Frame Style,Solid Natural Oak Wood Frame,framed-poster_flat_wood_natural_12x18-in_200-gsm,52.0,TRUE
amalfi-lemon-groves-terracotta-terracotta-terrace-overlooking-capri-no-1-4435d2,Amalfi Lemon Groves & Terracotta - Terracotta terrace overlooking Capri No. 1,"<p>Transform your living space with Amalfi Lemon Groves & Terracotta - Terracotta terrace overlooking Capri No. 1. Printed on museum-grade heavyweight matte paper and encased in premium solid wood frames.</p><p>Created to reflect the calming balance of Amalfi Lemon Groves & Terracotta, combining Mustard Yellow, Forest Moss, Amalfi Ultramarine, Terracotta Clay, Sunlit Limewash tones to anchor modern interiors with refined elegance.</p>",Atelier & Canvas,Wall Art,"amalfi lemon groves & terracotta wall art, framed canvas print, modern living room art, large statement art, neutral home decor, gallery wall art, bedroom wall decor, minimalist poster, terracotta art print, fine art giclee, sustainable wall art",Size,12x18 in (30x45 cm),Frame Style,Matte Black Solid Wood Frame,framed-poster_flat_wood_black_12x18-in_200-gsm,50.0,TRUE
amalfi-lemon-groves-terracotta-terracotta-terrace-overlooking-capri-no-1-4435d2,Amalfi Lemon Groves & Terracotta - Terracotta terrace overlooking Capri No. 1,"<p>Transform your living space with Amalfi Lemon Groves & Terracotta - Terracotta terrace overlooking Capri No. 1. Printed on museum-grade heavyweight matte paper and encased in premium solid wood frames.</p><p>Created to reflect the calming balance of Amalfi Lemon Groves & Terracotta, combining Mustard Yellow, Forest Moss, Amalfi Ultramarine, Terracotta Clay, Sunlit Limewash tones to anchor modern interiors with refined elegance.</p>",Atelier & Canvas,Wall Art,"amalfi lemon groves & terracotta wall art, framed canvas print, modern living room art, large statement art, neutral home decor, gallery wall art, bedroom wall decor, minimalist poster, terracotta art print, fine art giclee, sustainable wall art",Size,12x18 in (30x45 cm),Frame Style,Museum-Grade Matte Fine Art Print (Unframed),poster_matte_12x18-in_250-gsm,26.0,TRUE
amalfi-lemon-groves-terracotta-terracotta-terrace-overlooking-capri-no-1-4435d2,Amalfi Lemon Groves & Terracotta - Terracotta terrace overlooking Capri No. 1,"<p>Transform your living space with Amalfi Lemon Groves & Terracotta - Terracotta terrace overlooking Capri No. 1. Printed on museum-grade heavyweight matte paper and encased in premium solid wood frames.</p><p>Created to reflect the calming balance of Amalfi Lemon Groves & Terracotta, combining Mustard Yellow, Forest Moss, Amalfi Ultramarine, Terracotta Clay, Sunlit Limewash tones to anchor modern interiors with refined elegance.</p>",Atelier & Canvas,Wall Art,"amalfi lemon groves & terracotta wall art, framed canvas print, modern living room art, large statement art, neutral home decor, gallery wall art, bedroom wall decor, minimalist poster, terracotta art print, fine art giclee, sustainable wall art",Size,18x24 in (45x60 cm),Frame Style,Solid Natural Oak Wood Frame,framed-poster_flat_wood_natural_18x24-in_200-gsm,76.0,TRUE
amalfi-lemon-groves-terracotta-terracotta-terrace-overlooking-capri-no-1-4435d2,Amalfi Lemon Groves & Terracotta - Terracotta terrace overlooking Capri No. 1,"<p>Transform your living space with Amalfi Lemon Groves & Terracotta - Terracotta terrace overlooking Capri No. 1. Printed on museum-grade heavyweight matte paper and encased in premium solid wood frames.</p><p>Created to reflect the calming balance of Amalfi Lemon Groves & Terracotta, combining Mustard Yellow, Forest Moss, Amalfi Ultramarine, Terracotta Clay, Sunlit Limewash tones to anchor modern interiors with refined elegance.</p>",Atelier & Canvas,Wall Art,"amalfi lemon groves & terracotta wall art, framed canvas print, modern living room art, large statement art, neutral home decor, gallery wall art, bedroom wall decor, minimalist poster, terracotta art print, fine art giclee, sustainable wall art",Size,18x24 in (45x60 cm),Frame Style,Matte Black Solid Wood Frame,framed-poster_flat_wood_black_18x24-in_200-gsm,73.0,TRUE
amalfi-lemon-groves-terracotta-terracotta-terrace-overlooking-capri-no-1-4435d2,Amalfi Lemon Groves & Terracotta - Terracotta terrace overlooking Capri No. 1,"<p>Transform your living space with Amalfi Lemon Groves & Terracotta - Terracotta terrace overlooking Capri No. 1. Printed on museum-grade heavyweight matte paper and encased in premium solid wood frames.</p><p>Created to reflect the calming balance of Amalfi Lemon Groves & Terracotta, combining Mustard Yellow, Forest Moss, Amalfi Ultramarine, Terracotta Clay, Sunlit Limewash tones to anchor modern interiors with refined elegance.</p>",Atelier & Canvas,Wall Art,"amalfi lemon groves & terracotta wall art, framed canvas print, modern living room art, large statement art, neutral home decor, gallery wall art, bedroom wall decor, minimalist poster, terracotta art print, fine art giclee, sustainable wall art",Size,18x24 in (45x60 cm),Frame Style,Nordic White Wood Frame,framed-poster_flat_wood_white_18x24-in_200-gsm,73.0,TRUE
amalfi-lemon-groves-terracotta-terracotta-terrace-overlooking-capri-no-1-4435d2,Amalfi Lemon Groves & Terracotta - Terracotta terrace overlooking Capri No. 1,"<p>Transform your living space with Amalfi Lemon Groves & Terracotta - Terracotta terrace overlooking Capri No. 1. Printed on museum-grade heavyweight matte paper and encased in premium solid wood frames.</p><p>Created to reflect the calming balance of Amalfi Lemon Groves & Terracotta, combining Mustard Yellow, Forest Moss, Amalfi Ultramarine, Terracotta Clay, Sunlit Limewash tones to anchor modern interiors with refined elegance.</p>",Atelier & Canvas,Wall Art,"amalfi lemon groves & terracotta wall art, framed canvas print, modern living room art, large statement art, neutral home decor, gallery wall art, bedroom wall decor, minimalist poster, terracotta art print, fine art giclee, sustainable wall art",Size,18x24 in (45x60 cm),Frame Style,Gallery Stretched Fine Art Canvas,canvas_slim_18x24-in_wood-frame,68.0,TRUE
amalfi-lemon-groves-terracotta-terracotta-terrace-overlooking-capri-no-1-4435d2,Amalfi Lemon Groves & Terracotta - Terracotta terrace overlooking Capri No. 1,"<p>Transform your living space with Amalfi Lemon Groves & Terracotta - Terracotta terrace overlooking Capri No. 1. Printed on museum-grade heavyweight matte paper and encased in premium solid wood frames.</p><p>Created to reflect the calming balance of Amalfi Lemon Groves & Terracotta, combining Mustard Yellow, Forest Moss, Amalfi Ultramarine, Terracotta Clay, Sunlit Limewash tones to anchor modern interiors with refined elegance.</p>",Atelier & Canvas,Wall Art,"amalfi lemon groves & terracotta wall art, framed canvas print, modern living room art, large statement art, neutral home decor, gallery wall art, bedroom wall decor, minimalist poster, terracotta art print, fine art giclee, sustainable wall art",Size,18x24 in (45x60 cm),Frame Style,Museum-Grade Matte Fine Art Print (Unframed),poster_matte_18x24-in_250-gsm,33.0,TRUE
amalfi-lemon-groves-terracotta-terracotta-terrace-overlooking-capri-no-1-4435d2,Amalfi Lemon Groves & Terracotta - Terracotta terrace overlooking Capri No. 1,"<p>Transform your living space with Amalfi Lemon Groves & Terracotta - Terracotta terrace overlooking Capri No. 1. Printed on museum-grade heavyweight matte paper and encased in premium solid wood frames.</p><p>Created to reflect the calming balance of Amalfi Lemon Groves & Terracotta, combining Mustard Yellow, Forest Moss, Amalfi Ultramarine, Terracotta Clay, Sunlit Limewash tones to anchor modern interiors with refined elegance.</p>",Atelier & Canvas,Wall Art,"amalfi lemon groves & terracotta wall art, framed canvas print, modern living room art, large statement art, neutral home decor, gallery wall art, bedroom wall decor, minimalist poster, terracotta art print, fine art giclee, sustainable wall art",Size,24x36 in (60x90 cm),Frame Style,Solid Natural Oak Wood Frame,framed-poster_flat_wood_natural_24x36-in_200-gsm,110.0,TRUE
amalfi-lemon-groves-terracotta-terracotta-terrace-overlooking-capri-no-1-4435d2,Amalfi Lemon Groves & Terracotta - Terracotta terrace overlooking Capri No. 1,"<p>Transform your living space with Amalfi Lemon Groves & Terracotta - Terracotta terrace overlooking Capri No. 1. Printed on museum-grade heavyweight matte paper and encased in premium solid wood frames.</p><p>Created to reflect the calming balance of Amalfi Lemon Groves & Terracotta, combining Mustard Yellow, Forest Moss, Amalfi Ultramarine, Terracotta Clay, Sunlit Limewash tones to anchor modern interiors with refined elegance.</p>",Atelier & Canvas,Wall Art,"amalfi lemon groves & terracotta wall art, framed canvas print, modern living room art, large statement art, neutral home decor, gallery wall art, bedroom wall decor, minimalist poster, terracotta art print, fine art giclee, sustainable wall art",Size,24x36 in (60x90 cm),Frame Style,Matte Black Solid Wood Frame,framed-poster_flat_wood_black_24x36-in_200-gsm,105.0,TRUE
amalfi-lemon-groves-terracotta-terracotta-terrace-overlooking-capri-no-1-4435d2,Amalfi Lemon Groves & Terracotta - Terracotta terrace overlooking Capri No. 1,"<p>Transform your living space with Amalfi Lemon Groves & Terracotta - Terracotta terrace overlooking Capri No. 1. Printed on museum-grade heavyweight matte paper and encased in premium solid wood frames.</p><p>Created to reflect the calming balance of Amalfi Lemon Groves & Terracotta, combining Mustard Yellow, Forest Moss, Amalfi Ultramarine, Terracotta Clay, Sunlit Limewash tones to anchor modern interiors with refined elegance.</p>",Atelier & Canvas,Wall Art,"amalfi lemon groves & terracotta wall art, framed canvas print, modern living room art, large statement art, neutral home decor, gallery wall art, bedroom wall decor, minimalist poster, terracotta art print, fine art giclee, sustainable wall art",Size,24x36 in (60x90 cm),Frame Style,Nordic White Wood Frame,framed-poster_flat_wood_white_24x36-in_200-gsm,105.0,TRUE
amalfi-lemon-groves-terracotta-terracotta-terrace-overlooking-capri-no-1-4435d2,Amalfi Lemon Groves & Terracotta - Terracotta terrace overlooking Capri No. 1,"<p>Transform your living space with Amalfi Lemon Groves & Terracotta - Terracotta terrace overlooking Capri No. 1. Printed on museum-grade heavyweight matte paper and encased in premium solid wood frames.</p><p>Created to reflect the calming balance of Amalfi Lemon Groves & Terracotta, combining Mustard Yellow, Forest Moss, Amalfi Ultramarine, Terracotta Clay, Sunlit Limewash tones to anchor modern interiors with refined elegance.</p>",Atelier & Canvas,Wall Art,"amalfi lemon groves & terracotta wall art, framed canvas print, modern living room art, large statement art, neutral home decor, gallery wall art, bedroom wall decor, minimalist poster, terracotta art print, fine art giclee, sustainable wall art",Size,24x36 in (60x90 cm),Frame Style,Gallery Stretched Fine Art Canvas,canvas_slim_24x36-in_wood-frame,98.0,TRUE
amalfi-lemon-groves-terracotta-terracotta-terrace-overlooking-capri-no-1-4435d2,Amalfi Lemon Groves & Terracotta - Terracotta terrace overlooking Capri No. 1,"<p>Transform your living space with Amalfi Lemon Groves & Terracotta - Terracotta terrace overlooking Capri No. 1. Printed on museum-grade heavyweight matte paper and encased in premium solid wood frames.</p><p>Created to reflect the calming balance of Amalfi Lemon Groves & Terracotta, combining Mustard Yellow, Forest Moss, Amalfi Ultramarine, Terracotta Clay, Sunlit Limewash tones to anchor modern interiors with refined elegance.</p>",Atelier & Canvas,Wall Art,"amalfi lemon groves & terracotta wall art, framed canvas print, modern living room art, large statement art, neutral home decor, gallery wall art, bedroom wall decor, minimalist poster, terracotta art print, fine art giclee, sustainable wall art",Size,24x36 in (60x90 cm),Frame Style,Museum-Grade Matte Fine Art Print (Unframed),poster_matte_24x36-in_250-gsm,46.0,TRUE
amalfi-lemon-groves-terracotta-terracotta-terrace-overlooking-capri-no-1-4435d2,Amalfi Lemon Groves & Terracotta - Terracotta terrace overlooking Capri No. 1,"<p>Transform your living space with Amalfi Lemon Groves & Terracotta - Terracotta terrace overlooking Capri No. 1. Printed on museum-grade heavyweight matte paper and encased in premium solid wood frames.</p><p>Created to reflect the calming balance of Amalfi Lemon Groves & Terracotta, combining Mustard Yellow, Forest Moss, Amalfi Ultramarine, Terracotta Clay, Sunlit Limewash tones to anchor modern interiors with refined elegance.</p>",Atelier & Canvas,Wall Art,"amalfi lemon groves & terracotta wall art, framed canvas print, modern living room art, large statement art, neutral home decor, gallery wall art, bedroom wall decor, minimalist poster, terracotta art print, fine art giclee, sustainable wall art",Size,30x40 in (75x100 cm),Frame Style,Solid Natural Oak Wood Frame,framed-poster_flat_wood_natural_30x40-in_200-gsm,148.0,TRUE
amalfi-lemon-groves-terracotta-terracotta-terrace-overlooking-capri-no-1-4435d2,Amalfi Lemon Groves & Terracotta - Terracotta terrace overlooking Capri No. 1,"<p>Transform your living space with Amalfi Lemon Groves & Terracotta - Terracotta terrace overlooking Capri No. 1. Printed on museum-grade heavyweight matte paper and encased in premium solid wood frames.</p><p>Created to reflect the calming balance of Amalfi Lemon Groves & Terracotta, combining Mustard Yellow, Forest Moss, Amalfi Ultramarine, Terracotta Clay, Sunlit Limewash tones to anchor modern interiors with refined elegance.</p>",Atelier & Canvas,Wall Art,"amalfi lemon groves & terracotta wall art, framed canvas print, modern living room art, large statement art, neutral home decor, gallery wall art, bedroom wall decor, minimalist poster, terracotta art print, fine art giclee, sustainable wall art",Size,30x40 in (75x100 cm),Frame Style,Matte Black Solid Wood Frame,framed-poster_flat_wood_black_30x40-in_200-gsm,143.0,TRUE
amalfi-lemon-groves-terracotta-terracotta-terrace-overlooking-capri-no-1-4435d2,Amalfi Lemon Groves & Terracotta - Terracotta terrace overlooking Capri No. 1,"<p>Transform your living space with Amalfi Lemon Groves & Terracotta - Terracotta terrace overlooking Capri No. 1. Printed on museum-grade heavyweight matte paper and encased in premium solid wood frames.</p><p>Created to reflect the calming balance of Amalfi Lemon Groves & Terracotta, combining Mustard Yellow, Forest Moss, Amalfi Ultramarine, Terracotta Clay, Sunlit Limewash tones to anchor modern interiors with refined elegance.</p>",Atelier & Canvas,Wall Art,"amalfi lemon groves & terracotta wall art, framed canvas print, modern living room art, large statement art, neutral home decor, gallery wall art, bedroom wall decor, minimalist poster, terracotta art print, fine art giclee, sustainable wall art",Size,30x40 in (75x100 cm),Frame Style,Gallery Stretched Fine Art Canvas,canvas_slim_30x40-in_wood-frame,137.0,TRUE
amalfi-lemon-groves-terracotta-terracotta-terrace-overlooking-capri-no-1-4435d2,Amalfi Lemon Groves & Terracotta - Terracotta terrace overlooking Capri No. 1,"<p>Transform your living space with Amalfi Lemon Groves & Terracotta - Terracotta terrace overlooking Capri No. 1. Printed on museum-grade heavyweight matte paper and encased in premium solid wood frames.</p><p>Created to reflect the calming balance of Amalfi Lemon Groves & Terracotta, combining Mustard Yellow, Forest Moss, Amalfi Ultramarine, Terracotta Clay, Sunlit Limewash tones to anchor modern interiors with refined elegance.</p>",Atelier & Canvas,Wall Art,"amalfi lemon groves & terracotta wall art, framed canvas print, modern living room art, large statement art, neutral home decor, gallery wall art, bedroom wall decor, minimalist poster, terracotta art print, fine art giclee, sustainable wall art",Size,30x40 in (75x100 cm),Frame Style,Museum-Grade Matte Fine Art Print (Unframed),poster_matte_30x40-in_250-gsm,59.0,TRUE
retro-futuristic-cyber-architecture-futuristic-metropolis-transit-arch-no-5-2717ab,Retro-Futuristic & Cyber Architecture - Futuristic metropolis transit arch No. 5,"<p>Transform your living space with Retro-Futuristic & Cyber Architecture - Futuristic metropolis transit arch No. 5. Printed on museum-grade heavyweight matte paper and encased in premium solid wood frames.</p><p>Created to reflect the calming balance of Retro-Futuristic & Cyber Architecture, combining Deep Cobalt, Burnt Vermilion, Deep Obsidian, Warm Ochre, Sunlit Limewash tones to anchor modern interiors with refined elegance.</p>",Atelier & Canvas,Wall Art,"retro-futuristic & cyber architecture wall art, framed canvas print, modern living room art, large statement art, neutral home decor, gallery wall art, bedroom wall decor, minimalist poster, terracotta art print, fine art giclee, sustainable wall art",Size,12x18 in (30x45 cm),Frame Style,Solid Natural Oak Wood Frame,framed-poster_flat_wood_natural_12x18-in_200-gsm,52.0,TRUE
retro-futuristic-cyber-architecture-futuristic-metropolis-transit-arch-no-5-2717ab,Retro-Futuristic & Cyber Architecture - Futuristic metropolis transit arch No. 5,"<p>Transform your living space with Retro-Futuristic & Cyber Architecture - Futuristic metropolis transit arch No. 5. Printed on museum-grade heavyweight matte paper and encased in premium solid wood frames.</p><p>Created to reflect the calming balance of Retro-Futuristic & Cyber Architecture, combining Deep Cobalt, Burnt Vermilion, Deep Obsidian, Warm Ochre, Sunlit Limewash tones to anchor modern interiors with refined elegance.</p>",Atelier & Canvas,Wall Art,"retro-futuristic & cyber architecture wall art, framed canvas print, modern living room art, large statement art, neutral home decor, gallery wall art, bedroom wall decor, minimalist poster, terracotta art print, fine art giclee, sustainable wall art",Size,12x18 in (30x45 cm),Frame Style,Matte Black Solid Wood Frame,framed-poster_flat_wood_black_12x18-in_200-gsm,50.0,TRUE
retro-futuristic-cyber-architecture-futuristic-metropolis-transit-arch-no-5-2717ab,Retro-Futuristic & Cyber Architecture - Futuristic metropolis transit arch No. 5,"<p>Transform your living space with Retro-Futuristic & Cyber Architecture - Futuristic metropolis transit arch No. 5. Printed on museum-grade heavyweight matte paper and encased in premium solid wood frames.</p><p>Created to reflect the calming balance of Retro-Futuristic & Cyber Architecture, combining Deep Cobalt, Burnt Vermilion, Deep Obsidian, Warm Ochre, Sunlit Limewash tones to anchor modern interiors with refined elegance.</p>",Atelier & Canvas,Wall Art,"retro-futuristic & cyber architecture wall art, framed canvas print, modern living room art, large statement art, neutral home decor, gallery wall art, bedroom wall decor, minimalist poster, terracotta art print, fine art giclee, sustainable wall art",Size,12x18 in (30x45 cm),Frame Style,Museum-Grade Matte Fine Art Print (Unframed),poster_matte_12x18-in_250-gsm,26.0,TRUE
retro-futuristic-cyber-architecture-futuristic-metropolis-transit-arch-no-5-2717ab,Retro-Futuristic & Cyber Architecture - Futuristic metropolis transit arch No. 5,"<p>Transform your living space with Retro-Futuristic & Cyber Architecture - Futuristic metropolis transit arch No. 5. Printed on museum-grade heavyweight matte paper and encased in premium solid wood frames.</p><p>Created to reflect the calming balance of Retro-Futuristic & Cyber Architecture, combining Deep Cobalt, Burnt Vermilion, Deep Obsidian, Warm Ochre, Sunlit Limewash tones to anchor modern interiors with refined elegance.</p>",Atelier & Canvas,Wall Art,"retro-futuristic & cyber architecture wall art, framed canvas print, modern living room art, large statement art, neutral home decor, gallery wall art, bedroom wall decor, minimalist poster, terracotta art print, fine art giclee, sustainable wall art",Size,18x24 in (45x60 cm),Frame Style,Solid Natural Oak Wood Frame,framed-poster_flat_wood_natural_18x24-in_200-gsm,76.0,TRUE
retro-futuristic-cyber-architecture-futuristic-metropolis-transit-arch-no-5-2717ab,Retro-Futuristic & Cyber Architecture - Futuristic metropolis transit arch No. 5,"<p>Transform your living space with Retro-Futuristic & Cyber Architecture - Futuristic metropolis transit arch No. 5. Printed on museum-grade heavyweight matte paper and encased in premium solid wood frames.</p><p>Created to reflect the calming balance of Retro-Futuristic & Cyber Architecture, combining Deep Cobalt, Burnt Vermilion, Deep Obsidian, Warm Ochre, Sunlit Limewash tones to anchor modern interiors with refined elegance.</p>",Atelier & Canvas,Wall Art,"retro-futuristic & cyber architecture wall art, framed canvas print, modern living room art, large statement art, neutral home decor, gallery wall art, bedroom wall decor, minimalist poster, terracotta art print, fine art giclee, sustainable wall art",Size,18x24 in (45x60 cm),Frame Style,Matte Black Solid Wood Frame,framed-poster_flat_wood_black_18x24-in_200-gsm,73.0,TRUE
retro-futuristic-cyber-architecture-futuristic-metropolis-transit-arch-no-5-2717ab,Retro-Futuristic & Cyber Architecture - Futuristic metropolis transit arch No. 5,"<p>Transform your living space with Retro-Futuristic & Cyber Architecture - Futuristic metropolis transit arch No. 5. Printed on museum-grade heavyweight matte paper and encased in premium solid wood frames.</p><p>Created to reflect the calming balance of Retro-Futuristic & Cyber Architecture, combining Deep Cobalt, Burnt Vermilion, Deep Obsidian, Warm Ochre, Sunlit Limewash tones to anchor modern interiors with refined elegance.</p>",Atelier & Canvas,Wall Art,"retro-futuristic & cyber architecture wall art, framed canvas print, modern living room art, large statement art, neutral home decor, gallery wall art, bedroom wall decor, minimalist poster, terracotta art print, fine art giclee, sustainable wall art",Size,18x24 in (45x60 cm),Frame Style,Nordic White Wood Frame,framed-poster_flat_wood_white_18x24-in_200-gsm,73.0,TRUE
retro-futuristic-cyber-architecture-futuristic-metropolis-transit-arch-no-5-2717ab,Retro-Futuristic & Cyber Architecture - Futuristic metropolis transit arch No. 5,"<p>Transform your living space with Retro-Futuristic & Cyber Architecture - Futuristic metropolis transit arch No. 5. Printed on museum-grade heavyweight matte paper and encased in premium solid wood frames.</p><p>Created to reflect the calming balance of Retro-Futuristic & Cyber Architecture, combining Deep Cobalt, Burnt Vermilion, Deep Obsidian, Warm Ochre, Sunlit Limewash tones to anchor modern interiors with refined elegance.</p>",Atelier & Canvas,Wall Art,"retro-futuristic & cyber architecture wall art, framed canvas print, modern living room art, large statement art, neutral home decor, gallery wall art, bedroom wall decor, minimalist poster, terracotta art print, fine art giclee, sustainable wall art",Size,18x24 in (45x60 cm),Frame Style,Gallery Stretched Fine Art Canvas,canvas_slim_18x24-in_wood-frame,68.0,TRUE
retro-futuristic-cyber-architecture-futuristic-metropolis-transit-arch-no-5-2717ab,Retro-Futuristic & Cyber Architecture - Futuristic metropolis transit arch No. 5,"<p>Transform your living space with Retro-Futuristic & Cyber Architecture - Futuristic metropolis transit arch No. 5. Printed on museum-grade heavyweight matte paper and encased in premium solid wood frames.</p><p>Created to reflect the calming balance of Retro-Futuristic & Cyber Architecture, combining Deep Cobalt, Burnt Vermilion, Deep Obsidian, Warm Ochre, Sunlit Limewash tones to anchor modern interiors with refined elegance.</p>",Atelier & Canvas,Wall Art,"retro-futuristic & cyber architecture wall art, framed canvas print, modern living room art, large statement art, neutral home decor, gallery wall art, bedroom wall decor, minimalist poster, terracotta art print, fine art giclee, sustainable wall art",Size,18x24 in (45x60 cm),Frame Style,Museum-Grade Matte Fine Art Print (Unframed),poster_matte_18x24-in_250-gsm,33.0,TRUE
retro-futuristic-cyber-architecture-futuristic-metropolis-transit-arch-no-5-2717ab,Retro-Futuristic & Cyber Architecture - Futuristic metropolis transit arch No. 5,"<p>Transform your living space with Retro-Futuristic & Cyber Architecture - Futuristic metropolis transit arch No. 5. Printed on museum-grade heavyweight matte paper and encased in premium solid wood frames.</p><p>Created to reflect the calming balance of Retro-Futuristic & Cyber Architecture, combining Deep Cobalt, Burnt Vermilion, Deep Obsidian, Warm Ochre, Sunlit Limewash tones to anchor modern interiors with refined elegance.</p>",Atelier & Canvas,Wall Art,"retro-futuristic & cyber architecture wall art, framed canvas print, modern living room art, large statement art, neutral home decor, gallery wall art, bedroom wall decor, minimalist poster, terracotta art print, fine art giclee, sustainable wall art",Size,24x36 in (60x90 cm),Frame Style,Solid Natural Oak Wood Frame,framed-poster_flat_wood_natural_24x36-in_200-gsm,110.0,TRUE
retro-futuristic-cyber-architecture-futuristic-metropolis-transit-arch-no-5-2717ab,Retro-Futuristic & Cyber Architecture - Futuristic metropolis transit arch No. 5,"<p>Transform your living space with Retro-Futuristic & Cyber Architecture - Futuristic metropolis transit arch No. 5. Printed on museum-grade heavyweight matte paper and encased in premium solid wood frames.</p><p>Created to reflect the calming balance of Retro-Futuristic & Cyber Architecture, combining Deep Cobalt, Burnt Vermilion, Deep Obsidian, Warm Ochre, Sunlit Limewash tones to anchor modern interiors with refined elegance.</p>",Atelier & Canvas,Wall Art,"retro-futuristic & cyber architecture wall art, framed canvas print, modern living room art, large statement art, neutral home decor, gallery wall art, bedroom wall decor, minimalist poster, terracotta art print, fine art giclee, sustainable wall art",Size,24x36 in (60x90 cm),Frame Style,Matte Black Solid Wood Frame,framed-poster_flat_wood_black_24x36-in_200-gsm,105.0,TRUE
retro-futuristic-cyber-architecture-futuristic-metropolis-transit-arch-no-5-2717ab,Retro-Futuristic & Cyber Architecture - Futuristic metropolis transit arch No. 5,"<p>Transform your living space with Retro-Futuristic & Cyber Architecture - Futuristic metropolis transit arch No. 5. Printed on museum-grade heavyweight matte paper and encased in premium solid wood frames.</p><p>Created to reflect the calming balance of Retro-Futuristic & Cyber Architecture, combining Deep Cobalt, Burnt Vermilion, Deep Obsidian, Warm Ochre, Sunlit Limewash tones to anchor modern interiors with refined elegance.</p>",Atelier & Canvas,Wall Art,"retro-futuristic & cyber architecture wall art, framed canvas print, modern living room art, large statement art, neutral home decor, gallery wall art, bedroom wall decor, minimalist poster, terracotta art print, fine art giclee, sustainable wall art",Size,24x36 in (60x90 cm),Frame Style,Nordic White Wood Frame,framed-poster_flat_wood_white_24x36-in_200-gsm,105.0,TRUE
retro-futuristic-cyber-architecture-futuristic-metropolis-transit-arch-no-5-2717ab,Retro-Futuristic & Cyber Architecture - Futuristic metropolis transit arch No. 5,"<p>Transform your living space with Retro-Futuristic & Cyber Architecture - Futuristic metropolis transit arch No. 5. Printed on museum-grade heavyweight matte paper and encased in premium solid wood frames.</p><p>Created to reflect the calming balance of Retro-Futuristic & Cyber Architecture, combining Deep Cobalt, Burnt Vermilion, Deep Obsidian, Warm Ochre, Sunlit Limewash tones to anchor modern interiors with refined elegance.</p>",Atelier & Canvas,Wall Art,"retro-futuristic & cyber architecture wall art, framed canvas print, modern living room art, large statement art, neutral home decor, gallery wall art, bedroom wall decor, minimalist poster, terracotta art print, fine art giclee, sustainable wall art",Size,24x36 in (60x90 cm),Frame Style,Gallery Stretched Fine Art Canvas,canvas_slim_24x36-in_wood-frame,98.0,TRUE
retro-futuristic-cyber-architecture-futuristic-metropolis-transit-arch-no-5-2717ab,Retro-Futuristic & Cyber Architecture - Futuristic metropolis transit arch No. 5,"<p>Transform your living space with Retro-Futuristic & Cyber Architecture - Futuristic metropolis transit arch No. 5. Printed on museum-grade heavyweight matte paper and encased in premium solid wood frames.</p><p>Created to reflect the calming balance of Retro-Futuristic & Cyber Architecture, combining Deep Cobalt, Burnt Vermilion, Deep Obsidian, Warm Ochre, Sunlit Limewash tones to anchor modern interiors with refined elegance.</p>",Atelier & Canvas,Wall Art,"retro-futuristic & cyber architecture wall art, framed canvas print, modern living room art, large statement art, neutral home decor, gallery wall art, bedroom wall decor, minimalist poster, terracotta art print, fine art giclee, sustainable wall art",Size,24x36 in (60x90 cm),Frame Style,Museum-Grade Matte Fine Art Print (Unframed),poster_matte_24x36-in_250-gsm,46.0,TRUE
retro-futuristic-cyber-architecture-futuristic-metropolis-transit-arch-no-5-2717ab,Retro-Futuristic & Cyber Architecture - Futuristic metropolis transit arch No. 5,"<p>Transform your living space with Retro-Futuristic & Cyber Architecture - Futuristic metropolis transit arch No. 5. Printed on museum-grade heavyweight matte paper and encased in premium solid wood frames.</p><p>Created to reflect the calming balance of Retro-Futuristic & Cyber Architecture, combining Deep Cobalt, Burnt Vermilion, Deep Obsidian, Warm Ochre, Sunlit Limewash tones to anchor modern interiors with refined elegance.</p>",Atelier & Canvas,Wall Art,"retro-futuristic & cyber architecture wall art, framed canvas print, modern living room art, large statement art, neutral home decor, gallery wall art, bedroom wall decor, minimalist poster, terracotta art print, fine art giclee, sustainable wall art",Size,30x40 in (75x100 cm),Frame Style,Solid Natural Oak Wood Frame,framed-poster_flat_wood_natural_30x40-in_200-gsm,148.0,TRUE
retro-futuristic-cyber-architecture-futuristic-metropolis-transit-arch-no-5-2717ab,Retro-Futuristic & Cyber Architecture - Futuristic metropolis transit arch No. 5,"<p>Transform your living space with Retro-Futuristic & Cyber Architecture - Futuristic metropolis transit arch No. 5. Printed on museum-grade heavyweight matte paper and encased in premium solid wood frames.</p><p>Created to reflect the calming balance of Retro-Futuristic & Cyber Architecture, combining Deep Cobalt, Burnt Vermilion, Deep Obsidian, Warm Ochre, Sunlit Limewash tones to anchor modern interiors with refined elegance.</p>",Atelier & Canvas,Wall Art,"retro-futuristic & cyber architecture wall art, framed canvas print, modern living room art, large statement art, neutral home decor, gallery wall art, bedroom wall decor, minimalist poster, terracotta art print, fine art giclee, sustainable wall art",Size,30x40 in (75x100 cm),Frame Style,Matte Black Solid Wood Frame,framed-poster_flat_wood_black_30x40-in_200-gsm,143.0,TRUE
retro-futuristic-cyber-architecture-futuristic-metropolis-transit-arch-no-5-2717ab,Retro-Futuristic & Cyber Architecture - Futuristic metropolis transit arch No. 5,"<p>Transform your living space with Retro-Futuristic & Cyber Architecture - Futuristic metropolis transit arch No. 5. Printed on museum-grade heavyweight matte paper and encased in premium solid wood frames.</p><p>Created to reflect the calming balance of Retro-Futuristic & Cyber Architecture, combining Deep Cobalt, Burnt Vermilion, Deep Obsidian, Warm Ochre, Sunlit Limewash tones to anchor modern interiors with refined elegance.</p>",Atelier & Canvas,Wall Art,"retro-futuristic & cyber architecture wall art, framed canvas print, modern living room art, large statement art, neutral home decor, gallery wall art, bedroom wall decor, minimalist poster, terracotta art print, fine art giclee, sustainable wall art",Size,30x40 in (75x100 cm),Frame Style,Gallery Stretched Fine Art Canvas,canvas_slim_30x40-in_wood-frame,137.0,TRUE
retro-futuristic-cyber-architecture-futuristic-metropolis-transit-arch-no-5-2717ab,Retro-Futuristic & Cyber Architecture - Futuristic metropolis transit arch No. 5,"<p>Transform your living space with Retro-Futuristic & Cyber Architecture - Futuristic metropolis transit arch No. 5. Printed on museum-grade heavyweight matte paper and encased in premium solid wood frames.</p><p>Created to reflect the calming balance of Retro-Futuristic & Cyber Architecture, combining Deep Cobalt, Burnt Vermilion, Deep Obsidian, Warm Ochre, Sunlit Limewash tones to anchor modern interiors with refined elegance.</p>",Atelier & Canvas,Wall Art,"retro-futuristic & cyber architecture wall art, framed canvas print, modern living room art, large statement art, neutral home decor, gallery wall art, bedroom wall decor, minimalist poster, terracotta art print, fine art giclee, sustainable wall art",Size,30x40 in (75x100 cm),Frame Style,Museum-Grade Matte Fine Art Print (Unframed),poster_matte_30x40-in_250-gsm,59.0,TRUE
zen-sumi-e-enso-brush-studies-misty-mountain-single-pine-brushstroke-no-2-d92373,Zen Sumi-e & Enso Brush Studies - Misty mountain single pine brushstroke No. 2,"<p>Transform your living space with Zen Sumi-e & Enso Brush Studies - Misty mountain single pine brushstroke No. 2. Printed on museum-grade heavyweight matte paper and encased in premium solid wood frames.</p><p>Created to reflect the calming balance of Zen Sumi-e & Enso Brush Studies, combining Matte Black, Charcoal Slate, Old Ivory, Raw Linen, Dried Rose tones to anchor modern interiors with refined elegance.</p>",Atelier & Canvas,Wall Art,"zen sumi-e & enso brush studies wall art, framed canvas print, modern living room art, large statement art, neutral home decor, gallery wall art, bedroom wall decor, minimalist poster, terracotta art print, fine art giclee, sustainable wall art",Size,12x18 in (30x45 cm),Frame Style,Solid Natural Oak Wood Frame,framed-poster_flat_wood_natural_12x18-in_200-gsm,52.0,TRUE
zen-sumi-e-enso-brush-studies-misty-mountain-single-pine-brushstroke-no-2-d92373,Zen Sumi-e & Enso Brush Studies - Misty mountain single pine brushstroke No. 2,"<p>Transform your living space with Zen Sumi-e & Enso Brush Studies - Misty mountain single pine brushstroke No. 2. Printed on museum-grade heavyweight matte paper and encased in premium solid wood frames.</p><p>Created to reflect the calming balance of Zen Sumi-e & Enso Brush Studies, combining Matte Black, Charcoal Slate, Old Ivory, Raw Linen, Dried Rose tones to anchor modern interiors with refined elegance.</p>",Atelier & Canvas,Wall Art,"zen sumi-e & enso brush studies wall art, framed canvas print, modern living room art, large statement art, neutral home decor, gallery wall art, bedroom wall decor, minimalist poster, terracotta art print, fine art giclee, sustainable wall art",Size,12x18 in (30x45 cm),Frame Style,Matte Black Solid Wood Frame,framed-poster_flat_wood_black_12x18-in_200-gsm,50.0,TRUE
zen-sumi-e-enso-brush-studies-misty-mountain-single-pine-brushstroke-no-2-d92373,Zen Sumi-e & Enso Brush Studies - Misty mountain single pine brushstroke No. 2,"<p>Transform your living space with Zen Sumi-e & Enso Brush Studies - Misty mountain single pine brushstroke No. 2. Printed on museum-grade heavyweight matte paper and encased in premium solid wood frames.</p><p>Created to reflect the calming balance of Zen Sumi-e & Enso Brush Studies, combining Matte Black, Charcoal Slate, Old Ivory, Raw Linen, Dried Rose tones to anchor modern interiors with refined elegance.</p>",Atelier & Canvas,Wall Art,"zen sumi-e & enso brush studies wall art, framed canvas print, modern living room art, large statement art, neutral home decor, gallery wall art, bedroom wall decor, minimalist poster, terracotta art print, fine art giclee, sustainable wall art",Size,12x18 in (30x45 cm),Frame Style,Museum-Grade Matte Fine Art Print (Unframed),poster_matte_12x18-in_250-gsm,26.0,TRUE
zen-sumi-e-enso-brush-studies-misty-mountain-single-pine-brushstroke-no-2-d92373,Zen Sumi-e & Enso Brush Studies - Misty mountain single pine brushstroke No. 2,"<p>Transform your living space with Zen Sumi-e & Enso Brush Studies - Misty mountain single pine brushstroke No. 2. Printed on museum-grade heavyweight matte paper and encased in premium solid wood frames.</p><p>Created to reflect the calming balance of Zen Sumi-e & Enso Brush Studies, combining Matte Black, Charcoal Slate, Old Ivory, Raw Linen, Dried Rose tones to anchor modern interiors with refined elegance.</p>",Atelier & Canvas,Wall Art,"zen sumi-e & enso brush studies wall art, framed canvas print, modern living room art, large statement art, neutral home decor, gallery wall art, bedroom wall decor, minimalist poster, terracotta art print, fine art giclee, sustainable wall art",Size,18x24 in (45x60 cm),Frame Style,Solid Natural Oak Wood Frame,framed-poster_flat_wood_natural_18x24-in_200-gsm,76.0,TRUE
zen-sumi-e-enso-brush-studies-misty-mountain-single-pine-brushstroke-no-2-d92373,Zen Sumi-e & Enso Brush Studies - Misty mountain single pine brushstroke No. 2,"<p>Transform your living space with Zen Sumi-e & Enso Brush Studies - Misty mountain single pine brushstroke No. 2. Printed on museum-grade heavyweight matte paper and encased in premium solid wood frames.</p><p>Created to reflect the calming balance of Zen Sumi-e & Enso Brush Studies, combining Matte Black, Charcoal Slate, Old Ivory, Raw Linen, Dried Rose tones to anchor modern interiors with refined elegance.</p>",Atelier & Canvas,Wall Art,"zen sumi-e & enso brush studies wall art, framed canvas print, modern living room art, large statement art, neutral home decor, gallery wall art, bedroom wall decor, minimalist poster, terracotta art print, fine art giclee, sustainable wall art",Size,18x24 in (45x60 cm),Frame Style,Matte Black Solid Wood Frame,framed-poster_flat_wood_black_18x24-in_200-gsm,73.0,TRUE
zen-sumi-e-enso-brush-studies-misty-mountain-single-pine-brushstroke-no-2-d92373,Zen Sumi-e & Enso Brush Studies - Misty mountain single pine brushstroke No. 2,"<p>Transform your living space with Zen Sumi-e & Enso Brush Studies - Misty mountain single pine brushstroke No. 2. Printed on museum-grade heavyweight matte paper and encased in premium solid wood frames.</p><p>Created to reflect the calming balance of Zen Sumi-e & Enso Brush Studies, combining Matte Black, Charcoal Slate, Old Ivory, Raw Linen, Dried Rose tones to anchor modern interiors with refined elegance.</p>",Atelier & Canvas,Wall Art,"zen sumi-e & enso brush studies wall art, framed canvas print, modern living room art, large statement art, neutral home decor, gallery wall art, bedroom wall decor, minimalist poster, terracotta art print, fine art giclee, sustainable wall art",Size,18x24 in (45x60 cm),Frame Style,Nordic White Wood Frame,framed-poster_flat_wood_white_18x24-in_200-gsm,73.0,TRUE
zen-sumi-e-enso-brush-studies-misty-mountain-single-pine-brushstroke-no-2-d92373,Zen Sumi-e & Enso Brush Studies - Misty mountain single pine brushstroke No. 2,"<p>Transform your living space with Zen Sumi-e & Enso Brush Studies - Misty mountain single pine brushstroke No. 2. Printed on museum-grade heavyweight matte paper and encased in premium solid wood frames.</p><p>Created to reflect the calming balance of Zen Sumi-e & Enso Brush Studies, combining Matte Black, Charcoal Slate, Old Ivory, Raw Linen, Dried Rose tones to anchor modern interiors with refined elegance.</p>",Atelier & Canvas,Wall Art,"zen sumi-e & enso brush studies wall art, framed canvas print, modern living room art, large statement art, neutral home decor, gallery wall art, bedroom wall decor, minimalist poster, terracotta art print, fine art giclee, sustainable wall art",Size,18x24 in (45x60 cm),Frame Style,Gallery Stretched Fine Art Canvas,canvas_slim_18x24-in_wood-frame,68.0,TRUE
zen-sumi-e-enso-brush-studies-misty-mountain-single-pine-brushstroke-no-2-d92373,Zen Sumi-e & Enso Brush Studies - Misty mountain single pine brushstroke No. 2,"<p>Transform your living space with Zen Sumi-e & Enso Brush Studies - Misty mountain single pine brushstroke No. 2. Printed on museum-grade heavyweight matte paper and encased in premium solid wood frames.</p><p>Created to reflect the calming balance of Zen Sumi-e & Enso Brush Studies, combining Matte Black, Charcoal Slate, Old Ivory, Raw Linen, Dried Rose tones to anchor modern interiors with refined elegance.</p>",Atelier & Canvas,Wall Art,"zen sumi-e & enso brush studies wall art, framed canvas print, modern living room art, large statement art, neutral home decor, gallery wall art, bedroom wall decor, minimalist poster, terracotta art print, fine art giclee, sustainable wall art",Size,18x24 in (45x60 cm),Frame Style,Museum-Grade Matte Fine Art Print (Unframed),poster_matte_18x24-in_250-gsm,33.0,TRUE
zen-sumi-e-enso-brush-studies-misty-mountain-single-pine-brushstroke-no-2-d92373,Zen Sumi-e & Enso Brush Studies - Misty mountain single pine brushstroke No. 2,"<p>Transform your living space with Zen Sumi-e & Enso Brush Studies - Misty mountain single pine brushstroke No. 2. Printed on museum-grade heavyweight matte paper and encased in premium solid wood frames.</p><p>Created to reflect the calming balance of Zen Sumi-e & Enso Brush Studies, combining Matte Black, Charcoal Slate, Old Ivory, Raw Linen, Dried Rose tones to anchor modern interiors with refined elegance.</p>",Atelier & Canvas,Wall Art,"zen sumi-e & enso brush studies wall art, framed canvas print, modern living room art, large statement art, neutral home decor, gallery wall art, bedroom wall decor, minimalist poster, terracotta art print, fine art giclee, sustainable wall art",Size,24x36 in (60x90 cm),Frame Style,Solid Natural Oak Wood Frame,framed-poster_flat_wood_natural_24x36-in_200-gsm,110.0,TRUE
zen-sumi-e-enso-brush-studies-misty-mountain-single-pine-brushstroke-no-2-d92373,Zen Sumi-e & Enso Brush Studies - Misty mountain single pine brushstroke No. 2,"<p>Transform your living space with Zen Sumi-e & Enso Brush Studies - Misty mountain single pine brushstroke No. 2. Printed on museum-grade heavyweight matte paper and encased in premium solid wood frames.</p><p>Created to reflect the calming balance of Zen Sumi-e & Enso Brush Studies, combining Matte Black, Charcoal Slate, Old Ivory, Raw Linen, Dried Rose tones to anchor modern interiors with refined elegance.</p>",Atelier & Canvas,Wall Art,"zen sumi-e & enso brush studies wall art, framed canvas print, modern living room art, large statement art, neutral home decor, gallery wall art, bedroom wall decor, minimalist poster, terracotta art print, fine art giclee, sustainable wall art",Size,24x36 in (60x90 cm),Frame Style,Matte Black Solid Wood Frame,framed-poster_flat_wood_black_24x36-in_200-gsm,105.0,TRUE
zen-sumi-e-enso-brush-studies-misty-mountain-single-pine-brushstroke-no-2-d92373,Zen Sumi-e & Enso Brush Studies - Misty mountain single pine brushstroke No. 2,"<p>Transform your living space with Zen Sumi-e & Enso Brush Studies - Misty mountain single pine brushstroke No. 2. Printed on museum-grade heavyweight matte paper and encased in premium solid wood frames.</p><p>Created to reflect the calming balance of Zen Sumi-e & Enso Brush Studies, combining Matte Black, Charcoal Slate, Old Ivory, Raw Linen, Dried Rose tones to anchor modern interiors with refined elegance.</p>",Atelier & Canvas,Wall Art,"zen sumi-e & enso brush studies wall art, framed canvas print, modern living room art, large statement art, neutral home decor, gallery wall art, bedroom wall decor, minimalist poster, terracotta art print, fine art giclee, sustainable wall art",Size,24x36 in (60x90 cm),Frame Style,Nordic White Wood Frame,framed-poster_flat_wood_white_24x36-in_200-gsm,105.0,TRUE
zen-sumi-e-enso-brush-studies-misty-mountain-single-pine-brushstroke-no-2-d92373,Zen Sumi-e & Enso Brush Studies - Misty mountain single pine brushstroke No. 2,"<p>Transform your living space with Zen Sumi-e & Enso Brush Studies - Misty mountain single pine brushstroke No. 2. Printed on museum-grade heavyweight matte paper and encased in premium solid wood frames.</p><p>Created to reflect the calming balance of Zen Sumi-e & Enso Brush Studies, combining Matte Black, Charcoal Slate, Old Ivory, Raw Linen, Dried Rose tones to anchor modern interiors with refined elegance.</p>",Atelier & Canvas,Wall Art,"zen sumi-e & enso brush studies wall art, framed canvas print, modern living room art, large statement art, neutral home decor, gallery wall art, bedroom wall decor, minimalist poster, terracotta art print, fine art giclee, sustainable wall art",Size,24x36 in (60x90 cm),Frame Style,Gallery Stretched Fine Art Canvas,canvas_slim_24x36-in_wood-frame,98.0,TRUE
zen-sumi-e-enso-brush-studies-misty-mountain-single-pine-brushstroke-no-2-d92373,Zen Sumi-e & Enso Brush Studies - Misty mountain single pine brushstroke No. 2,"<p>Transform your living space with Zen Sumi-e & Enso Brush Studies - Misty mountain single pine brushstroke No. 2. Printed on museum-grade heavyweight matte paper and encased in premium solid wood frames.</p><p>Created to reflect the calming balance of Zen Sumi-e & Enso Brush Studies, combining Matte Black, Charcoal Slate, Old Ivory, Raw Linen, Dried Rose tones to anchor modern interiors with refined elegance.</p>",Atelier & Canvas,Wall Art,"zen sumi-e & enso brush studies wall art, framed canvas print, modern living room art, large statement art, neutral home decor, gallery wall art, bedroom wall decor, minimalist poster, terracotta art print, fine art giclee, sustainable wall art",Size,24x36 in (60x90 cm),Frame Style,Museum-Grade Matte Fine Art Print (Unframed),poster_matte_24x36-in_250-gsm,46.0,TRUE
zen-sumi-e-enso-brush-studies-misty-mountain-single-pine-brushstroke-no-2-d92373,Zen Sumi-e & Enso Brush Studies - Misty mountain single pine brushstroke No. 2,"<p>Transform your living space with Zen Sumi-e & Enso Brush Studies - Misty mountain single pine brushstroke No. 2. Printed on museum-grade heavyweight matte paper and encased in premium solid wood frames.</p><p>Created to reflect the calming balance of Zen Sumi-e & Enso Brush Studies, combining Matte Black, Charcoal Slate, Old Ivory, Raw Linen, Dried Rose tones to anchor modern interiors with refined elegance.</p>",Atelier & Canvas,Wall Art,"zen sumi-e & enso brush studies wall art, framed canvas print, modern living room art, large statement art, neutral home decor, gallery wall art, bedroom wall decor, minimalist poster, terracotta art print, fine art giclee, sustainable wall art",Size,30x40 in (75x100 cm),Frame Style,Solid Natural Oak Wood Frame,framed-poster_flat_wood_natural_30x40-in_200-gsm,148.0,TRUE
zen-sumi-e-enso-brush-studies-misty-mountain-single-pine-brushstroke-no-2-d92373,Zen Sumi-e & Enso Brush Studies - Misty mountain single pine brushstroke No. 2,"<p>Transform your living space with Zen Sumi-e & Enso Brush Studies - Misty mountain single pine brushstroke No. 2. Printed on museum-grade heavyweight matte paper and encased in premium solid wood frames.</p><p>Created to reflect the calming balance of Zen Sumi-e & Enso Brush Studies, combining Matte Black, Charcoal Slate, Old Ivory, Raw Linen, Dried Rose tones to anchor modern interiors with refined elegance.</p>",Atelier & Canvas,Wall Art,"zen sumi-e & enso brush studies wall art, framed canvas print, modern living room art, large statement art, neutral home decor, gallery wall art, bedroom wall decor, minimalist poster, terracotta art print, fine art giclee, sustainable wall art",Size,30x40 in (75x100 cm),Frame Style,Matte Black Solid Wood Frame,framed-poster_flat_wood_black_30x40-in_200-gsm,143.0,TRUE
zen-sumi-e-enso-brush-studies-misty-mountain-single-pine-brushstroke-no-2-d92373,Zen Sumi-e & Enso Brush Studies - Misty mountain single pine brushstroke No. 2,"<p>Transform your living space with Zen Sumi-e & Enso Brush Studies - Misty mountain single pine brushstroke No. 2. Printed on museum-grade heavyweight matte paper and encased in premium solid wood frames.</p><p>Created to reflect the calming balance of Zen Sumi-e & Enso Brush Studies, combining Matte Black, Charcoal Slate, Old Ivory, Raw Linen, Dried Rose tones to anchor modern interiors with refined elegance.</p>",Atelier & Canvas,Wall Art,"zen sumi-e & enso brush studies wall art, framed canvas print, modern living room art, large statement art, neutral home decor, gallery wall art, bedroom wall decor, minimalist poster, terracotta art print, fine art giclee, sustainable wall art",Size,30x40 in (75x100 cm),Frame Style,Gallery Stretched Fine Art Canvas,canvas_slim_30x40-in_wood-frame,137.0,TRUE
zen-sumi-e-enso-brush-studies-misty-mountain-single-pine-brushstroke-no-2-d92373,Zen Sumi-e & Enso Brush Studies - Misty mountain single pine brushstroke No. 2,"<p>Transform your living space with Zen Sumi-e & Enso Brush Studies - Misty mountain single pine brushstroke No. 2. Printed on museum-grade heavyweight matte paper and encased in premium solid wood frames.</p><p>Created to reflect the calming balance of Zen Sumi-e & Enso Brush Studies, combining Matte Black, Charcoal Slate, Old Ivory, Raw Linen, Dried Rose tones to anchor modern interiors with refined elegance.</p>",Atelier & Canvas,Wall Art,"zen sumi-e & enso brush studies wall art, framed canvas print, modern living room art, large statement art, neutral home decor, gallery wall art, bedroom wall decor, minimalist poster, terracotta art print, fine art giclee, sustainable wall art",Size,30x40 in (75x100 cm),Frame Style,Museum-Grade Matte Fine Art Print (Unframed),poster_matte_30x40-in_250-gsm,59.0,TRUE
textured-abstract-expressionist-impasto-balanced-gestural-brush-mark-study-no-2-5f0cb1,Textured Abstract Expressionist Impasto - Balanced gestural brush mark study No. 2,"<p>Transform your living space with Textured Abstract Expressionist Impasto - Balanced gestural brush mark study No. 2. Printed on museum-grade heavyweight matte paper and encased in premium solid wood frames.</p><p>Created to reflect the calming balance of Textured Abstract Expressionist Impasto, combining Charcoal Slate, Warm Ochre, Terracotta, Muted Sage, Raw Linen tones to anchor modern interiors with refined elegance.</p>",Atelier & Canvas,Wall Art,"textured abstract expressionist impasto wall art, framed canvas print, modern living room art, large statement art, neutral home decor, gallery wall art, bedroom wall decor, minimalist poster, terracotta art print, fine art giclee, sustainable wall art",Size,12x18 in (30x45 cm),Frame Style,Solid Natural Oak Wood Frame,framed-poster_flat_wood_natural_12x18-in_200-gsm,52.0,TRUE
textured-abstract-expressionist-impasto-balanced-gestural-brush-mark-study-no-2-5f0cb1,Textured Abstract Expressionist Impasto - Balanced gestural brush mark study No. 2,"<p>Transform your living space with Textured Abstract Expressionist Impasto - Balanced gestural brush mark study No. 2. Printed on museum-grade heavyweight matte paper and encased in premium solid wood frames.</p><p>Created to reflect the calming balance of Textured Abstract Expressionist Impasto, combining Charcoal Slate, Warm Ochre, Terracotta, Muted Sage, Raw Linen tones to anchor modern interiors with refined elegance.</p>",Atelier & Canvas,Wall Art,"textured abstract expressionist impasto wall art, framed canvas print, modern living room art, large statement art, neutral home decor, gallery wall art, bedroom wall decor, minimalist poster, terracotta art print, fine art giclee, sustainable wall art",Size,12x18 in (30x45 cm),Frame Style,Matte Black Solid Wood Frame,framed-poster_flat_wood_black_12x18-in_200-gsm,50.0,TRUE
textured-abstract-expressionist-impasto-balanced-gestural-brush-mark-study-no-2-5f0cb1,Textured Abstract Expressionist Impasto - Balanced gestural brush mark study No. 2,"<p>Transform your living space with Textured Abstract Expressionist Impasto - Balanced gestural brush mark study No. 2. Printed on museum-grade heavyweight matte paper and encased in premium solid wood frames.</p><p>Created to reflect the calming balance of Textured Abstract Expressionist Impasto, combining Charcoal Slate, Warm Ochre, Terracotta, Muted Sage, Raw Linen tones to anchor modern interiors with refined elegance.</p>",Atelier & Canvas,Wall Art,"textured abstract expressionist impasto wall art, framed canvas print, modern living room art, large statement art, neutral home decor, gallery wall art, bedroom wall decor, minimalist poster, terracotta art print, fine art giclee, sustainable wall art",Size,12x18 in (30x45 cm),Frame Style,Museum-Grade Matte Fine Art Print (Unframed),poster_matte_12x18-in_250-gsm,26.0,TRUE
textured-abstract-expressionist-impasto-balanced-gestural-brush-mark-study-no-2-5f0cb1,Textured Abstract Expressionist Impasto - Balanced gestural brush mark study No. 2,"<p>Transform your living space with Textured Abstract Expressionist Impasto - Balanced gestural brush mark study No. 2. Printed on museum-grade heavyweight matte paper and encased in premium solid wood frames.</p><p>Created to reflect the calming balance of Textured Abstract Expressionist Impasto, combining Charcoal Slate, Warm Ochre, Terracotta, Muted Sage, Raw Linen tones to anchor modern interiors with refined elegance.</p>",Atelier & Canvas,Wall Art,"textured abstract expressionist impasto wall art, framed canvas print, modern living room art, large statement art, neutral home decor, gallery wall art, bedroom wall decor, minimalist poster, terracotta art print, fine art giclee, sustainable wall art",Size,18x24 in (45x60 cm),Frame Style,Solid Natural Oak Wood Frame,framed-poster_flat_wood_natural_18x24-in_200-gsm,76.0,TRUE
textured-abstract-expressionist-impasto-balanced-gestural-brush-mark-study-no-2-5f0cb1,Textured Abstract Expressionist Impasto - Balanced gestural brush mark study No. 2,"<p>Transform your living space with Textured Abstract Expressionist Impasto - Balanced gestural brush mark study No. 2. Printed on museum-grade heavyweight matte paper and encased in premium solid wood frames.</p><p>Created to reflect the calming balance of Textured Abstract Expressionist Impasto, combining Charcoal Slate, Warm Ochre, Terracotta, Muted Sage, Raw Linen tones to anchor modern interiors with refined elegance.</p>",Atelier & Canvas,Wall Art,"textured abstract expressionist impasto wall art, framed canvas print, modern living room art, large statement art, neutral home decor, gallery wall art, bedroom wall decor, minimalist poster, terracotta art print, fine art giclee, sustainable wall art",Size,18x24 in (45x60 cm),Frame Style,Matte Black Solid Wood Frame,framed-poster_flat_wood_black_18x24-in_200-gsm,73.0,TRUE
textured-abstract-expressionist-impasto-balanced-gestural-brush-mark-study-no-2-5f0cb1,Textured Abstract Expressionist Impasto - Balanced gestural brush mark study No. 2,"<p>Transform your living space with Textured Abstract Expressionist Impasto - Balanced gestural brush mark study No. 2. Printed on museum-grade heavyweight matte paper and encased in premium solid wood frames.</p><p>Created to reflect the calming balance of Textured Abstract Expressionist Impasto, combining Charcoal Slate, Warm Ochre, Terracotta, Muted Sage, Raw Linen tones to anchor modern interiors with refined elegance.</p>",Atelier & Canvas,Wall Art,"textured abstract expressionist impasto wall art, framed canvas print, modern living room art, large statement art, neutral home decor, gallery wall art, bedroom wall decor, minimalist poster, terracotta art print, fine art giclee, sustainable wall art",Size,18x24 in (45x60 cm),Frame Style,Nordic White Wood Frame,framed-poster_flat_wood_white_18x24-in_200-gsm,73.0,TRUE
textured-abstract-expressionist-impasto-balanced-gestural-brush-mark-study-no-2-5f0cb1,Textured Abstract Expressionist Impasto - Balanced gestural brush mark study No. 2,"<p>Transform your living space with Textured Abstract Expressionist Impasto - Balanced gestural brush mark study No. 2. Printed on museum-grade heavyweight matte paper and encased in premium solid wood frames.</p><p>Created to reflect the calming balance of Textured Abstract Expressionist Impasto, combining Charcoal Slate, Warm Ochre, Terracotta, Muted Sage, Raw Linen tones to anchor modern interiors with refined elegance.</p>",Atelier & Canvas,Wall Art,"textured abstract expressionist impasto wall art, framed canvas print, modern living room art, large statement art, neutral home decor, gallery wall art, bedroom wall decor, minimalist poster, terracotta art print, fine art giclee, sustainable wall art",Size,18x24 in (45x60 cm),Frame Style,Gallery Stretched Fine Art Canvas,canvas_slim_18x24-in_wood-frame,68.0,TRUE
textured-abstract-expressionist-impasto-balanced-gestural-brush-mark-study-no-2-5f0cb1,Textured Abstract Expressionist Impasto - Balanced gestural brush mark study No. 2,"<p>Transform your living space with Textured Abstract Expressionist Impasto - Balanced gestural brush mark study No. 2. Printed on museum-grade heavyweight matte paper and encased in premium solid wood frames.</p><p>Created to reflect the calming balance of Textured Abstract Expressionist Impasto, combining Charcoal Slate, Warm Ochre, Terracotta, Muted Sage, Raw Linen tones to anchor modern interiors with refined elegance.</p>",Atelier & Canvas,Wall Art,"textured abstract expressionist impasto wall art, framed canvas print, modern living room art, large statement art, neutral home decor, gallery wall art, bedroom wall decor, minimalist poster, terracotta art print, fine art giclee, sustainable wall art",Size,18x24 in (45x60 cm),Frame Style,Museum-Grade Matte Fine Art Print (Unframed),poster_matte_18x24-in_250-gsm,33.0,TRUE
textured-abstract-expressionist-impasto-balanced-gestural-brush-mark-study-no-2-5f0cb1,Textured Abstract Expressionist Impasto - Balanced gestural brush mark study No. 2,"<p>Transform your living space with Textured Abstract Expressionist Impasto - Balanced gestural brush mark study No. 2. Printed on museum-grade heavyweight matte paper and encased in premium solid wood frames.</p><p>Created to reflect the calming balance of Textured Abstract Expressionist Impasto, combining Charcoal Slate, Warm Ochre, Terracotta, Muted Sage, Raw Linen tones to anchor modern interiors with refined elegance.</p>",Atelier & Canvas,Wall Art,"textured abstract expressionist impasto wall art, framed canvas print, modern living room art, large statement art, neutral home decor, gallery wall art, bedroom wall decor, minimalist poster, terracotta art print, fine art giclee, sustainable wall art",Size,24x36 in (60x90 cm),Frame Style,Solid Natural Oak Wood Frame,framed-poster_flat_wood_natural_24x36-in_200-gsm,110.0,TRUE
textured-abstract-expressionist-impasto-balanced-gestural-brush-mark-study-no-2-5f0cb1,Textured Abstract Expressionist Impasto - Balanced gestural brush mark study No. 2,"<p>Transform your living space with Textured Abstract Expressionist Impasto - Balanced gestural brush mark study No. 2. Printed on museum-grade heavyweight matte paper and encased in premium solid wood frames.</p><p>Created to reflect the calming balance of Textured Abstract Expressionist Impasto, combining Charcoal Slate, Warm Ochre, Terracotta, Muted Sage, Raw Linen tones to anchor modern interiors with refined elegance.</p>",Atelier & Canvas,Wall Art,"textured abstract expressionist impasto wall art, framed canvas print, modern living room art, large statement art, neutral home decor, gallery wall art, bedroom wall decor, minimalist poster, terracotta art print, fine art giclee, sustainable wall art",Size,24x36 in (60x90 cm),Frame Style,Matte Black Solid Wood Frame,framed-poster_flat_wood_black_24x36-in_200-gsm,105.0,TRUE
textured-abstract-expressionist-impasto-balanced-gestural-brush-mark-study-no-2-5f0cb1,Textured Abstract Expressionist Impasto - Balanced gestural brush mark study No. 2,"<p>Transform your living space with Textured Abstract Expressionist Impasto - Balanced gestural brush mark study No. 2. Printed on museum-grade heavyweight matte paper and encased in premium solid wood frames.</p><p>Created to reflect the calming balance of Textured Abstract Expressionist Impasto, combining Charcoal Slate, Warm Ochre, Terracotta, Muted Sage, Raw Linen tones to anchor modern interiors with refined elegance.</p>",Atelier & Canvas,Wall Art,"textured abstract expressionist impasto wall art, framed canvas print, modern living room art, large statement art, neutral home decor, gallery wall art, bedroom wall decor, minimalist poster, terracotta art print, fine art giclee, sustainable wall art",Size,24x36 in (60x90 cm),Frame Style,Nordic White Wood Frame,framed-poster_flat_wood_white_24x36-in_200-gsm,105.0,TRUE
textured-abstract-expressionist-impasto-balanced-gestural-brush-mark-study-no-2-5f0cb1,Textured Abstract Expressionist Impasto - Balanced gestural brush mark study No. 2,"<p>Transform your living space with Textured Abstract Expressionist Impasto - Balanced gestural brush mark study No. 2. Printed on museum-grade heavyweight matte paper and encased in premium solid wood frames.</p><p>Created to reflect the calming balance of Textured Abstract Expressionist Impasto, combining Charcoal Slate, Warm Ochre, Terracotta, Muted Sage, Raw Linen tones to anchor modern interiors with refined elegance.</p>",Atelier & Canvas,Wall Art,"textured abstract expressionist impasto wall art, framed canvas print, modern living room art, large statement art, neutral home decor, gallery wall art, bedroom wall decor, minimalist poster, terracotta art print, fine art giclee, sustainable wall art",Size,24x36 in (60x90 cm),Frame Style,Gallery Stretched Fine Art Canvas,canvas_slim_24x36-in_wood-frame,98.0,TRUE
textured-abstract-expressionist-impasto-balanced-gestural-brush-mark-study-no-2-5f0cb1,Textured Abstract Expressionist Impasto - Balanced gestural brush mark study No. 2,"<p>Transform your living space with Textured Abstract Expressionist Impasto - Balanced gestural brush mark study No. 2. Printed on museum-grade heavyweight matte paper and encased in premium solid wood frames.</p><p>Created to reflect the calming balance of Textured Abstract Expressionist Impasto, combining Charcoal Slate, Warm Ochre, Terracotta, Muted Sage, Raw Linen tones to anchor modern interiors with refined elegance.</p>",Atelier & Canvas,Wall Art,"textured abstract expressionist impasto wall art, framed canvas print, modern living room art, large statement art, neutral home decor, gallery wall art, bedroom wall decor, minimalist poster, terracotta art print, fine art giclee, sustainable wall art",Size,24x36 in (60x90 cm),Frame Style,Museum-Grade Matte Fine Art Print (Unframed),poster_matte_24x36-in_250-gsm,46.0,TRUE
textured-abstract-expressionist-impasto-balanced-gestural-brush-mark-study-no-2-5f0cb1,Textured Abstract Expressionist Impasto - Balanced gestural brush mark study No. 2,"<p>Transform your living space with Textured Abstract Expressionist Impasto - Balanced gestural brush mark study No. 2. Printed on museum-grade heavyweight matte paper and encased in premium solid wood frames.</p><p>Created to reflect the calming balance of Textured Abstract Expressionist Impasto, combining Charcoal Slate, Warm Ochre, Terracotta, Muted Sage, Raw Linen tones to anchor modern interiors with refined elegance.</p>",Atelier & Canvas,Wall Art,"textured abstract expressionist impasto wall art, framed canvas print, modern living room art, large statement art, neutral home decor, gallery wall art, bedroom wall decor, minimalist poster, terracotta art print, fine art giclee, sustainable wall art",Size,30x40 in (75x100 cm),Frame Style,Solid Natural Oak Wood Frame,framed-poster_flat_wood_natural_30x40-in_200-gsm,148.0,TRUE
textured-abstract-expressionist-impasto-balanced-gestural-brush-mark-study-no-2-5f0cb1,Textured Abstract Expressionist Impasto - Balanced gestural brush mark study No. 2,"<p>Transform your living space with Textured Abstract Expressionist Impasto - Balanced gestural brush mark study No. 2. Printed on museum-grade heavyweight matte paper and encased in premium solid wood frames.</p><p>Created to reflect the calming balance of Textured Abstract Expressionist Impasto, combining Charcoal Slate, Warm Ochre, Terracotta, Muted Sage, Raw Linen tones to anchor modern interiors with refined elegance.</p>",Atelier & Canvas,Wall Art,"textured abstract expressionist impasto wall art, framed canvas print, modern living room art, large statement art, neutral home decor, gallery wall art, bedroom wall decor, minimalist poster, terracotta art print, fine art giclee, sustainable wall art",Size,30x40 in (75x100 cm),Frame Style,Matte Black Solid Wood Frame,framed-poster_flat_wood_black_30x40-in_200-gsm,143.0,TRUE
textured-abstract-expressionist-impasto-balanced-gestural-brush-mark-study-no-2-5f0cb1,Textured Abstract Expressionist Impasto - Balanced gestural brush mark study No. 2,"<p>Transform your living space with Textured Abstract Expressionist Impasto - Balanced gestural brush mark study No. 2. Printed on museum-grade heavyweight matte paper and encased in premium solid wood frames.</p><p>Created to reflect the calming balance of Textured Abstract Expressionist Impasto, combining Charcoal Slate, Warm Ochre, Terracotta, Muted Sage, Raw Linen tones to anchor modern interiors with refined elegance.</p>",Atelier & Canvas,Wall Art,"textured abstract expressionist impasto wall art, framed canvas print, modern living room art, large statement art, neutral home decor, gallery wall art, bedroom wall decor, minimalist poster, terracotta art print, fine art giclee, sustainable wall art",Size,30x40 in (75x100 cm),Frame Style,Gallery Stretched Fine Art Canvas,canvas_slim_30x40-in_wood-frame,137.0,TRUE
textured-abstract-expressionist-impasto-balanced-gestural-brush-mark-study-no-2-5f0cb1,Textured Abstract Expressionist Impasto - Balanced gestural brush mark study No. 2,"<p>Transform your living space with Textured Abstract Expressionist Impasto - Balanced gestural brush mark study No. 2. Printed on museum-grade heavyweight matte paper and encased in premium solid wood frames.</p><p>Created to reflect the calming balance of Textured Abstract Expressionist Impasto, combining Charcoal Slate, Warm Ochre, Terracotta, Muted Sage, Raw Linen tones to anchor modern interiors with refined elegance.</p>",Atelier & Canvas,Wall Art,"textured abstract expressionist impasto wall art, framed canvas print, modern living room art, large statement art, neutral home decor, gallery wall art, bedroom wall decor, minimalist poster, terracotta art print, fine art giclee, sustainable wall art",Size,30x40 in (75x100 cm),Frame Style,Museum-Grade Matte Fine Art Print (Unframed),poster_matte_30x40-in_250-gsm,59.0,TRUE
continuous-minimalist-line-art-botanical-vase-continuous-brushstroke-no-8-e965c5,Continuous Minimalist Line Art - Botanical vase continuous brushstroke No. 8,"<p>Transform your living space with Continuous Minimalist Line Art - Botanical vase continuous brushstroke No. 8. Printed on museum-grade heavyweight matte paper and encased in premium solid wood frames.</p><p>Created to reflect the calming balance of Continuous Minimalist Line Art, combining Matte Black, Warm Ochre, Terracotta, Raw Linen, Sandstone tones to anchor modern interiors with refined elegance.</p>",Atelier & Canvas,Wall Art,"continuous minimalist line art wall art, framed canvas print, modern living room art, large statement art, neutral home decor, gallery wall art, bedroom wall decor, minimalist poster, terracotta art print, fine art giclee, sustainable wall art",Size,12x18 in (30x45 cm),Frame Style,Solid Natural Oak Wood Frame,framed-poster_flat_wood_natural_12x18-in_200-gsm,52.0,TRUE
continuous-minimalist-line-art-botanical-vase-continuous-brushstroke-no-8-e965c5,Continuous Minimalist Line Art - Botanical vase continuous brushstroke No. 8,"<p>Transform your living space with Continuous Minimalist Line Art - Botanical vase continuous brushstroke No. 8. Printed on museum-grade heavyweight matte paper and encased in premium solid wood frames.</p><p>Created to reflect the calming balance of Continuous Minimalist Line Art, combining Matte Black, Warm Ochre, Terracotta, Raw Linen, Sandstone tones to anchor modern interiors with refined elegance.</p>",Atelier & Canvas,Wall Art,"continuous minimalist line art wall art, framed canvas print, modern living room art, large statement art, neutral home decor, gallery wall art, bedroom wall decor, minimalist poster, terracotta art print, fine art giclee, sustainable wall art",Size,12x18 in (30x45 cm),Frame Style,Matte Black Solid Wood Frame,framed-poster_flat_wood_black_12x18-in_200-gsm,50.0,TRUE
continuous-minimalist-line-art-botanical-vase-continuous-brushstroke-no-8-e965c5,Continuous Minimalist Line Art - Botanical vase continuous brushstroke No. 8,"<p>Transform your living space with Continuous Minimalist Line Art - Botanical vase continuous brushstroke No. 8. Printed on museum-grade heavyweight matte paper and encased in premium solid wood frames.</p><p>Created to reflect the calming balance of Continuous Minimalist Line Art, combining Matte Black, Warm Ochre, Terracotta, Raw Linen, Sandstone tones to anchor modern interiors with refined elegance.</p>",Atelier & Canvas,Wall Art,"continuous minimalist line art wall art, framed canvas print, modern living room art, large statement art, neutral home decor, gallery wall art, bedroom wall decor, minimalist poster, terracotta art print, fine art giclee, sustainable wall art",Size,12x18 in (30x45 cm),Frame Style,Museum-Grade Matte Fine Art Print (Unframed),poster_matte_12x18-in_250-gsm,26.0,TRUE
continuous-minimalist-line-art-botanical-vase-continuous-brushstroke-no-8-e965c5,Continuous Minimalist Line Art - Botanical vase continuous brushstroke No. 8,"<p>Transform your living space with Continuous Minimalist Line Art - Botanical vase continuous brushstroke No. 8. Printed on museum-grade heavyweight matte paper and encased in premium solid wood frames.</p><p>Created to reflect the calming balance of Continuous Minimalist Line Art, combining Matte Black, Warm Ochre, Terracotta, Raw Linen, Sandstone tones to anchor modern interiors with refined elegance.</p>",Atelier & Canvas,Wall Art,"continuous minimalist line art wall art, framed canvas print, modern living room art, large statement art, neutral home decor, gallery wall art, bedroom wall decor, minimalist poster, terracotta art print, fine art giclee, sustainable wall art",Size,18x24 in (45x60 cm),Frame Style,Solid Natural Oak Wood Frame,framed-poster_flat_wood_natural_18x24-in_200-gsm,76.0,TRUE
continuous-minimalist-line-art-botanical-vase-continuous-brushstroke-no-8-e965c5,Continuous Minimalist Line Art - Botanical vase continuous brushstroke No. 8,"<p>Transform your living space with Continuous Minimalist Line Art - Botanical vase continuous brushstroke No. 8. Printed on museum-grade heavyweight matte paper and encased in premium solid wood frames.</p><p>Created to reflect the calming balance of Continuous Minimalist Line Art, combining Matte Black, Warm Ochre, Terracotta, Raw Linen, Sandstone tones to anchor modern interiors with refined elegance.</p>",Atelier & Canvas,Wall Art,"continuous minimalist line art wall art, framed canvas print, modern living room art, large statement art, neutral home decor, gallery wall art, bedroom wall decor, minimalist poster, terracotta art print, fine art giclee, sustainable wall art",Size,18x24 in (45x60 cm),Frame Style,Matte Black Solid Wood Frame,framed-poster_flat_wood_black_18x24-in_200-gsm,73.0,TRUE
continuous-minimalist-line-art-botanical-vase-continuous-brushstroke-no-8-e965c5,Continuous Minimalist Line Art - Botanical vase continuous brushstroke No. 8,"<p>Transform your living space with Continuous Minimalist Line Art - Botanical vase continuous brushstroke No. 8. Printed on museum-grade heavyweight matte paper and encased in premium solid wood frames.</p><p>Created to reflect the calming balance of Continuous Minimalist Line Art, combining Matte Black, Warm Ochre, Terracotta, Raw Linen, Sandstone tones to anchor modern interiors with refined elegance.</p>",Atelier & Canvas,Wall Art,"continuous minimalist line art wall art, framed canvas print, modern living room art, large statement art, neutral home decor, gallery wall art, bedroom wall decor, minimalist poster, terracotta art print, fine art giclee, sustainable wall art",Size,18x24 in (45x60 cm),Frame Style,Nordic White Wood Frame,framed-poster_flat_wood_white_18x24-in_200-gsm,73.0,TRUE
continuous-minimalist-line-art-botanical-vase-continuous-brushstroke-no-8-e965c5,Continuous Minimalist Line Art - Botanical vase continuous brushstroke No. 8,"<p>Transform your living space with Continuous Minimalist Line Art - Botanical vase continuous brushstroke No. 8. Printed on museum-grade heavyweight matte paper and encased in premium solid wood frames.</p><p>Created to reflect the calming balance of Continuous Minimalist Line Art, combining Matte Black, Warm Ochre, Terracotta, Raw Linen, Sandstone tones to anchor modern interiors with refined elegance.</p>",Atelier & Canvas,Wall Art,"continuous minimalist line art wall art, framed canvas print, modern living room art, large statement art, neutral home decor, gallery wall art, bedroom wall decor, minimalist poster, terracotta art print, fine art giclee, sustainable wall art",Size,18x24 in (45x60 cm),Frame Style,Gallery Stretched Fine Art Canvas,canvas_slim_18x24-in_wood-frame,68.0,TRUE
continuous-minimalist-line-art-botanical-vase-continuous-brushstroke-no-8-e965c5,Continuous Minimalist Line Art - Botanical vase continuous brushstroke No. 8,"<p>Transform your living space with Continuous Minimalist Line Art - Botanical vase continuous brushstroke No. 8. Printed on museum-grade heavyweight matte paper and encased in premium solid wood frames.</p><p>Created to reflect the calming balance of Continuous Minimalist Line Art, combining Matte Black, Warm Ochre, Terracotta, Raw Linen, Sandstone tones to anchor modern interiors with refined elegance.</p>",Atelier & Canvas,Wall Art,"continuous minimalist line art wall art, framed canvas print, modern living room art, large statement art, neutral home decor, gallery wall art, bedroom wall decor, minimalist poster, terracotta art print, fine art giclee, sustainable wall art",Size,18x24 in (45x60 cm),Frame Style,Museum-Grade Matte Fine Art Print (Unframed),poster_matte_18x24-in_250-gsm,33.0,TRUE
continuous-minimalist-line-art-botanical-vase-continuous-brushstroke-no-8-e965c5,Continuous Minimalist Line Art - Botanical vase continuous brushstroke No. 8,"<p>Transform your living space with Continuous Minimalist Line Art - Botanical vase continuous brushstroke No. 8. Printed on museum-grade heavyweight matte paper and encased in premium solid wood frames.</p><p>Created to reflect the calming balance of Continuous Minimalist Line Art, combining Matte Black, Warm Ochre, Terracotta, Raw Linen, Sandstone tones to anchor modern interiors with refined elegance.</p>",Atelier & Canvas,Wall Art,"continuous minimalist line art wall art, framed canvas print, modern living room art, large statement art, neutral home decor, gallery wall art, bedroom wall decor, minimalist poster, terracotta art print, fine art giclee, sustainable wall art",Size,24x36 in (60x90 cm),Frame Style,Solid Natural Oak Wood Frame,framed-poster_flat_wood_natural_24x36-in_200-gsm,110.0,TRUE
continuous-minimalist-line-art-botanical-vase-continuous-brushstroke-no-8-e965c5,Continuous Minimalist Line Art - Botanical vase continuous brushstroke No. 8,"<p>Transform your living space with Continuous Minimalist Line Art - Botanical vase continuous brushstroke No. 8. Printed on museum-grade heavyweight matte paper and encased in premium solid wood frames.</p><p>Created to reflect the calming balance of Continuous Minimalist Line Art, combining Matte Black, Warm Ochre, Terracotta, Raw Linen, Sandstone tones to anchor modern interiors with refined elegance.</p>",Atelier & Canvas,Wall Art,"continuous minimalist line art wall art, framed canvas print, modern living room art, large statement art, neutral home decor, gallery wall art, bedroom wall decor, minimalist poster, terracotta art print, fine art giclee, sustainable wall art",Size,24x36 in (60x90 cm),Frame Style,Matte Black Solid Wood Frame,framed-poster_flat_wood_black_24x36-in_200-gsm,105.0,TRUE
continuous-minimalist-line-art-botanical-vase-continuous-brushstroke-no-8-e965c5,Continuous Minimalist Line Art - Botanical vase continuous brushstroke No. 8,"<p>Transform your living space with Continuous Minimalist Line Art - Botanical vase continuous brushstroke No. 8. Printed on museum-grade heavyweight matte paper and encased in premium solid wood frames.</p><p>Created to reflect the calming balance of Continuous Minimalist Line Art, combining Matte Black, Warm Ochre, Terracotta, Raw Linen, Sandstone tones to anchor modern interiors with refined elegance.</p>",Atelier & Canvas,Wall Art,"continuous minimalist line art wall art, framed canvas print, modern living room art, large statement art, neutral home decor, gallery wall art, bedroom wall decor, minimalist poster, terracotta art print, fine art giclee, sustainable wall art",Size,24x36 in (60x90 cm),Frame Style,Nordic White Wood Frame,framed-poster_flat_wood_white_24x36-in_200-gsm,105.0,TRUE
continuous-minimalist-line-art-botanical-vase-continuous-brushstroke-no-8-e965c5,Continuous Minimalist Line Art - Botanical vase continuous brushstroke No. 8,"<p>Transform your living space with Continuous Minimalist Line Art - Botanical vase continuous brushstroke No. 8. Printed on museum-grade heavyweight matte paper and encased in premium solid wood frames.</p><p>Created to reflect the calming balance of Continuous Minimalist Line Art, combining Matte Black, Warm Ochre, Terracotta, Raw Linen, Sandstone tones to anchor modern interiors with refined elegance.</p>",Atelier & Canvas,Wall Art,"continuous minimalist line art wall art, framed canvas print, modern living room art, large statement art, neutral home decor, gallery wall art, bedroom wall decor, minimalist poster, terracotta art print, fine art giclee, sustainable wall art",Size,24x36 in (60x90 cm),Frame Style,Gallery Stretched Fine Art Canvas,canvas_slim_24x36-in_wood-frame,98.0,TRUE
continuous-minimalist-line-art-botanical-vase-continuous-brushstroke-no-8-e965c5,Continuous Minimalist Line Art - Botanical vase continuous brushstroke No. 8,"<p>Transform your living space with Continuous Minimalist Line Art - Botanical vase continuous brushstroke No. 8. Printed on museum-grade heavyweight matte paper and encased in premium solid wood frames.</p><p>Created to reflect the calming balance of Continuous Minimalist Line Art, combining Matte Black, Warm Ochre, Terracotta, Raw Linen, Sandstone tones to anchor modern interiors with refined elegance.</p>",Atelier & Canvas,Wall Art,"continuous minimalist line art wall art, framed canvas print, modern living room art, large statement art, neutral home decor, gallery wall art, bedroom wall decor, minimalist poster, terracotta art print, fine art giclee, sustainable wall art",Size,24x36 in (60x90 cm),Frame Style,Museum-Grade Matte Fine Art Print (Unframed),poster_matte_24x36-in_250-gsm,46.0,TRUE
continuous-minimalist-line-art-botanical-vase-continuous-brushstroke-no-8-e965c5,Continuous Minimalist Line Art - Botanical vase continuous brushstroke No. 8,"<p>Transform your living space with Continuous Minimalist Line Art - Botanical vase continuous brushstroke No. 8. Printed on museum-grade heavyweight matte paper and encased in premium solid wood frames.</p><p>Created to reflect the calming balance of Continuous Minimalist Line Art, combining Matte Black, Warm Ochre, Terracotta, Raw Linen, Sandstone tones to anchor modern interiors with refined elegance.</p>",Atelier & Canvas,Wall Art,"continuous minimalist line art wall art, framed canvas print, modern living room art, large statement art, neutral home decor, gallery wall art, bedroom wall decor, minimalist poster, terracotta art print, fine art giclee, sustainable wall art",Size,30x40 in (75x100 cm),Frame Style,Solid Natural Oak Wood Frame,framed-poster_flat_wood_natural_30x40-in_200-gsm,148.0,TRUE
continuous-minimalist-line-art-botanical-vase-continuous-brushstroke-no-8-e965c5,Continuous Minimalist Line Art - Botanical vase continuous brushstroke No. 8,"<p>Transform your living space with Continuous Minimalist Line Art - Botanical vase continuous brushstroke No. 8. Printed on museum-grade heavyweight matte paper and encased in premium solid wood frames.</p><p>Created to reflect the calming balance of Continuous Minimalist Line Art, combining Matte Black, Warm Ochre, Terracotta, Raw Linen, Sandstone tones to anchor modern interiors with refined elegance.</p>",Atelier & Canvas,Wall Art,"continuous minimalist line art wall art, framed canvas print, modern living room art, large statement art, neutral home decor, gallery wall art, bedroom wall decor, minimalist poster, terracotta art print, fine art giclee, sustainable wall art",Size,30x40 in (75x100 cm),Frame Style,Matte Black Solid Wood Frame,framed-poster_flat_wood_black_30x40-in_200-gsm,143.0,TRUE
continuous-minimalist-line-art-botanical-vase-continuous-brushstroke-no-8-e965c5,Continuous Minimalist Line Art - Botanical vase continuous brushstroke No. 8,"<p>Transform your living space with Continuous Minimalist Line Art - Botanical vase continuous brushstroke No. 8. Printed on museum-grade heavyweight matte paper and encased in premium solid wood frames.</p><p>Created to reflect the calming balance of Continuous Minimalist Line Art, combining Matte Black, Warm Ochre, Terracotta, Raw Linen, Sandstone tones to anchor modern interiors with refined elegance.</p>",Atelier & Canvas,Wall Art,"continuous minimalist line art wall art, framed canvas print, modern living room art, large statement art, neutral home decor, gallery wall art, bedroom wall decor, minimalist poster, terracotta art print, fine art giclee, sustainable wall art",Size,30x40 in (75x100 cm),Frame Style,Gallery Stretched Fine Art Canvas,canvas_slim_30x40-in_wood-frame,137.0,TRUE
continuous-minimalist-line-art-botanical-vase-continuous-brushstroke-no-8-e965c5,Continuous Minimalist Line Art - Botanical vase continuous brushstroke No. 8,"<p>Transform your living space with Continuous Minimalist Line Art - Botanical vase continuous brushstroke No. 8. Printed on museum-grade heavyweight matte paper and encased in premium solid wood frames.</p><p>Created to reflect the calming balance of Continuous Minimalist Line Art, combining Matte Black, Warm Ochre, Terracotta, Raw Linen, Sandstone tones to anchor modern interiors with refined elegance.</p>",Atelier & Canvas,Wall Art,"continuous minimalist line art wall art, framed canvas print, modern living room art, large statement art, neutral home decor, gallery wall art, bedroom wall decor, minimalist poster, terracotta art print, fine art giclee, sustainable wall art",Size,30x40 in (75x100 cm),Frame Style,Museum-Grade Matte Fine Art Print (Unframed),poster_matte_30x40-in_250-gsm,59.0,TRUE
french-herbarium-pressed-botanicals-pressed-woodland-fern-specimen-plate-no-6-47a47a,French Herbarium & Pressed Botanicals - Pressed woodland fern specimen plate No. 6,"<p>Transform your living space with French Herbarium & Pressed Botanicals - Pressed woodland fern specimen plate No. 6. Printed on museum-grade heavyweight matte paper and encased in premium solid wood frames.</p><p>Created to reflect the calming balance of French Herbarium & Pressed Botanicals, combining Forest Moss, Antique Sepia, Old Ivory, Eucalyptus Green, Raw Linen tones to anchor modern interiors with refined elegance.</p>",Atelier & Canvas,Wall Art,"french herbarium & pressed botanicals wall art, framed canvas print, modern living room art, large statement art, neutral home decor, gallery wall art, bedroom wall decor, minimalist poster, terracotta art print, fine art giclee, sustainable wall art",Size,12x18 in (30x45 cm),Frame Style,Solid Natural Oak Wood Frame,framed-poster_flat_wood_natural_12x18-in_200-gsm,52.0,TRUE
french-herbarium-pressed-botanicals-pressed-woodland-fern-specimen-plate-no-6-47a47a,French Herbarium & Pressed Botanicals - Pressed woodland fern specimen plate No. 6,"<p>Transform your living space with French Herbarium & Pressed Botanicals - Pressed woodland fern specimen plate No. 6. Printed on museum-grade heavyweight matte paper and encased in premium solid wood frames.</p><p>Created to reflect the calming balance of French Herbarium & Pressed Botanicals, combining Forest Moss, Antique Sepia, Old Ivory, Eucalyptus Green, Raw Linen tones to anchor modern interiors with refined elegance.</p>",Atelier & Canvas,Wall Art,"french herbarium & pressed botanicals wall art, framed canvas print, modern living room art, large statement art, neutral home decor, gallery wall art, bedroom wall decor, minimalist poster, terracotta art print, fine art giclee, sustainable wall art",Size,12x18 in (30x45 cm),Frame Style,Matte Black Solid Wood Frame,framed-poster_flat_wood_black_12x18-in_200-gsm,50.0,TRUE
french-herbarium-pressed-botanicals-pressed-woodland-fern-specimen-plate-no-6-47a47a,French Herbarium & Pressed Botanicals - Pressed woodland fern specimen plate No. 6,"<p>Transform your living space with French Herbarium & Pressed Botanicals - Pressed woodland fern specimen plate No. 6. Printed on museum-grade heavyweight matte paper and encased in premium solid wood frames.</p><p>Created to reflect the calming balance of French Herbarium & Pressed Botanicals, combining Forest Moss, Antique Sepia, Old Ivory, Eucalyptus Green, Raw Linen tones to anchor modern interiors with refined elegance.</p>",Atelier & Canvas,Wall Art,"french herbarium & pressed botanicals wall art, framed canvas print, modern living room art, large statement art, neutral home decor, gallery wall art, bedroom wall decor, minimalist poster, terracotta art print, fine art giclee, sustainable wall art",Size,12x18 in (30x45 cm),Frame Style,Museum-Grade Matte Fine Art Print (Unframed),poster_matte_12x18-in_250-gsm,26.0,TRUE
french-herbarium-pressed-botanicals-pressed-woodland-fern-specimen-plate-no-6-47a47a,French Herbarium & Pressed Botanicals - Pressed woodland fern specimen plate No. 6,"<p>Transform your living space with French Herbarium & Pressed Botanicals - Pressed woodland fern specimen plate No. 6. Printed on museum-grade heavyweight matte paper and encased in premium solid wood frames.</p><p>Created to reflect the calming balance of French Herbarium & Pressed Botanicals, combining Forest Moss, Antique Sepia, Old Ivory, Eucalyptus Green, Raw Linen tones to anchor modern interiors with refined elegance.</p>",Atelier & Canvas,Wall Art,"french herbarium & pressed botanicals wall art, framed canvas print, modern living room art, large statement art, neutral home decor, gallery wall art, bedroom wall decor, minimalist poster, terracotta art print, fine art giclee, sustainable wall art",Size,18x24 in (45x60 cm),Frame Style,Solid Natural Oak Wood Frame,framed-poster_flat_wood_natural_18x24-in_200-gsm,76.0,TRUE
french-herbarium-pressed-botanicals-pressed-woodland-fern-specimen-plate-no-6-47a47a,French Herbarium & Pressed Botanicals - Pressed woodland fern specimen plate No. 6,"<p>Transform your living space with French Herbarium & Pressed Botanicals - Pressed woodland fern specimen plate No. 6. Printed on museum-grade heavyweight matte paper and encased in premium solid wood frames.</p><p>Created to reflect the calming balance of French Herbarium & Pressed Botanicals, combining Forest Moss, Antique Sepia, Old Ivory, Eucalyptus Green, Raw Linen tones to anchor modern interiors with refined elegance.</p>",Atelier & Canvas,Wall Art,"french herbarium & pressed botanicals wall art, framed canvas print, modern living room art, large statement art, neutral home decor, gallery wall art, bedroom wall decor, minimalist poster, terracotta art print, fine art giclee, sustainable wall art",Size,18x24 in (45x60 cm),Frame Style,Matte Black Solid Wood Frame,framed-poster_flat_wood_black_18x24-in_200-gsm,73.0,TRUE
french-herbarium-pressed-botanicals-pressed-woodland-fern-specimen-plate-no-6-47a47a,French Herbarium & Pressed Botanicals - Pressed woodland fern specimen plate No. 6,"<p>Transform your living space with French Herbarium & Pressed Botanicals - Pressed woodland fern specimen plate No. 6. Printed on museum-grade heavyweight matte paper and encased in premium solid wood frames.</p><p>Created to reflect the calming balance of French Herbarium & Pressed Botanicals, combining Forest Moss, Antique Sepia, Old Ivory, Eucalyptus Green, Raw Linen tones to anchor modern interiors with refined elegance.</p>",Atelier & Canvas,Wall Art,"french herbarium & pressed botanicals wall art, framed canvas print, modern living room art, large statement art, neutral home decor, gallery wall art, bedroom wall decor, minimalist poster, terracotta art print, fine art giclee, sustainable wall art",Size,18x24 in (45x60 cm),Frame Style,Nordic White Wood Frame,framed-poster_flat_wood_white_18x24-in_200-gsm,73.0,TRUE
french-herbarium-pressed-botanicals-pressed-woodland-fern-specimen-plate-no-6-47a47a,French Herbarium & Pressed Botanicals - Pressed woodland fern specimen plate No. 6,"<p>Transform your living space with French Herbarium & Pressed Botanicals - Pressed woodland fern specimen plate No. 6. Printed on museum-grade heavyweight matte paper and encased in premium solid wood frames.</p><p>Created to reflect the calming balance of French Herbarium & Pressed Botanicals, combining Forest Moss, Antique Sepia, Old Ivory, Eucalyptus Green, Raw Linen tones to anchor modern interiors with refined elegance.</p>",Atelier & Canvas,Wall Art,"french herbarium & pressed botanicals wall art, framed canvas print, modern living room art, large statement art, neutral home decor, gallery wall art, bedroom wall decor, minimalist poster, terracotta art print, fine art giclee, sustainable wall art",Size,18x24 in (45x60 cm),Frame Style,Gallery Stretched Fine Art Canvas,canvas_slim_18x24-in_wood-frame,68.0,TRUE
french-herbarium-pressed-botanicals-pressed-woodland-fern-specimen-plate-no-6-47a47a,French Herbarium & Pressed Botanicals - Pressed woodland fern specimen plate No. 6,"<p>Transform your living space with French Herbarium & Pressed Botanicals - Pressed woodland fern specimen plate No. 6. Printed on museum-grade heavyweight matte paper and encased in premium solid wood frames.</p><p>Created to reflect the calming balance of French Herbarium & Pressed Botanicals, combining Forest Moss, Antique Sepia, Old Ivory, Eucalyptus Green, Raw Linen tones to anchor modern interiors with refined elegance.</p>",Atelier & Canvas,Wall Art,"french herbarium & pressed botanicals wall art, framed canvas print, modern living room art, large statement art, neutral home decor, gallery wall art, bedroom wall decor, minimalist poster, terracotta art print, fine art giclee, sustainable wall art",Size,18x24 in (45x60 cm),Frame Style,Museum-Grade Matte Fine Art Print (Unframed),poster_matte_18x24-in_250-gsm,33.0,TRUE
french-herbarium-pressed-botanicals-pressed-woodland-fern-specimen-plate-no-6-47a47a,French Herbarium & Pressed Botanicals - Pressed woodland fern specimen plate No. 6,"<p>Transform your living space with French Herbarium & Pressed Botanicals - Pressed woodland fern specimen plate No. 6. Printed on museum-grade heavyweight matte paper and encased in premium solid wood frames.</p><p>Created to reflect the calming balance of French Herbarium & Pressed Botanicals, combining Forest Moss, Antique Sepia, Old Ivory, Eucalyptus Green, Raw Linen tones to anchor modern interiors with refined elegance.</p>",Atelier & Canvas,Wall Art,"french herbarium & pressed botanicals wall art, framed canvas print, modern living room art, large statement art, neutral home decor, gallery wall art, bedroom wall decor, minimalist poster, terracotta art print, fine art giclee, sustainable wall art",Size,24x36 in (60x90 cm),Frame Style,Solid Natural Oak Wood Frame,framed-poster_flat_wood_natural_24x36-in_200-gsm,110.0,TRUE
french-herbarium-pressed-botanicals-pressed-woodland-fern-specimen-plate-no-6-47a47a,French Herbarium & Pressed Botanicals - Pressed woodland fern specimen plate No. 6,"<p>Transform your living space with French Herbarium & Pressed Botanicals - Pressed woodland fern specimen plate No. 6. Printed on museum-grade heavyweight matte paper and encased in premium solid wood frames.</p><p>Created to reflect the calming balance of French Herbarium & Pressed Botanicals, combining Forest Moss, Antique Sepia, Old Ivory, Eucalyptus Green, Raw Linen tones to anchor modern interiors with refined elegance.</p>",Atelier & Canvas,Wall Art,"french herbarium & pressed botanicals wall art, framed canvas print, modern living room art, large statement art, neutral home decor, gallery wall art, bedroom wall decor, minimalist poster, terracotta art print, fine art giclee, sustainable wall art",Size,24x36 in (60x90 cm),Frame Style,Matte Black Solid Wood Frame,framed-poster_flat_wood_black_24x36-in_200-gsm,105.0,TRUE
french-herbarium-pressed-botanicals-pressed-woodland-fern-specimen-plate-no-6-47a47a,French Herbarium & Pressed Botanicals - Pressed woodland fern specimen plate No. 6,"<p>Transform your living space with French Herbarium & Pressed Botanicals - Pressed woodland fern specimen plate No. 6. Printed on museum-grade heavyweight matte paper and encased in premium solid wood frames.</p><p>Created to reflect the calming balance of French Herbarium & Pressed Botanicals, combining Forest Moss, Antique Sepia, Old Ivory, Eucalyptus Green, Raw Linen tones to anchor modern interiors with refined elegance.</p>",Atelier & Canvas,Wall Art,"french herbarium & pressed botanicals wall art, framed canvas print, modern living room art, large statement art, neutral home decor, gallery wall art, bedroom wall decor, minimalist poster, terracotta art print, fine art giclee, sustainable wall art",Size,24x36 in (60x90 cm),Frame Style,Nordic White Wood Frame,framed-poster_flat_wood_white_24x36-in_200-gsm,105.0,TRUE
french-herbarium-pressed-botanicals-pressed-woodland-fern-specimen-plate-no-6-47a47a,French Herbarium & Pressed Botanicals - Pressed woodland fern specimen plate No. 6,"<p>Transform your living space with French Herbarium & Pressed Botanicals - Pressed woodland fern specimen plate No. 6. Printed on museum-grade heavyweight matte paper and encased in premium solid wood frames.</p><p>Created to reflect the calming balance of French Herbarium & Pressed Botanicals, combining Forest Moss, Antique Sepia, Old Ivory, Eucalyptus Green, Raw Linen tones to anchor modern interiors with refined elegance.</p>",Atelier & Canvas,Wall Art,"french herbarium & pressed botanicals wall art, framed canvas print, modern living room art, large statement art, neutral home decor, gallery wall art, bedroom wall decor, minimalist poster, terracotta art print, fine art giclee, sustainable wall art",Size,24x36 in (60x90 cm),Frame Style,Gallery Stretched Fine Art Canvas,canvas_slim_24x36-in_wood-frame,98.0,TRUE
french-herbarium-pressed-botanicals-pressed-woodland-fern-specimen-plate-no-6-47a47a,French Herbarium & Pressed Botanicals - Pressed woodland fern specimen plate No. 6,"<p>Transform your living space with French Herbarium & Pressed Botanicals - Pressed woodland fern specimen plate No. 6. Printed on museum-grade heavyweight matte paper and encased in premium solid wood frames.</p><p>Created to reflect the calming balance of French Herbarium & Pressed Botanicals, combining Forest Moss, Antique Sepia, Old Ivory, Eucalyptus Green, Raw Linen tones to anchor modern interiors with refined elegance.</p>",Atelier & Canvas,Wall Art,"french herbarium & pressed botanicals wall art, framed canvas print, modern living room art, large statement art, neutral home decor, gallery wall art, bedroom wall decor, minimalist poster, terracotta art print, fine art giclee, sustainable wall art",Size,24x36 in (60x90 cm),Frame Style,Museum-Grade Matte Fine Art Print (Unframed),poster_matte_24x36-in_250-gsm,46.0,TRUE
french-herbarium-pressed-botanicals-pressed-woodland-fern-specimen-plate-no-6-47a47a,French Herbarium & Pressed Botanicals - Pressed woodland fern specimen plate No. 6,"<p>Transform your living space with French Herbarium & Pressed Botanicals - Pressed woodland fern specimen plate No. 6. Printed on museum-grade heavyweight matte paper and encased in premium solid wood frames.</p><p>Created to reflect the calming balance of French Herbarium & Pressed Botanicals, combining Forest Moss, Antique Sepia, Old Ivory, Eucalyptus Green, Raw Linen tones to anchor modern interiors with refined elegance.</p>",Atelier & Canvas,Wall Art,"french herbarium & pressed botanicals wall art, framed canvas print, modern living room art, large statement art, neutral home decor, gallery wall art, bedroom wall decor, minimalist poster, terracotta art print, fine art giclee, sustainable wall art",Size,30x40 in (75x100 cm),Frame Style,Solid Natural Oak Wood Frame,framed-poster_flat_wood_natural_30x40-in_200-gsm,148.0,TRUE
french-herbarium-pressed-botanicals-pressed-woodland-fern-specimen-plate-no-6-47a47a,French Herbarium & Pressed Botanicals - Pressed woodland fern specimen plate No. 6,"<p>Transform your living space with French Herbarium & Pressed Botanicals - Pressed woodland fern specimen plate No. 6. Printed on museum-grade heavyweight matte paper and encased in premium solid wood frames.</p><p>Created to reflect the calming balance of French Herbarium & Pressed Botanicals, combining Forest Moss, Antique Sepia, Old Ivory, Eucalyptus Green, Raw Linen tones to anchor modern interiors with refined elegance.</p>",Atelier & Canvas,Wall Art,"french herbarium & pressed botanicals wall art, framed canvas print, modern living room art, large statement art, neutral home decor, gallery wall art, bedroom wall decor, minimalist poster, terracotta art print, fine art giclee, sustainable wall art",Size,30x40 in (75x100 cm),Frame Style,Matte Black Solid Wood Frame,framed-poster_flat_wood_black_30x40-in_200-gsm,143.0,TRUE
french-herbarium-pressed-botanicals-pressed-woodland-fern-specimen-plate-no-6-47a47a,French Herbarium & Pressed Botanicals - Pressed woodland fern specimen plate No. 6,"<p>Transform your living space with French Herbarium & Pressed Botanicals - Pressed woodland fern specimen plate No. 6. Printed on museum-grade heavyweight matte paper and encased in premium solid wood frames.</p><p>Created to reflect the calming balance of French Herbarium & Pressed Botanicals, combining Forest Moss, Antique Sepia, Old Ivory, Eucalyptus Green, Raw Linen tones to anchor modern interiors with refined elegance.</p>",Atelier & Canvas,Wall Art,"french herbarium & pressed botanicals wall art, framed canvas print, modern living room art, large statement art, neutral home decor, gallery wall art, bedroom wall decor, minimalist poster, terracotta art print, fine art giclee, sustainable wall art",Size,30x40 in (75x100 cm),Frame Style,Gallery Stretched Fine Art Canvas,canvas_slim_30x40-in_wood-frame,137.0,TRUE
french-herbarium-pressed-botanicals-pressed-woodland-fern-specimen-plate-no-6-47a47a,French Herbarium & Pressed Botanicals - Pressed woodland fern specimen plate No. 6,"<p>Transform your living space with French Herbarium & Pressed Botanicals - Pressed woodland fern specimen plate No. 6. Printed on museum-grade heavyweight matte paper and encased in premium solid wood frames.</p><p>Created to reflect the calming balance of French Herbarium & Pressed Botanicals, combining Forest Moss, Antique Sepia, Old Ivory, Eucalyptus Green, Raw Linen tones to anchor modern interiors with refined elegance.</p>",Atelier & Canvas,Wall Art,"french herbarium & pressed botanicals wall art, framed canvas print, modern living room art, large statement art, neutral home decor, gallery wall art, bedroom wall decor, minimalist poster, terracotta art print, fine art giclee, sustainable wall art",Size,30x40 in (75x100 cm),Frame Style,Museum-Grade Matte Fine Art Print (Unframed),poster_matte_30x40-in_250-gsm,59.0,TRUE
abstract-ethereal-watercolor-horizons-abstract-rolling-fog-foothills-no-8-c60fd3,Abstract Ethereal Watercolor Horizons - Abstract rolling fog foothills No. 8,"<p>Transform your living space with Abstract Ethereal Watercolor Horizons - Abstract rolling fog foothills No. 8. Printed on museum-grade heavyweight matte paper and encased in premium solid wood frames.</p><p>Created to reflect the calming balance of Abstract Ethereal Watercolor Horizons, combining Amalfi Ultramarine, Muted Sage, Terracotta, Burnished Gold, Raw Linen tones to anchor modern interiors with refined elegance.</p>",Atelier & Canvas,Wall Art,"abstract ethereal watercolor horizons wall art, framed canvas print, modern living room art, large statement art, neutral home decor, gallery wall art, bedroom wall decor, minimalist poster, terracotta art print, fine art giclee, sustainable wall art",Size,12x18 in (30x45 cm),Frame Style,Solid Natural Oak Wood Frame,framed-poster_flat_wood_natural_12x18-in_200-gsm,52.0,TRUE
abstract-ethereal-watercolor-horizons-abstract-rolling-fog-foothills-no-8-c60fd3,Abstract Ethereal Watercolor Horizons - Abstract rolling fog foothills No. 8,"<p>Transform your living space with Abstract Ethereal Watercolor Horizons - Abstract rolling fog foothills No. 8. Printed on museum-grade heavyweight matte paper and encased in premium solid wood frames.</p><p>Created to reflect the calming balance of Abstract Ethereal Watercolor Horizons, combining Amalfi Ultramarine, Muted Sage, Terracotta, Burnished Gold, Raw Linen tones to anchor modern interiors with refined elegance.</p>",Atelier & Canvas,Wall Art,"abstract ethereal watercolor horizons wall art, framed canvas print, modern living room art, large statement art, neutral home decor, gallery wall art, bedroom wall decor, minimalist poster, terracotta art print, fine art giclee, sustainable wall art",Size,12x18 in (30x45 cm),Frame Style,Matte Black Solid Wood Frame,framed-poster_flat_wood_black_12x18-in_200-gsm,50.0,TRUE
abstract-ethereal-watercolor-horizons-abstract-rolling-fog-foothills-no-8-c60fd3,Abstract Ethereal Watercolor Horizons - Abstract rolling fog foothills No. 8,"<p>Transform your living space with Abstract Ethereal Watercolor Horizons - Abstract rolling fog foothills No. 8. Printed on museum-grade heavyweight matte paper and encased in premium solid wood frames.</p><p>Created to reflect the calming balance of Abstract Ethereal Watercolor Horizons, combining Amalfi Ultramarine, Muted Sage, Terracotta, Burnished Gold, Raw Linen tones to anchor modern interiors with refined elegance.</p>",Atelier & Canvas,Wall Art,"abstract ethereal watercolor horizons wall art, framed canvas print, modern living room art, large statement art, neutral home decor, gallery wall art, bedroom wall decor, minimalist poster, terracotta art print, fine art giclee, sustainable wall art",Size,12x18 in (30x45 cm),Frame Style,Museum-Grade Matte Fine Art Print (Unframed),poster_matte_12x18-in_250-gsm,26.0,TRUE
abstract-ethereal-watercolor-horizons-abstract-rolling-fog-foothills-no-8-c60fd3,Abstract Ethereal Watercolor Horizons - Abstract rolling fog foothills No. 8,"<p>Transform your living space with Abstract Ethereal Watercolor Horizons - Abstract rolling fog foothills No. 8. Printed on museum-grade heavyweight matte paper and encased in premium solid wood frames.</p><p>Created to reflect the calming balance of Abstract Ethereal Watercolor Horizons, combining Amalfi Ultramarine, Muted Sage, Terracotta, Burnished Gold, Raw Linen tones to anchor modern interiors with refined elegance.</p>",Atelier & Canvas,Wall Art,"abstract ethereal watercolor horizons wall art, framed canvas print, modern living room art, large statement art, neutral home decor, gallery wall art, bedroom wall decor, minimalist poster, terracotta art print, fine art giclee, sustainable wall art",Size,18x24 in (45x60 cm),Frame Style,Solid Natural Oak Wood Frame,framed-poster_flat_wood_natural_18x24-in_200-gsm,76.0,TRUE
abstract-ethereal-watercolor-horizons-abstract-rolling-fog-foothills-no-8-c60fd3,Abstract Ethereal Watercolor Horizons - Abstract rolling fog foothills No. 8,"<p>Transform your living space with Abstract Ethereal Watercolor Horizons - Abstract rolling fog foothills No. 8. Printed on museum-grade heavyweight matte paper and encased in premium solid wood frames.</p><p>Created to reflect the calming balance of Abstract Ethereal Watercolor Horizons, combining Amalfi Ultramarine, Muted Sage, Terracotta, Burnished Gold, Raw Linen tones to anchor modern interiors with refined elegance.</p>",Atelier & Canvas,Wall Art,"abstract ethereal watercolor horizons wall art, framed canvas print, modern living room art, large statement art, neutral home decor, gallery wall art, bedroom wall decor, minimalist poster, terracotta art print, fine art giclee, sustainable wall art",Size,18x24 in (45x60 cm),Frame Style,Matte Black Solid Wood Frame,framed-poster_flat_wood_black_18x24-in_200-gsm,73.0,TRUE
abstract-ethereal-watercolor-horizons-abstract-rolling-fog-foothills-no-8-c60fd3,Abstract Ethereal Watercolor Horizons - Abstract rolling fog foothills No. 8,"<p>Transform your living space with Abstract Ethereal Watercolor Horizons - Abstract rolling fog foothills No. 8. Printed on museum-grade heavyweight matte paper and encased in premium solid wood frames.</p><p>Created to reflect the calming balance of Abstract Ethereal Watercolor Horizons, combining Amalfi Ultramarine, Muted Sage, Terracotta, Burnished Gold, Raw Linen tones to anchor modern interiors with refined elegance.</p>",Atelier & Canvas,Wall Art,"abstract ethereal watercolor horizons wall art, framed canvas print, modern living room art, large statement art, neutral home decor, gallery wall art, bedroom wall decor, minimalist poster, terracotta art print, fine art giclee, sustainable wall art",Size,18x24 in (45x60 cm),Frame Style,Nordic White Wood Frame,framed-poster_flat_wood_white_18x24-in_200-gsm,73.0,TRUE
abstract-ethereal-watercolor-horizons-abstract-rolling-fog-foothills-no-8-c60fd3,Abstract Ethereal Watercolor Horizons - Abstract rolling fog foothills No. 8,"<p>Transform your living space with Abstract Ethereal Watercolor Horizons - Abstract rolling fog foothills No. 8. Printed on museum-grade heavyweight matte paper and encased in premium solid wood frames.</p><p>Created to reflect the calming balance of Abstract Ethereal Watercolor Horizons, combining Amalfi Ultramarine, Muted Sage, Terracotta, Burnished Gold, Raw Linen tones to anchor modern interiors with refined elegance.</p>",Atelier & Canvas,Wall Art,"abstract ethereal watercolor horizons wall art, framed canvas print, modern living room art, large statement art, neutral home decor, gallery wall art, bedroom wall decor, minimalist poster, terracotta art print, fine art giclee, sustainable wall art",Size,18x24 in (45x60 cm),Frame Style,Gallery Stretched Fine Art Canvas,canvas_slim_18x24-in_wood-frame,68.0,TRUE
abstract-ethereal-watercolor-horizons-abstract-rolling-fog-foothills-no-8-c60fd3,Abstract Ethereal Watercolor Horizons - Abstract rolling fog foothills No. 8,"<p>Transform your living space with Abstract Ethereal Watercolor Horizons - Abstract rolling fog foothills No. 8. Printed on museum-grade heavyweight matte paper and encased in premium solid wood frames.</p><p>Created to reflect the calming balance of Abstract Ethereal Watercolor Horizons, combining Amalfi Ultramarine, Muted Sage, Terracotta, Burnished Gold, Raw Linen tones to anchor modern interiors with refined elegance.</p>",Atelier & Canvas,Wall Art,"abstract ethereal watercolor horizons wall art, framed canvas print, modern living room art, large statement art, neutral home decor, gallery wall art, bedroom wall decor, minimalist poster, terracotta art print, fine art giclee, sustainable wall art",Size,18x24 in (45x60 cm),Frame Style,Museum-Grade Matte Fine Art Print (Unframed),poster_matte_18x24-in_250-gsm,33.0,TRUE
abstract-ethereal-watercolor-horizons-abstract-rolling-fog-foothills-no-8-c60fd3,Abstract Ethereal Watercolor Horizons - Abstract rolling fog foothills No. 8,"<p>Transform your living space with Abstract Ethereal Watercolor Horizons - Abstract rolling fog foothills No. 8. Printed on museum-grade heavyweight matte paper and encased in premium solid wood frames.</p><p>Created to reflect the calming balance of Abstract Ethereal Watercolor Horizons, combining Amalfi Ultramarine, Muted Sage, Terracotta, Burnished Gold, Raw Linen tones to anchor modern interiors with refined elegance.</p>",Atelier & Canvas,Wall Art,"abstract ethereal watercolor horizons wall art, framed canvas print, modern living room art, large statement art, neutral home decor, gallery wall art, bedroom wall decor, minimalist poster, terracotta art print, fine art giclee, sustainable wall art",Size,24x36 in (60x90 cm),Frame Style,Solid Natural Oak Wood Frame,framed-poster_flat_wood_natural_24x36-in_200-gsm,110.0,TRUE
abstract-ethereal-watercolor-horizons-abstract-rolling-fog-foothills-no-8-c60fd3,Abstract Ethereal Watercolor Horizons - Abstract rolling fog foothills No. 8,"<p>Transform your living space with Abstract Ethereal Watercolor Horizons - Abstract rolling fog foothills No. 8. Printed on museum-grade heavyweight matte paper and encased in premium solid wood frames.</p><p>Created to reflect the calming balance of Abstract Ethereal Watercolor Horizons, combining Amalfi Ultramarine, Muted Sage, Terracotta, Burnished Gold, Raw Linen tones to anchor modern interiors with refined elegance.</p>",Atelier & Canvas,Wall Art,"abstract ethereal watercolor horizons wall art, framed canvas print, modern living room art, large statement art, neutral home decor, gallery wall art, bedroom wall decor, minimalist poster, terracotta art print, fine art giclee, sustainable wall art",Size,24x36 in (60x90 cm),Frame Style,Matte Black Solid Wood Frame,framed-poster_flat_wood_black_24x36-in_200-gsm,105.0,TRUE
abstract-ethereal-watercolor-horizons-abstract-rolling-fog-foothills-no-8-c60fd3,Abstract Ethereal Watercolor Horizons - Abstract rolling fog foothills No. 8,"<p>Transform your living space with Abstract Ethereal Watercolor Horizons - Abstract rolling fog foothills No. 8. Printed on museum-grade heavyweight matte paper and encased in premium solid wood frames.</p><p>Created to reflect the calming balance of Abstract Ethereal Watercolor Horizons, combining Amalfi Ultramarine, Muted Sage, Terracotta, Burnished Gold, Raw Linen tones to anchor modern interiors with refined elegance.</p>",Atelier & Canvas,Wall Art,"abstract ethereal watercolor horizons wall art, framed canvas print, modern living room art, large statement art, neutral home decor, gallery wall art, bedroom wall decor, minimalist poster, terracotta art print, fine art giclee, sustainable wall art",Size,24x36 in (60x90 cm),Frame Style,Nordic White Wood Frame,framed-poster_flat_wood_white_24x36-in_200-gsm,105.0,TRUE
abstract-ethereal-watercolor-horizons-abstract-rolling-fog-foothills-no-8-c60fd3,Abstract Ethereal Watercolor Horizons - Abstract rolling fog foothills No. 8,"<p>Transform your living space with Abstract Ethereal Watercolor Horizons - Abstract rolling fog foothills No. 8. Printed on museum-grade heavyweight matte paper and encased in premium solid wood frames.</p><p>Created to reflect the calming balance of Abstract Ethereal Watercolor Horizons, combining Amalfi Ultramarine, Muted Sage, Terracotta, Burnished Gold, Raw Linen tones to anchor modern interiors with refined elegance.</p>",Atelier & Canvas,Wall Art,"abstract ethereal watercolor horizons wall art, framed canvas print, modern living room art, large statement art, neutral home decor, gallery wall art, bedroom wall decor, minimalist poster, terracotta art print, fine art giclee, sustainable wall art",Size,24x36 in (60x90 cm),Frame Style,Gallery Stretched Fine Art Canvas,canvas_slim_24x36-in_wood-frame,98.0,TRUE
abstract-ethereal-watercolor-horizons-abstract-rolling-fog-foothills-no-8-c60fd3,Abstract Ethereal Watercolor Horizons - Abstract rolling fog foothills No. 8,"<p>Transform your living space with Abstract Ethereal Watercolor Horizons - Abstract rolling fog foothills No. 8. Printed on museum-grade heavyweight matte paper and encased in premium solid wood frames.</p><p>Created to reflect the calming balance of Abstract Ethereal Watercolor Horizons, combining Amalfi Ultramarine, Muted Sage, Terracotta, Burnished Gold, Raw Linen tones to anchor modern interiors with refined elegance.</p>",Atelier & Canvas,Wall Art,"abstract ethereal watercolor horizons wall art, framed canvas print, modern living room art, large statement art, neutral home decor, gallery wall art, bedroom wall decor, minimalist poster, terracotta art print, fine art giclee, sustainable wall art",Size,24x36 in (60x90 cm),Frame Style,Museum-Grade Matte Fine Art Print (Unframed),poster_matte_24x36-in_250-gsm,46.0,TRUE
abstract-ethereal-watercolor-horizons-abstract-rolling-fog-foothills-no-8-c60fd3,Abstract Ethereal Watercolor Horizons - Abstract rolling fog foothills No. 8,"<p>Transform your living space with Abstract Ethereal Watercolor Horizons - Abstract rolling fog foothills No. 8. Printed on museum-grade heavyweight matte paper and encased in premium solid wood frames.</p><p>Created to reflect the calming balance of Abstract Ethereal Watercolor Horizons, combining Amalfi Ultramarine, Muted Sage, Terracotta, Burnished Gold, Raw Linen tones to anchor modern interiors with refined elegance.</p>",Atelier & Canvas,Wall Art,"abstract ethereal watercolor horizons wall art, framed canvas print, modern living room art, large statement art, neutral home decor, gallery wall art, bedroom wall decor, minimalist poster, terracotta art print, fine art giclee, sustainable wall art",Size,30x40 in (75x100 cm),Frame Style,Solid Natural Oak Wood Frame,framed-poster_flat_wood_natural_30x40-in_200-gsm,148.0,TRUE
abstract-ethereal-watercolor-horizons-abstract-rolling-fog-foothills-no-8-c60fd3,Abstract Ethereal Watercolor Horizons - Abstract rolling fog foothills No. 8,"<p>Transform your living space with Abstract Ethereal Watercolor Horizons - Abstract rolling fog foothills No. 8. Printed on museum-grade heavyweight matte paper and encased in premium solid wood frames.</p><p>Created to reflect the calming balance of Abstract Ethereal Watercolor Horizons, combining Amalfi Ultramarine, Muted Sage, Terracotta, Burnished Gold, Raw Linen tones to anchor modern interiors with refined elegance.</p>",Atelier & Canvas,Wall Art,"abstract ethereal watercolor horizons wall art, framed canvas print, modern living room art, large statement art, neutral home decor, gallery wall art, bedroom wall decor, minimalist poster, terracotta art print, fine art giclee, sustainable wall art",Size,30x40 in (75x100 cm),Frame Style,Matte Black Solid Wood Frame,framed-poster_flat_wood_black_30x40-in_200-gsm,143.0,TRUE
abstract-ethereal-watercolor-horizons-abstract-rolling-fog-foothills-no-8-c60fd3,Abstract Ethereal Watercolor Horizons - Abstract rolling fog foothills No. 8,"<p>Transform your living space with Abstract Ethereal Watercolor Horizons - Abstract rolling fog foothills No. 8. Printed on museum-grade heavyweight matte paper and encased in premium solid wood frames.</p><p>Created to reflect the calming balance of Abstract Ethereal Watercolor Horizons, combining Amalfi Ultramarine, Muted Sage, Terracotta, Burnished Gold, Raw Linen tones to anchor modern interiors with refined elegance.</p>",Atelier & Canvas,Wall Art,"abstract ethereal watercolor horizons wall art, framed canvas print, modern living room art, large statement art, neutral home decor, gallery wall art, bedroom wall decor, minimalist poster, terracotta art print, fine art giclee, sustainable wall art",Size,30x40 in (75x100 cm),Frame Style,Gallery Stretched Fine Art Canvas,canvas_slim_30x40-in_wood-frame,137.0,TRUE
abstract-ethereal-watercolor-horizons-abstract-rolling-fog-foothills-no-8-c60fd3,Abstract Ethereal Watercolor Horizons - Abstract rolling fog foothills No. 8,"<p>Transform your living space with Abstract Ethereal Watercolor Horizons - Abstract rolling fog foothills No. 8. Printed on museum-grade heavyweight matte paper and encased in premium solid wood frames.</p><p>Created to reflect the calming balance of Abstract Ethereal Watercolor Horizons, combining Amalfi Ultramarine, Muted Sage, Terracotta, Burnished Gold, Raw Linen tones to anchor modern interiors with refined elegance.</p>",Atelier & Canvas,Wall Art,"abstract ethereal watercolor horizons wall art, framed canvas print, modern living room art, large statement art, neutral home decor, gallery wall art, bedroom wall decor, minimalist poster, terracotta art print, fine art giclee, sustainable wall art",Size,30x40 in (75x100 cm),Frame Style,Museum-Grade Matte Fine Art Print (Unframed),poster_matte_30x40-in_250-gsm,59.0,TRUE
art-deco-gatsby-gilded-geometry-art-deco-lotus-fountain-motif-no-8-ab47b9,Art Deco Gatsby & Gilded Geometry - Art deco lotus fountain motif No. 8,"<p>Transform your living space with Art Deco Gatsby & Gilded Geometry - Art deco lotus fountain motif No. 8. Printed on museum-grade heavyweight matte paper and encased in premium solid wood frames.</p><p>Created to reflect the calming balance of Art Deco Gatsby & Gilded Geometry, combining Deep Obsidian, Burnished Gold, Charcoal Slate, Burgundy Wine, Old Ivory tones to anchor modern interiors with refined elegance.</p>",Atelier & Canvas,Wall Art,"art deco gatsby & gilded geometry wall art, framed canvas print, modern living room art, large statement art, neutral home decor, gallery wall art, bedroom wall decor, minimalist poster, terracotta art print, fine art giclee, sustainable wall art",Size,12x18 in (30x45 cm),Frame Style,Solid Natural Oak Wood Frame,framed-poster_flat_wood_natural_12x18-in_200-gsm,52.0,TRUE
art-deco-gatsby-gilded-geometry-art-deco-lotus-fountain-motif-no-8-ab47b9,Art Deco Gatsby & Gilded Geometry - Art deco lotus fountain motif No. 8,"<p>Transform your living space with Art Deco Gatsby & Gilded Geometry - Art deco lotus fountain motif No. 8. Printed on museum-grade heavyweight matte paper and encased in premium solid wood frames.</p><p>Created to reflect the calming balance of Art Deco Gatsby & Gilded Geometry, combining Deep Obsidian, Burnished Gold, Charcoal Slate, Burgundy Wine, Old Ivory tones to anchor modern interiors with refined elegance.</p>",Atelier & Canvas,Wall Art,"art deco gatsby & gilded geometry wall art, framed canvas print, modern living room art, large statement art, neutral home decor, gallery wall art, bedroom wall decor, minimalist poster, terracotta art print, fine art giclee, sustainable wall art",Size,12x18 in (30x45 cm),Frame Style,Matte Black Solid Wood Frame,framed-poster_flat_wood_black_12x18-in_200-gsm,50.0,TRUE
art-deco-gatsby-gilded-geometry-art-deco-lotus-fountain-motif-no-8-ab47b9,Art Deco Gatsby & Gilded Geometry - Art deco lotus fountain motif No. 8,"<p>Transform your living space with Art Deco Gatsby & Gilded Geometry - Art deco lotus fountain motif No. 8. Printed on museum-grade heavyweight matte paper and encased in premium solid wood frames.</p><p>Created to reflect the calming balance of Art Deco Gatsby & Gilded Geometry, combining Deep Obsidian, Burnished Gold, Charcoal Slate, Burgundy Wine, Old Ivory tones to anchor modern interiors with refined elegance.</p>",Atelier & Canvas,Wall Art,"art deco gatsby & gilded geometry wall art, framed canvas print, modern living room art, large statement art, neutral home decor, gallery wall art, bedroom wall decor, minimalist poster, terracotta art print, fine art giclee, sustainable wall art",Size,12x18 in (30x45 cm),Frame Style,Museum-Grade Matte Fine Art Print (Unframed),poster_matte_12x18-in_250-gsm,26.0,TRUE
art-deco-gatsby-gilded-geometry-art-deco-lotus-fountain-motif-no-8-ab47b9,Art Deco Gatsby & Gilded Geometry - Art deco lotus fountain motif No. 8,"<p>Transform your living space with Art Deco Gatsby & Gilded Geometry - Art deco lotus fountain motif No. 8. Printed on museum-grade heavyweight matte paper and encased in premium solid wood frames.</p><p>Created to reflect the calming balance of Art Deco Gatsby & Gilded Geometry, combining Deep Obsidian, Burnished Gold, Charcoal Slate, Burgundy Wine, Old Ivory tones to anchor modern interiors with refined elegance.</p>",Atelier & Canvas,Wall Art,"art deco gatsby & gilded geometry wall art, framed canvas print, modern living room art, large statement art, neutral home decor, gallery wall art, bedroom wall decor, minimalist poster, terracotta art print, fine art giclee, sustainable wall art",Size,18x24 in (45x60 cm),Frame Style,Solid Natural Oak Wood Frame,framed-poster_flat_wood_natural_18x24-in_200-gsm,76.0,TRUE
art-deco-gatsby-gilded-geometry-art-deco-lotus-fountain-motif-no-8-ab47b9,Art Deco Gatsby & Gilded Geometry - Art deco lotus fountain motif No. 8,"<p>Transform your living space with Art Deco Gatsby & Gilded Geometry - Art deco lotus fountain motif No. 8. Printed on museum-grade heavyweight matte paper and encased in premium solid wood frames.</p><p>Created to reflect the calming balance of Art Deco Gatsby & Gilded Geometry, combining Deep Obsidian, Burnished Gold, Charcoal Slate, Burgundy Wine, Old Ivory tones to anchor modern interiors with refined elegance.</p>",Atelier & Canvas,Wall Art,"art deco gatsby & gilded geometry wall art, framed canvas print, modern living room art, large statement art, neutral home decor, gallery wall art, bedroom wall decor, minimalist poster, terracotta art print, fine art giclee, sustainable wall art",Size,18x24 in (45x60 cm),Frame Style,Matte Black Solid Wood Frame,framed-poster_flat_wood_black_18x24-in_200-gsm,73.0,TRUE
art-deco-gatsby-gilded-geometry-art-deco-lotus-fountain-motif-no-8-ab47b9,Art Deco Gatsby & Gilded Geometry - Art deco lotus fountain motif No. 8,"<p>Transform your living space with Art Deco Gatsby & Gilded Geometry - Art deco lotus fountain motif No. 8. Printed on museum-grade heavyweight matte paper and encased in premium solid wood frames.</p><p>Created to reflect the calming balance of Art Deco Gatsby & Gilded Geometry, combining Deep Obsidian, Burnished Gold, Charcoal Slate, Burgundy Wine, Old Ivory tones to anchor modern interiors with refined elegance.</p>",Atelier & Canvas,Wall Art,"art deco gatsby & gilded geometry wall art, framed canvas print, modern living room art, large statement art, neutral home decor, gallery wall art, bedroom wall decor, minimalist poster, terracotta art print, fine art giclee, sustainable wall art",Size,18x24 in (45x60 cm),Frame Style,Nordic White Wood Frame,framed-poster_flat_wood_white_18x24-in_200-gsm,73.0,TRUE
art-deco-gatsby-gilded-geometry-art-deco-lotus-fountain-motif-no-8-ab47b9,Art Deco Gatsby & Gilded Geometry - Art deco lotus fountain motif No. 8,"<p>Transform your living space with Art Deco Gatsby & Gilded Geometry - Art deco lotus fountain motif No. 8. Printed on museum-grade heavyweight matte paper and encased in premium solid wood frames.</p><p>Created to reflect the calming balance of Art Deco Gatsby & Gilded Geometry, combining Deep Obsidian, Burnished Gold, Charcoal Slate, Burgundy Wine, Old Ivory tones to anchor modern interiors with refined elegance.</p>",Atelier & Canvas,Wall Art,"art deco gatsby & gilded geometry wall art, framed canvas print, modern living room art, large statement art, neutral home decor, gallery wall art, bedroom wall decor, minimalist poster, terracotta art print, fine art giclee, sustainable wall art",Size,18x24 in (45x60 cm),Frame Style,Gallery Stretched Fine Art Canvas,canvas_slim_18x24-in_wood-frame,68.0,TRUE
art-deco-gatsby-gilded-geometry-art-deco-lotus-fountain-motif-no-8-ab47b9,Art Deco Gatsby & Gilded Geometry - Art deco lotus fountain motif No. 8,"<p>Transform your living space with Art Deco Gatsby & Gilded Geometry - Art deco lotus fountain motif No. 8. Printed on museum-grade heavyweight matte paper and encased in premium solid wood frames.</p><p>Created to reflect the calming balance of Art Deco Gatsby & Gilded Geometry, combining Deep Obsidian, Burnished Gold, Charcoal Slate, Burgundy Wine, Old Ivory tones to anchor modern interiors with refined elegance.</p>",Atelier & Canvas,Wall Art,"art deco gatsby & gilded geometry wall art, framed canvas print, modern living room art, large statement art, neutral home decor, gallery wall art, bedroom wall decor, minimalist poster, terracotta art print, fine art giclee, sustainable wall art",Size,18x24 in (45x60 cm),Frame Style,Museum-Grade Matte Fine Art Print (Unframed),poster_matte_18x24-in_250-gsm,33.0,TRUE
art-deco-gatsby-gilded-geometry-art-deco-lotus-fountain-motif-no-8-ab47b9,Art Deco Gatsby & Gilded Geometry - Art deco lotus fountain motif No. 8,"<p>Transform your living space with Art Deco Gatsby & Gilded Geometry - Art deco lotus fountain motif No. 8. Printed on museum-grade heavyweight matte paper and encased in premium solid wood frames.</p><p>Created to reflect the calming balance of Art Deco Gatsby & Gilded Geometry, combining Deep Obsidian, Burnished Gold, Charcoal Slate, Burgundy Wine, Old Ivory tones to anchor modern interiors with refined elegance.</p>",Atelier & Canvas,Wall Art,"art deco gatsby & gilded geometry wall art, framed canvas print, modern living room art, large statement art, neutral home decor, gallery wall art, bedroom wall decor, minimalist poster, terracotta art print, fine art giclee, sustainable wall art",Size,24x36 in (60x90 cm),Frame Style,Solid Natural Oak Wood Frame,framed-poster_flat_wood_natural_24x36-in_200-gsm,110.0,TRUE
art-deco-gatsby-gilded-geometry-art-deco-lotus-fountain-motif-no-8-ab47b9,Art Deco Gatsby & Gilded Geometry - Art deco lotus fountain motif No. 8,"<p>Transform your living space with Art Deco Gatsby & Gilded Geometry - Art deco lotus fountain motif No. 8. Printed on museum-grade heavyweight matte paper and encased in premium solid wood frames.</p><p>Created to reflect the calming balance of Art Deco Gatsby & Gilded Geometry, combining Deep Obsidian, Burnished Gold, Charcoal Slate, Burgundy Wine, Old Ivory tones to anchor modern interiors with refined elegance.</p>",Atelier & Canvas,Wall Art,"art deco gatsby & gilded geometry wall art, framed canvas print, modern living room art, large statement art, neutral home decor, gallery wall art, bedroom wall decor, minimalist poster, terracotta art print, fine art giclee, sustainable wall art",Size,24x36 in (60x90 cm),Frame Style,Matte Black Solid Wood Frame,framed-poster_flat_wood_black_24x36-in_200-gsm,105.0,TRUE
art-deco-gatsby-gilded-geometry-art-deco-lotus-fountain-motif-no-8-ab47b9,Art Deco Gatsby & Gilded Geometry - Art deco lotus fountain motif No. 8,"<p>Transform your living space with Art Deco Gatsby & Gilded Geometry - Art deco lotus fountain motif No. 8. Printed on museum-grade heavyweight matte paper and encased in premium solid wood frames.</p><p>Created to reflect the calming balance of Art Deco Gatsby & Gilded Geometry, combining Deep Obsidian, Burnished Gold, Charcoal Slate, Burgundy Wine, Old Ivory tones to anchor modern interiors with refined elegance.</p>",Atelier & Canvas,Wall Art,"art deco gatsby & gilded geometry wall art, framed canvas print, modern living room art, large statement art, neutral home decor, gallery wall art, bedroom wall decor, minimalist poster, terracotta art print, fine art giclee, sustainable wall art",Size,24x36 in (60x90 cm),Frame Style,Nordic White Wood Frame,framed-poster_flat_wood_white_24x36-in_200-gsm,105.0,TRUE
art-deco-gatsby-gilded-geometry-art-deco-lotus-fountain-motif-no-8-ab47b9,Art Deco Gatsby & Gilded Geometry - Art deco lotus fountain motif No. 8,"<p>Transform your living space with Art Deco Gatsby & Gilded Geometry - Art deco lotus fountain motif No. 8. Printed on museum-grade heavyweight matte paper and encased in premium solid wood frames.</p><p>Created to reflect the calming balance of Art Deco Gatsby & Gilded Geometry, combining Deep Obsidian, Burnished Gold, Charcoal Slate, Burgundy Wine, Old Ivory tones to anchor modern interiors with refined elegance.</p>",Atelier & Canvas,Wall Art,"art deco gatsby & gilded geometry wall art, framed canvas print, modern living room art, large statement art, neutral home decor, gallery wall art, bedroom wall decor, minimalist poster, terracotta art print, fine art giclee, sustainable wall art",Size,24x36 in (60x90 cm),Frame Style,Gallery Stretched Fine Art Canvas,canvas_slim_24x36-in_wood-frame,98.0,TRUE
art-deco-gatsby-gilded-geometry-art-deco-lotus-fountain-motif-no-8-ab47b9,Art Deco Gatsby & Gilded Geometry - Art deco lotus fountain motif No. 8,"<p>Transform your living space with Art Deco Gatsby & Gilded Geometry - Art deco lotus fountain motif No. 8. Printed on museum-grade heavyweight matte paper and encased in premium solid wood frames.</p><p>Created to reflect the calming balance of Art Deco Gatsby & Gilded Geometry, combining Deep Obsidian, Burnished Gold, Charcoal Slate, Burgundy Wine, Old Ivory tones to anchor modern interiors with refined elegance.</p>",Atelier & Canvas,Wall Art,"art deco gatsby & gilded geometry wall art, framed canvas print, modern living room art, large statement art, neutral home decor, gallery wall art, bedroom wall decor, minimalist poster, terracotta art print, fine art giclee, sustainable wall art",Size,24x36 in (60x90 cm),Frame Style,Museum-Grade Matte Fine Art Print (Unframed),poster_matte_24x36-in_250-gsm,46.0,TRUE
art-deco-gatsby-gilded-geometry-art-deco-lotus-fountain-motif-no-8-ab47b9,Art Deco Gatsby & Gilded Geometry - Art deco lotus fountain motif No. 8,"<p>Transform your living space with Art Deco Gatsby & Gilded Geometry - Art deco lotus fountain motif No. 8. Printed on museum-grade heavyweight matte paper and encased in premium solid wood frames.</p><p>Created to reflect the calming balance of Art Deco Gatsby & Gilded Geometry, combining Deep Obsidian, Burnished Gold, Charcoal Slate, Burgundy Wine, Old Ivory tones to anchor modern interiors with refined elegance.</p>",Atelier & Canvas,Wall Art,"art deco gatsby & gilded geometry wall art, framed canvas print, modern living room art, large statement art, neutral home decor, gallery wall art, bedroom wall decor, minimalist poster, terracotta art print, fine art giclee, sustainable wall art",Size,30x40 in (75x100 cm),Frame Style,Solid Natural Oak Wood Frame,framed-poster_flat_wood_natural_30x40-in_200-gsm,148.0,TRUE
art-deco-gatsby-gilded-geometry-art-deco-lotus-fountain-motif-no-8-ab47b9,Art Deco Gatsby & Gilded Geometry - Art deco lotus fountain motif No. 8,"<p>Transform your living space with Art Deco Gatsby & Gilded Geometry - Art deco lotus fountain motif No. 8. Printed on museum-grade heavyweight matte paper and encased in premium solid wood frames.</p><p>Created to reflect the calming balance of Art Deco Gatsby & Gilded Geometry, combining Deep Obsidian, Burnished Gold, Charcoal Slate, Burgundy Wine, Old Ivory tones to anchor modern interiors with refined elegance.</p>",Atelier & Canvas,Wall Art,"art deco gatsby & gilded geometry wall art, framed canvas print, modern living room art, large statement art, neutral home decor, gallery wall art, bedroom wall decor, minimalist poster, terracotta art print, fine art giclee, sustainable wall art",Size,30x40 in (75x100 cm),Frame Style,Matte Black Solid Wood Frame,framed-poster_flat_wood_black_30x40-in_200-gsm,143.0,TRUE
art-deco-gatsby-gilded-geometry-art-deco-lotus-fountain-motif-no-8-ab47b9,Art Deco Gatsby & Gilded Geometry - Art deco lotus fountain motif No. 8,"<p>Transform your living space with Art Deco Gatsby & Gilded Geometry - Art deco lotus fountain motif No. 8. Printed on museum-grade heavyweight matte paper and encased in premium solid wood frames.</p><p>Created to reflect the calming balance of Art Deco Gatsby & Gilded Geometry, combining Deep Obsidian, Burnished Gold, Charcoal Slate, Burgundy Wine, Old Ivory tones to anchor modern interiors with refined elegance.</p>",Atelier & Canvas,Wall Art,"art deco gatsby & gilded geometry wall art, framed canvas print, modern living room art, large statement art, neutral home decor, gallery wall art, bedroom wall decor, minimalist poster, terracotta art print, fine art giclee, sustainable wall art",Size,30x40 in (75x100 cm),Frame Style,Gallery Stretched Fine Art Canvas,canvas_slim_30x40-in_wood-frame,137.0,TRUE
art-deco-gatsby-gilded-geometry-art-deco-lotus-fountain-motif-no-8-ab47b9,Art Deco Gatsby & Gilded Geometry - Art deco lotus fountain motif No. 8,"<p>Transform your living space with Art Deco Gatsby & Gilded Geometry - Art deco lotus fountain motif No. 8. Printed on museum-grade heavyweight matte paper and encased in premium solid wood frames.</p><p>Created to reflect the calming balance of Art Deco Gatsby & Gilded Geometry, combining Deep Obsidian, Burnished Gold, Charcoal Slate, Burgundy Wine, Old Ivory tones to anchor modern interiors with refined elegance.</p>",Atelier & Canvas,Wall Art,"art deco gatsby & gilded geometry wall art, framed canvas print, modern living room art, large statement art, neutral home decor, gallery wall art, bedroom wall decor, minimalist poster, terracotta art print, fine art giclee, sustainable wall art",Size,30x40 in (75x100 cm),Frame Style,Museum-Grade Matte Fine Art Print (Unframed),poster_matte_30x40-in_250-gsm,59.0,TRUE
vintage-alpine-mountain-solitude-matterhorn-peak-morning-glow-no-8-3558e3,Vintage Alpine & Mountain Solitude - Matterhorn peak morning glow No. 8,"<p>Transform your living space with Vintage Alpine & Mountain Solitude - Matterhorn peak morning glow No. 8. Printed on museum-grade heavyweight matte paper and encased in premium solid wood frames.</p><p>Created to reflect the calming balance of Vintage Alpine & Mountain Solitude, combining Deep Cobalt, Forest Moss, Burnt Vermilion, Old Ivory, Charcoal Slate tones to anchor modern interiors with refined elegance.</p>",Atelier & Canvas,Wall Art,"vintage alpine & mountain solitude wall art, framed canvas print, modern living room art, large statement art, neutral home decor, gallery wall art, bedroom wall decor, minimalist poster, terracotta art print, fine art giclee, sustainable wall art",Size,12x18 in (30x45 cm),Frame Style,Solid Natural Oak Wood Frame,framed-poster_flat_wood_natural_12x18-in_200-gsm,52.0,TRUE
vintage-alpine-mountain-solitude-matterhorn-peak-morning-glow-no-8-3558e3,Vintage Alpine & Mountain Solitude - Matterhorn peak morning glow No. 8,"<p>Transform your living space with Vintage Alpine & Mountain Solitude - Matterhorn peak morning glow No. 8. Printed on museum-grade heavyweight matte paper and encased in premium solid wood frames.</p><p>Created to reflect the calming balance of Vintage Alpine & Mountain Solitude, combining Deep Cobalt, Forest Moss, Burnt Vermilion, Old Ivory, Charcoal Slate tones to anchor modern interiors with refined elegance.</p>",Atelier & Canvas,Wall Art,"vintage alpine & mountain solitude wall art, framed canvas print, modern living room art, large statement art, neutral home decor, gallery wall art, bedroom wall decor, minimalist poster, terracotta art print, fine art giclee, sustainable wall art",Size,12x18 in (30x45 cm),Frame Style,Matte Black Solid Wood Frame,framed-poster_flat_wood_black_12x18-in_200-gsm,50.0,TRUE
vintage-alpine-mountain-solitude-matterhorn-peak-morning-glow-no-8-3558e3,Vintage Alpine & Mountain Solitude - Matterhorn peak morning glow No. 8,"<p>Transform your living space with Vintage Alpine & Mountain Solitude - Matterhorn peak morning glow No. 8. Printed on museum-grade heavyweight matte paper and encased in premium solid wood frames.</p><p>Created to reflect the calming balance of Vintage Alpine & Mountain Solitude, combining Deep Cobalt, Forest Moss, Burnt Vermilion, Old Ivory, Charcoal Slate tones to anchor modern interiors with refined elegance.</p>",Atelier & Canvas,Wall Art,"vintage alpine & mountain solitude wall art, framed canvas print, modern living room art, large statement art, neutral home decor, gallery wall art, bedroom wall decor, minimalist poster, terracotta art print, fine art giclee, sustainable wall art",Size,12x18 in (30x45 cm),Frame Style,Museum-Grade Matte Fine Art Print (Unframed),poster_matte_12x18-in_250-gsm,26.0,TRUE
vintage-alpine-mountain-solitude-matterhorn-peak-morning-glow-no-8-3558e3,Vintage Alpine & Mountain Solitude - Matterhorn peak morning glow No. 8,"<p>Transform your living space with Vintage Alpine & Mountain Solitude - Matterhorn peak morning glow No. 8. Printed on museum-grade heavyweight matte paper and encased in premium solid wood frames.</p><p>Created to reflect the calming balance of Vintage Alpine & Mountain Solitude, combining Deep Cobalt, Forest Moss, Burnt Vermilion, Old Ivory, Charcoal Slate tones to anchor modern interiors with refined elegance.</p>",Atelier & Canvas,Wall Art,"vintage alpine & mountain solitude wall art, framed canvas print, modern living room art, large statement art, neutral home decor, gallery wall art, bedroom wall decor, minimalist poster, terracotta art print, fine art giclee, sustainable wall art",Size,18x24 in (45x60 cm),Frame Style,Solid Natural Oak Wood Frame,framed-poster_flat_wood_natural_18x24-in_200-gsm,76.0,TRUE
vintage-alpine-mountain-solitude-matterhorn-peak-morning-glow-no-8-3558e3,Vintage Alpine & Mountain Solitude - Matterhorn peak morning glow No. 8,"<p>Transform your living space with Vintage Alpine & Mountain Solitude - Matterhorn peak morning glow No. 8. Printed on museum-grade heavyweight matte paper and encased in premium solid wood frames.</p><p>Created to reflect the calming balance of Vintage Alpine & Mountain Solitude, combining Deep Cobalt, Forest Moss, Burnt Vermilion, Old Ivory, Charcoal Slate tones to anchor modern interiors with refined elegance.</p>",Atelier & Canvas,Wall Art,"vintage alpine & mountain solitude wall art, framed canvas print, modern living room art, large statement art, neutral home decor, gallery wall art, bedroom wall decor, minimalist poster, terracotta art print, fine art giclee, sustainable wall art",Size,18x24 in (45x60 cm),Frame Style,Matte Black Solid Wood Frame,framed-poster_flat_wood_black_18x24-in_200-gsm,73.0,TRUE
vintage-alpine-mountain-solitude-matterhorn-peak-morning-glow-no-8-3558e3,Vintage Alpine & Mountain Solitude - Matterhorn peak morning glow No. 8,"<p>Transform your living space with Vintage Alpine & Mountain Solitude - Matterhorn peak morning glow No. 8. Printed on museum-grade heavyweight matte paper and encased in premium solid wood frames.</p><p>Created to reflect the calming balance of Vintage Alpine & Mountain Solitude, combining Deep Cobalt, Forest Moss, Burnt Vermilion, Old Ivory, Charcoal Slate tones to anchor modern interiors with refined elegance.</p>",Atelier & Canvas,Wall Art,"vintage alpine & mountain solitude wall art, framed canvas print, modern living room art, large statement art, neutral home decor, gallery wall art, bedroom wall decor, minimalist poster, terracotta art print, fine art giclee, sustainable wall art",Size,18x24 in (45x60 cm),Frame Style,Nordic White Wood Frame,framed-poster_flat_wood_white_18x24-in_200-gsm,73.0,TRUE
vintage-alpine-mountain-solitude-matterhorn-peak-morning-glow-no-8-3558e3,Vintage Alpine & Mountain Solitude - Matterhorn peak morning glow No. 8,"<p>Transform your living space with Vintage Alpine & Mountain Solitude - Matterhorn peak morning glow No. 8. Printed on museum-grade heavyweight matte paper and encased in premium solid wood frames.</p><p>Created to reflect the calming balance of Vintage Alpine & Mountain Solitude, combining Deep Cobalt, Forest Moss, Burnt Vermilion, Old Ivory, Charcoal Slate tones to anchor modern interiors with refined elegance.</p>",Atelier & Canvas,Wall Art,"vintage alpine & mountain solitude wall art, framed canvas print, modern living room art, large statement art, neutral home decor, gallery wall art, bedroom wall decor, minimalist poster, terracotta art print, fine art giclee, sustainable wall art",Size,18x24 in (45x60 cm),Frame Style,Gallery Stretched Fine Art Canvas,canvas_slim_18x24-in_wood-frame,68.0,TRUE
vintage-alpine-mountain-solitude-matterhorn-peak-morning-glow-no-8-3558e3,Vintage Alpine & Mountain Solitude - Matterhorn peak morning glow No. 8,"<p>Transform your living space with Vintage Alpine & Mountain Solitude - Matterhorn peak morning glow No. 8. Printed on museum-grade heavyweight matte paper and encased in premium solid wood frames.</p><p>Created to reflect the calming balance of Vintage Alpine & Mountain Solitude, combining Deep Cobalt, Forest Moss, Burnt Vermilion, Old Ivory, Charcoal Slate tones to anchor modern interiors with refined elegance.</p>",Atelier & Canvas,Wall Art,"vintage alpine & mountain solitude wall art, framed canvas print, modern living room art, large statement art, neutral home decor, gallery wall art, bedroom wall decor, minimalist poster, terracotta art print, fine art giclee, sustainable wall art",Size,18x24 in (45x60 cm),Frame Style,Museum-Grade Matte Fine Art Print (Unframed),poster_matte_18x24-in_250-gsm,33.0,TRUE
vintage-alpine-mountain-solitude-matterhorn-peak-morning-glow-no-8-3558e3,Vintage Alpine & Mountain Solitude - Matterhorn peak morning glow No. 8,"<p>Transform your living space with Vintage Alpine & Mountain Solitude - Matterhorn peak morning glow No. 8. Printed on museum-grade heavyweight matte paper and encased in premium solid wood frames.</p><p>Created to reflect the calming balance of Vintage Alpine & Mountain Solitude, combining Deep Cobalt, Forest Moss, Burnt Vermilion, Old Ivory, Charcoal Slate tones to anchor modern interiors with refined elegance.</p>",Atelier & Canvas,Wall Art,"vintage alpine & mountain solitude wall art, framed canvas print, modern living room art, large statement art, neutral home decor, gallery wall art, bedroom wall decor, minimalist poster, terracotta art print, fine art giclee, sustainable wall art",Size,24x36 in (60x90 cm),Frame Style,Solid Natural Oak Wood Frame,framed-poster_flat_wood_natural_24x36-in_200-gsm,110.0,TRUE
vintage-alpine-mountain-solitude-matterhorn-peak-morning-glow-no-8-3558e3,Vintage Alpine & Mountain Solitude - Matterhorn peak morning glow No. 8,"<p>Transform your living space with Vintage Alpine & Mountain Solitude - Matterhorn peak morning glow No. 8. Printed on museum-grade heavyweight matte paper and encased in premium solid wood frames.</p><p>Created to reflect the calming balance of Vintage Alpine & Mountain Solitude, combining Deep Cobalt, Forest Moss, Burnt Vermilion, Old Ivory, Charcoal Slate tones to anchor modern interiors with refined elegance.</p>",Atelier & Canvas,Wall Art,"vintage alpine & mountain solitude wall art, framed canvas print, modern living room art, large statement art, neutral home decor, gallery wall art, bedroom wall decor, minimalist poster, terracotta art print, fine art giclee, sustainable wall art",Size,24x36 in (60x90 cm),Frame Style,Matte Black Solid Wood Frame,framed-poster_flat_wood_black_24x36-in_200-gsm,105.0,TRUE
vintage-alpine-mountain-solitude-matterhorn-peak-morning-glow-no-8-3558e3,Vintage Alpine & Mountain Solitude - Matterhorn peak morning glow No. 8,"<p>Transform your living space with Vintage Alpine & Mountain Solitude - Matterhorn peak morning glow No. 8. Printed on museum-grade heavyweight matte paper and encased in premium solid wood frames.</p><p>Created to reflect the calming balance of Vintage Alpine & Mountain Solitude, combining Deep Cobalt, Forest Moss, Burnt Vermilion, Old Ivory, Charcoal Slate tones to anchor modern interiors with refined elegance.</p>",Atelier & Canvas,Wall Art,"vintage alpine & mountain solitude wall art, framed canvas print, modern living room art, large statement art, neutral home decor, gallery wall art, bedroom wall decor, minimalist poster, terracotta art print, fine art giclee, sustainable wall art",Size,24x36 in (60x90 cm),Frame Style,Nordic White Wood Frame,framed-poster_flat_wood_white_24x36-in_200-gsm,105.0,TRUE
vintage-alpine-mountain-solitude-matterhorn-peak-morning-glow-no-8-3558e3,Vintage Alpine & Mountain Solitude - Matterhorn peak morning glow No. 8,"<p>Transform your living space with Vintage Alpine & Mountain Solitude - Matterhorn peak morning glow No. 8. Printed on museum-grade heavyweight matte paper and encased in premium solid wood frames.</p><p>Created to reflect the calming balance of Vintage Alpine & Mountain Solitude, combining Deep Cobalt, Forest Moss, Burnt Vermilion, Old Ivory, Charcoal Slate tones to anchor modern interiors with refined elegance.</p>",Atelier & Canvas,Wall Art,"vintage alpine & mountain solitude wall art, framed canvas print, modern living room art, large statement art, neutral home decor, gallery wall art, bedroom wall decor, minimalist poster, terracotta art print, fine art giclee, sustainable wall art",Size,24x36 in (60x90 cm),Frame Style,Gallery Stretched Fine Art Canvas,canvas_slim_24x36-in_wood-frame,98.0,TRUE
vintage-alpine-mountain-solitude-matterhorn-peak-morning-glow-no-8-3558e3,Vintage Alpine & Mountain Solitude - Matterhorn peak morning glow No. 8,"<p>Transform your living space with Vintage Alpine & Mountain Solitude - Matterhorn peak morning glow No. 8. Printed on museum-grade heavyweight matte paper and encased in premium solid wood frames.</p><p>Created to reflect the calming balance of Vintage Alpine & Mountain Solitude, combining Deep Cobalt, Forest Moss, Burnt Vermilion, Old Ivory, Charcoal Slate tones to anchor modern interiors with refined elegance.</p>",Atelier & Canvas,Wall Art,"vintage alpine & mountain solitude wall art, framed canvas print, modern living room art, large statement art, neutral home decor, gallery wall art, bedroom wall decor, minimalist poster, terracotta art print, fine art giclee, sustainable wall art",Size,24x36 in (60x90 cm),Frame Style,Museum-Grade Matte Fine Art Print (Unframed),poster_matte_24x36-in_250-gsm,46.0,TRUE
vintage-alpine-mountain-solitude-matterhorn-peak-morning-glow-no-8-3558e3,Vintage Alpine & Mountain Solitude - Matterhorn peak morning glow No. 8,"<p>Transform your living space with Vintage Alpine & Mountain Solitude - Matterhorn peak morning glow No. 8. Printed on museum-grade heavyweight matte paper and encased in premium solid wood frames.</p><p>Created to reflect the calming balance of Vintage Alpine & Mountain Solitude, combining Deep Cobalt, Forest Moss, Burnt Vermilion, Old Ivory, Charcoal Slate tones to anchor modern interiors with refined elegance.</p>",Atelier & Canvas,Wall Art,"vintage alpine & mountain solitude wall art, framed canvas print, modern living room art, large statement art, neutral home decor, gallery wall art, bedroom wall decor, minimalist poster, terracotta art print, fine art giclee, sustainable wall art",Size,30x40 in (75x100 cm),Frame Style,Solid Natural Oak Wood Frame,framed-poster_flat_wood_natural_30x40-in_200-gsm,148.0,TRUE
vintage-alpine-mountain-solitude-matterhorn-peak-morning-glow-no-8-3558e3,Vintage Alpine & Mountain Solitude - Matterhorn peak morning glow No. 8,"<p>Transform your living space with Vintage Alpine & Mountain Solitude - Matterhorn peak morning glow No. 8. Printed on museum-grade heavyweight matte paper and encased in premium solid wood frames.</p><p>Created to reflect the calming balance of Vintage Alpine & Mountain Solitude, combining Deep Cobalt, Forest Moss, Burnt Vermilion, Old Ivory, Charcoal Slate tones to anchor modern interiors with refined elegance.</p>",Atelier & Canvas,Wall Art,"vintage alpine & mountain solitude wall art, framed canvas print, modern living room art, large statement art, neutral home decor, gallery wall art, bedroom wall decor, minimalist poster, terracotta art print, fine art giclee, sustainable wall art",Size,30x40 in (75x100 cm),Frame Style,Matte Black Solid Wood Frame,framed-poster_flat_wood_black_30x40-in_200-gsm,143.0,TRUE
vintage-alpine-mountain-solitude-matterhorn-peak-morning-glow-no-8-3558e3,Vintage Alpine & Mountain Solitude - Matterhorn peak morning glow No. 8,"<p>Transform your living space with Vintage Alpine & Mountain Solitude - Matterhorn peak morning glow No. 8. Printed on museum-grade heavyweight matte paper and encased in premium solid wood frames.</p><p>Created to reflect the calming balance of Vintage Alpine & Mountain Solitude, combining Deep Cobalt, Forest Moss, Burnt Vermilion, Old Ivory, Charcoal Slate tones to anchor modern interiors with refined elegance.</p>",Atelier & Canvas,Wall Art,"vintage alpine & mountain solitude wall art, framed canvas print, modern living room art, large statement art, neutral home decor, gallery wall art, bedroom wall decor, minimalist poster, terracotta art print, fine art giclee, sustainable wall art",Size,30x40 in (75x100 cm),Frame Style,Gallery Stretched Fine Art Canvas,canvas_slim_30x40-in_wood-frame,137.0,TRUE
vintage-alpine-mountain-solitude-matterhorn-peak-morning-glow-no-8-3558e3,Vintage Alpine & Mountain Solitude - Matterhorn peak morning glow No. 8,"<p>Transform your living space with Vintage Alpine & Mountain Solitude - Matterhorn peak morning glow No. 8. Printed on museum-grade heavyweight matte paper and encased in premium solid wood frames.</p><p>Created to reflect the calming balance of Vintage Alpine & Mountain Solitude, combining Deep Cobalt, Forest Moss, Burnt Vermilion, Old Ivory, Charcoal Slate tones to anchor modern interiors with refined elegance.</p>",Atelier & Canvas,Wall Art,"vintage alpine & mountain solitude wall art, framed canvas print, modern living room art, large statement art, neutral home decor, gallery wall art, bedroom wall decor, minimalist poster, terracotta art print, fine art giclee, sustainable wall art",Size,30x40 in (75x100 cm),Frame Style,Museum-Grade Matte Fine Art Print (Unframed),poster_matte_30x40-in_250-gsm,59.0,TRUE
moroccan-riad-architecture-zellige-keyhole-archway-with-mosaic-shadow-no-7-07b9ac,Moroccan Riad Architecture & Zellige - Keyhole archway with mosaic shadow No. 7,"<p>Transform your living space with Moroccan Riad Architecture & Zellige - Keyhole archway with mosaic shadow No. 7. Printed on museum-grade heavyweight matte paper and encased in premium solid wood frames.</p><p>Created to reflect the calming balance of Moroccan Riad Architecture & Zellige, combining Terracotta Clay, Amalfi Ultramarine, Warm Ochre, Forest Moss, Sunlit Limewash tones to anchor modern interiors with refined elegance.</p>",Atelier & Canvas,Wall Art,"moroccan riad architecture & zellige wall art, framed canvas print, modern living room art, large statement art, neutral home decor, gallery wall art, bedroom wall decor, minimalist poster, terracotta art print, fine art giclee, sustainable wall art",Size,12x18 in (30x45 cm),Frame Style,Solid Natural Oak Wood Frame,framed-poster_flat_wood_natural_12x18-in_200-gsm,52.0,TRUE
moroccan-riad-architecture-zellige-keyhole-archway-with-mosaic-shadow-no-7-07b9ac,Moroccan Riad Architecture & Zellige - Keyhole archway with mosaic shadow No. 7,"<p>Transform your living space with Moroccan Riad Architecture & Zellige - Keyhole archway with mosaic shadow No. 7. Printed on museum-grade heavyweight matte paper and encased in premium solid wood frames.</p><p>Created to reflect the calming balance of Moroccan Riad Architecture & Zellige, combining Terracotta Clay, Amalfi Ultramarine, Warm Ochre, Forest Moss, Sunlit Limewash tones to anchor modern interiors with refined elegance.</p>",Atelier & Canvas,Wall Art,"moroccan riad architecture & zellige wall art, framed canvas print, modern living room art, large statement art, neutral home decor, gallery wall art, bedroom wall decor, minimalist poster, terracotta art print, fine art giclee, sustainable wall art",Size,12x18 in (30x45 cm),Frame Style,Matte Black Solid Wood Frame,framed-poster_flat_wood_black_12x18-in_200-gsm,50.0,TRUE
moroccan-riad-architecture-zellige-keyhole-archway-with-mosaic-shadow-no-7-07b9ac,Moroccan Riad Architecture & Zellige - Keyhole archway with mosaic shadow No. 7,"<p>Transform your living space with Moroccan Riad Architecture & Zellige - Keyhole archway with mosaic shadow No. 7. Printed on museum-grade heavyweight matte paper and encased in premium solid wood frames.</p><p>Created to reflect the calming balance of Moroccan Riad Architecture & Zellige, combining Terracotta Clay, Amalfi Ultramarine, Warm Ochre, Forest Moss, Sunlit Limewash tones to anchor modern interiors with refined elegance.</p>",Atelier & Canvas,Wall Art,"moroccan riad architecture & zellige wall art, framed canvas print, modern living room art, large statement art, neutral home decor, gallery wall art, bedroom wall decor, minimalist poster, terracotta art print, fine art giclee, sustainable wall art",Size,12x18 in (30x45 cm),Frame Style,Museum-Grade Matte Fine Art Print (Unframed),poster_matte_12x18-in_250-gsm,26.0,TRUE
moroccan-riad-architecture-zellige-keyhole-archway-with-mosaic-shadow-no-7-07b9ac,Moroccan Riad Architecture & Zellige - Keyhole archway with mosaic shadow No. 7,"<p>Transform your living space with Moroccan Riad Architecture & Zellige - Keyhole archway with mosaic shadow No. 7. Printed on museum-grade heavyweight matte paper and encased in premium solid wood frames.</p><p>Created to reflect the calming balance of Moroccan Riad Architecture & Zellige, combining Terracotta Clay, Amalfi Ultramarine, Warm Ochre, Forest Moss, Sunlit Limewash tones to anchor modern interiors with refined elegance.</p>",Atelier & Canvas,Wall Art,"moroccan riad architecture & zellige wall art, framed canvas print, modern living room art, large statement art, neutral home decor, gallery wall art, bedroom wall decor, minimalist poster, terracotta art print, fine art giclee, sustainable wall art",Size,18x24 in (45x60 cm),Frame Style,Solid Natural Oak Wood Frame,framed-poster_flat_wood_natural_18x24-in_200-gsm,76.0,TRUE
moroccan-riad-architecture-zellige-keyhole-archway-with-mosaic-shadow-no-7-07b9ac,Moroccan Riad Architecture & Zellige - Keyhole archway with mosaic shadow No. 7,"<p>Transform your living space with Moroccan Riad Architecture & Zellige - Keyhole archway with mosaic shadow No. 7. Printed on museum-grade heavyweight matte paper and encased in premium solid wood frames.</p><p>Created to reflect the calming balance of Moroccan Riad Architecture & Zellige, combining Terracotta Clay, Amalfi Ultramarine, Warm Ochre, Forest Moss, Sunlit Limewash tones to anchor modern interiors with refined elegance.</p>",Atelier & Canvas,Wall Art,"moroccan riad architecture & zellige wall art, framed canvas print, modern living room art, large statement art, neutral home decor, gallery wall art, bedroom wall decor, minimalist poster, terracotta art print, fine art giclee, sustainable wall art",Size,18x24 in (45x60 cm),Frame Style,Matte Black Solid Wood Frame,framed-poster_flat_wood_black_18x24-in_200-gsm,73.0,TRUE
moroccan-riad-architecture-zellige-keyhole-archway-with-mosaic-shadow-no-7-07b9ac,Moroccan Riad Architecture & Zellige - Keyhole archway with mosaic shadow No. 7,"<p>Transform your living space with Moroccan Riad Architecture & Zellige - Keyhole archway with mosaic shadow No. 7. Printed on museum-grade heavyweight matte paper and encased in premium solid wood frames.</p><p>Created to reflect the calming balance of Moroccan Riad Architecture & Zellige, combining Terracotta Clay, Amalfi Ultramarine, Warm Ochre, Forest Moss, Sunlit Limewash tones to anchor modern interiors with refined elegance.</p>",Atelier & Canvas,Wall Art,"moroccan riad architecture & zellige wall art, framed canvas print, modern living room art, large statement art, neutral home decor, gallery wall art, bedroom wall decor, minimalist poster, terracotta art print, fine art giclee, sustainable wall art",Size,18x24 in (45x60 cm),Frame Style,Nordic White Wood Frame,framed-poster_flat_wood_white_18x24-in_200-gsm,73.0,TRUE
moroccan-riad-architecture-zellige-keyhole-archway-with-mosaic-shadow-no-7-07b9ac,Moroccan Riad Architecture & Zellige - Keyhole archway with mosaic shadow No. 7,"<p>Transform your living space with Moroccan Riad Architecture & Zellige - Keyhole archway with mosaic shadow No. 7. Printed on museum-grade heavyweight matte paper and encased in premium solid wood frames.</p><p>Created to reflect the calming balance of Moroccan Riad Architecture & Zellige, combining Terracotta Clay, Amalfi Ultramarine, Warm Ochre, Forest Moss, Sunlit Limewash tones to anchor modern interiors with refined elegance.</p>",Atelier & Canvas,Wall Art,"moroccan riad architecture & zellige wall art, framed canvas print, modern living room art, large statement art, neutral home decor, gallery wall art, bedroom wall decor, minimalist poster, terracotta art print, fine art giclee, sustainable wall art",Size,18x24 in (45x60 cm),Frame Style,Gallery Stretched Fine Art Canvas,canvas_slim_18x24-in_wood-frame,68.0,TRUE
moroccan-riad-architecture-zellige-keyhole-archway-with-mosaic-shadow-no-7-07b9ac,Moroccan Riad Architecture & Zellige - Keyhole archway with mosaic shadow No. 7,"<p>Transform your living space with Moroccan Riad Architecture & Zellige - Keyhole archway with mosaic shadow No. 7. Printed on museum-grade heavyweight matte paper and encased in premium solid wood frames.</p><p>Created to reflect the calming balance of Moroccan Riad Architecture & Zellige, combining Terracotta Clay, Amalfi Ultramarine, Warm Ochre, Forest Moss, Sunlit Limewash tones to anchor modern interiors with refined elegance.</p>",Atelier & Canvas,Wall Art,"moroccan riad architecture & zellige wall art, framed canvas print, modern living room art, large statement art, neutral home decor, gallery wall art, bedroom wall decor, minimalist poster, terracotta art print, fine art giclee, sustainable wall art",Size,18x24 in (45x60 cm),Frame Style,Museum-Grade Matte Fine Art Print (Unframed),poster_matte_18x24-in_250-gsm,33.0,TRUE
moroccan-riad-architecture-zellige-keyhole-archway-with-mosaic-shadow-no-7-07b9ac,Moroccan Riad Architecture & Zellige - Keyhole archway with mosaic shadow No. 7,"<p>Transform your living space with Moroccan Riad Architecture & Zellige - Keyhole archway with mosaic shadow No. 7. Printed on museum-grade heavyweight matte paper and encased in premium solid wood frames.</p><p>Created to reflect the calming balance of Moroccan Riad Architecture & Zellige, combining Terracotta Clay, Amalfi Ultramarine, Warm Ochre, Forest Moss, Sunlit Limewash tones to anchor modern interiors with refined elegance.</p>",Atelier & Canvas,Wall Art,"moroccan riad architecture & zellige wall art, framed canvas print, modern living room art, large statement art, neutral home decor, gallery wall art, bedroom wall decor, minimalist poster, terracotta art print, fine art giclee, sustainable wall art",Size,24x36 in (60x90 cm),Frame Style,Solid Natural Oak Wood Frame,framed-poster_flat_wood_natural_24x36-in_200-gsm,110.0,TRUE
moroccan-riad-architecture-zellige-keyhole-archway-with-mosaic-shadow-no-7-07b9ac,Moroccan Riad Architecture & Zellige - Keyhole archway with mosaic shadow No. 7,"<p>Transform your living space with Moroccan Riad Architecture & Zellige - Keyhole archway with mosaic shadow No. 7. Printed on museum-grade heavyweight matte paper and encased in premium solid wood frames.</p><p>Created to reflect the calming balance of Moroccan Riad Architecture & Zellige, combining Terracotta Clay, Amalfi Ultramarine, Warm Ochre, Forest Moss, Sunlit Limewash tones to anchor modern interiors with refined elegance.</p>",Atelier & Canvas,Wall Art,"moroccan riad architecture & zellige wall art, framed canvas print, modern living room art, large statement art, neutral home decor, gallery wall art, bedroom wall decor, minimalist poster, terracotta art print, fine art giclee, sustainable wall art",Size,24x36 in (60x90 cm),Frame Style,Matte Black Solid Wood Frame,framed-poster_flat_wood_black_24x36-in_200-gsm,105.0,TRUE
moroccan-riad-architecture-zellige-keyhole-archway-with-mosaic-shadow-no-7-07b9ac,Moroccan Riad Architecture & Zellige - Keyhole archway with mosaic shadow No. 7,"<p>Transform your living space with Moroccan Riad Architecture & Zellige - Keyhole archway with mosaic shadow No. 7. Printed on museum-grade heavyweight matte paper and encased in premium solid wood frames.</p><p>Created to reflect the calming balance of Moroccan Riad Architecture & Zellige, combining Terracotta Clay, Amalfi Ultramarine, Warm Ochre, Forest Moss, Sunlit Limewash tones to anchor modern interiors with refined elegance.</p>",Atelier & Canvas,Wall Art,"moroccan riad architecture & zellige wall art, framed canvas print, modern living room art, large statement art, neutral home decor, gallery wall art, bedroom wall decor, minimalist poster, terracotta art print, fine art giclee, sustainable wall art",Size,24x36 in (60x90 cm),Frame Style,Nordic White Wood Frame,framed-poster_flat_wood_white_24x36-in_200-gsm,105.0,TRUE
moroccan-riad-architecture-zellige-keyhole-archway-with-mosaic-shadow-no-7-07b9ac,Moroccan Riad Architecture & Zellige - Keyhole archway with mosaic shadow No. 7,"<p>Transform your living space with Moroccan Riad Architecture & Zellige - Keyhole archway with mosaic shadow No. 7. Printed on museum-grade heavyweight matte paper and encased in premium solid wood frames.</p><p>Created to reflect the calming balance of Moroccan Riad Architecture & Zellige, combining Terracotta Clay, Amalfi Ultramarine, Warm Ochre, Forest Moss, Sunlit Limewash tones to anchor modern interiors with refined elegance.</p>",Atelier & Canvas,Wall Art,"moroccan riad architecture & zellige wall art, framed canvas print, modern living room art, large statement art, neutral home decor, gallery wall art, bedroom wall decor, minimalist poster, terracotta art print, fine art giclee, sustainable wall art",Size,24x36 in (60x90 cm),Frame Style,Gallery Stretched Fine Art Canvas,canvas_slim_24x36-in_wood-frame,98.0,TRUE
moroccan-riad-architecture-zellige-keyhole-archway-with-mosaic-shadow-no-7-07b9ac,Moroccan Riad Architecture & Zellige - Keyhole archway with mosaic shadow No. 7,"<p>Transform your living space with Moroccan Riad Architecture & Zellige - Keyhole archway with mosaic shadow No. 7. Printed on museum-grade heavyweight matte paper and encased in premium solid wood frames.</p><p>Created to reflect the calming balance of Moroccan Riad Architecture & Zellige, combining Terracotta Clay, Amalfi Ultramarine, Warm Ochre, Forest Moss, Sunlit Limewash tones to anchor modern interiors with refined elegance.</p>",Atelier & Canvas,Wall Art,"moroccan riad architecture & zellige wall art, framed canvas print, modern living room art, large statement art, neutral home decor, gallery wall art, bedroom wall decor, minimalist poster, terracotta art print, fine art giclee, sustainable wall art",Size,24x36 in (60x90 cm),Frame Style,Museum-Grade Matte Fine Art Print (Unframed),poster_matte_24x36-in_250-gsm,46.0,TRUE
moroccan-riad-architecture-zellige-keyhole-archway-with-mosaic-shadow-no-7-07b9ac,Moroccan Riad Architecture & Zellige - Keyhole archway with mosaic shadow No. 7,"<p>Transform your living space with Moroccan Riad Architecture & Zellige - Keyhole archway with mosaic shadow No. 7. Printed on museum-grade heavyweight matte paper and encased in premium solid wood frames.</p><p>Created to reflect the calming balance of Moroccan Riad Architecture & Zellige, combining Terracotta Clay, Amalfi Ultramarine, Warm Ochre, Forest Moss, Sunlit Limewash tones to anchor modern interiors with refined elegance.</p>",Atelier & Canvas,Wall Art,"moroccan riad architecture & zellige wall art, framed canvas print, modern living room art, large statement art, neutral home decor, gallery wall art, bedroom wall decor, minimalist poster, terracotta art print, fine art giclee, sustainable wall art",Size,30x40 in (75x100 cm),Frame Style,Solid Natural Oak Wood Frame,framed-poster_flat_wood_natural_30x40-in_200-gsm,148.0,TRUE
moroccan-riad-architecture-zellige-keyhole-archway-with-mosaic-shadow-no-7-07b9ac,Moroccan Riad Architecture & Zellige - Keyhole archway with mosaic shadow No. 7,"<p>Transform your living space with Moroccan Riad Architecture & Zellige - Keyhole archway with mosaic shadow No. 7. Printed on museum-grade heavyweight matte paper and encased in premium solid wood frames.</p><p>Created to reflect the calming balance of Moroccan Riad Architecture & Zellige, combining Terracotta Clay, Amalfi Ultramarine, Warm Ochre, Forest Moss, Sunlit Limewash tones to anchor modern interiors with refined elegance.</p>",Atelier & Canvas,Wall Art,"moroccan riad architecture & zellige wall art, framed canvas print, modern living room art, large statement art, neutral home decor, gallery wall art, bedroom wall decor, minimalist poster, terracotta art print, fine art giclee, sustainable wall art",Size,30x40 in (75x100 cm),Frame Style,Matte Black Solid Wood Frame,framed-poster_flat_wood_black_30x40-in_200-gsm,143.0,TRUE
moroccan-riad-architecture-zellige-keyhole-archway-with-mosaic-shadow-no-7-07b9ac,Moroccan Riad Architecture & Zellige - Keyhole archway with mosaic shadow No. 7,"<p>Transform your living space with Moroccan Riad Architecture & Zellige - Keyhole archway with mosaic shadow No. 7. Printed on museum-grade heavyweight matte paper and encased in premium solid wood frames.</p><p>Created to reflect the calming balance of Moroccan Riad Architecture & Zellige, combining Terracotta Clay, Amalfi Ultramarine, Warm Ochre, Forest Moss, Sunlit Limewash tones to anchor modern interiors with refined elegance.</p>",Atelier & Canvas,Wall Art,"moroccan riad architecture & zellige wall art, framed canvas print, modern living room art, large statement art, neutral home decor, gallery wall art, bedroom wall decor, minimalist poster, terracotta art print, fine art giclee, sustainable wall art",Size,30x40 in (75x100 cm),Frame Style,Gallery Stretched Fine Art Canvas,canvas_slim_30x40-in_wood-frame,137.0,TRUE
moroccan-riad-architecture-zellige-keyhole-archway-with-mosaic-shadow-no-7-07b9ac,Moroccan Riad Architecture & Zellige - Keyhole archway with mosaic shadow No. 7,"<p>Transform your living space with Moroccan Riad Architecture & Zellige - Keyhole archway with mosaic shadow No. 7. Printed on museum-grade heavyweight matte paper and encased in premium solid wood frames.</p><p>Created to reflect the calming balance of Moroccan Riad Architecture & Zellige, combining Terracotta Clay, Amalfi Ultramarine, Warm Ochre, Forest Moss, Sunlit Limewash tones to anchor modern interiors with refined elegance.</p>",Atelier & Canvas,Wall Art,"moroccan riad architecture & zellige wall art, framed canvas print, modern living room art, large statement art, neutral home decor, gallery wall art, bedroom wall decor, minimalist poster, terracotta art print, fine art giclee, sustainable wall art",Size,30x40 in (75x100 cm),Frame Style,Museum-Grade Matte Fine Art Print (Unframed),poster_matte_30x40-in_250-gsm,59.0,TRUE
minimalist-textured-plaster-clay-monochromatic-sand-dune-ripples-no-3-8a4eb4,Minimalist Textured Plaster & Clay - Monochromatic sand dune ripples No. 3,"<p>Transform your living space with Minimalist Textured Plaster & Clay - Monochromatic sand dune ripples No. 3. Printed on museum-grade heavyweight matte paper and encased in premium solid wood frames.</p><p>Created to reflect the calming balance of Minimalist Textured Plaster & Clay, combining Raw Linen, Sandstone, Old Ivory, Charcoal Slate, Warm Ochre tones to anchor modern interiors with refined elegance.</p>",Atelier & Canvas,Wall Art,"minimalist textured plaster & clay wall art, framed canvas print, modern living room art, large statement art, neutral home decor, gallery wall art, bedroom wall decor, minimalist poster, terracotta art print, fine art giclee, sustainable wall art",Size,12x18 in (30x45 cm),Frame Style,Solid Natural Oak Wood Frame,framed-poster_flat_wood_natural_12x18-in_200-gsm,52.0,TRUE
minimalist-textured-plaster-clay-monochromatic-sand-dune-ripples-no-3-8a4eb4,Minimalist Textured Plaster & Clay - Monochromatic sand dune ripples No. 3,"<p>Transform your living space with Minimalist Textured Plaster & Clay - Monochromatic sand dune ripples No. 3. Printed on museum-grade heavyweight matte paper and encased in premium solid wood frames.</p><p>Created to reflect the calming balance of Minimalist Textured Plaster & Clay, combining Raw Linen, Sandstone, Old Ivory, Charcoal Slate, Warm Ochre tones to anchor modern interiors with refined elegance.</p>",Atelier & Canvas,Wall Art,"minimalist textured plaster & clay wall art, framed canvas print, modern living room art, large statement art, neutral home decor, gallery wall art, bedroom wall decor, minimalist poster, terracotta art print, fine art giclee, sustainable wall art",Size,12x18 in (30x45 cm),Frame Style,Matte Black Solid Wood Frame,framed-poster_flat_wood_black_12x18-in_200-gsm,50.0,TRUE
minimalist-textured-plaster-clay-monochromatic-sand-dune-ripples-no-3-8a4eb4,Minimalist Textured Plaster & Clay - Monochromatic sand dune ripples No. 3,"<p>Transform your living space with Minimalist Textured Plaster & Clay - Monochromatic sand dune ripples No. 3. Printed on museum-grade heavyweight matte paper and encased in premium solid wood frames.</p><p>Created to reflect the calming balance of Minimalist Textured Plaster & Clay, combining Raw Linen, Sandstone, Old Ivory, Charcoal Slate, Warm Ochre tones to anchor modern interiors with refined elegance.</p>",Atelier & Canvas,Wall Art,"minimalist textured plaster & clay wall art, framed canvas print, modern living room art, large statement art, neutral home decor, gallery wall art, bedroom wall decor, minimalist poster, terracotta art print, fine art giclee, sustainable wall art",Size,12x18 in (30x45 cm),Frame Style,Museum-Grade Matte Fine Art Print (Unframed),poster_matte_12x18-in_250-gsm,26.0,TRUE
minimalist-textured-plaster-clay-monochromatic-sand-dune-ripples-no-3-8a4eb4,Minimalist Textured Plaster & Clay - Monochromatic sand dune ripples No. 3,"<p>Transform your living space with Minimalist Textured Plaster & Clay - Monochromatic sand dune ripples No. 3. Printed on museum-grade heavyweight matte paper and encased in premium solid wood frames.</p><p>Created to reflect the calming balance of Minimalist Textured Plaster & Clay, combining Raw Linen, Sandstone, Old Ivory, Charcoal Slate, Warm Ochre tones to anchor modern interiors with refined elegance.</p>",Atelier & Canvas,Wall Art,"minimalist textured plaster & clay wall art, framed canvas print, modern living room art, large statement art, neutral home decor, gallery wall art, bedroom wall decor, minimalist poster, terracotta art print, fine art giclee, sustainable wall art",Size,18x24 in (45x60 cm),Frame Style,Solid Natural Oak Wood Frame,framed-poster_flat_wood_natural_18x24-in_200-gsm,76.0,TRUE
minimalist-textured-plaster-clay-monochromatic-sand-dune-ripples-no-3-8a4eb4,Minimalist Textured Plaster & Clay - Monochromatic sand dune ripples No. 3,"<p>Transform your living space with Minimalist Textured Plaster & Clay - Monochromatic sand dune ripples No. 3. Printed on museum-grade heavyweight matte paper and encased in premium solid wood frames.</p><p>Created to reflect the calming balance of Minimalist Textured Plaster & Clay, combining Raw Linen, Sandstone, Old Ivory, Charcoal Slate, Warm Ochre tones to anchor modern interiors with refined elegance.</p>",Atelier & Canvas,Wall Art,"minimalist textured plaster & clay wall art, framed canvas print, modern living room art, large statement art, neutral home decor, gallery wall art, bedroom wall decor, minimalist poster, terracotta art print, fine art giclee, sustainable wall art",Size,18x24 in (45x60 cm),Frame Style,Matte Black Solid Wood Frame,framed-poster_flat_wood_black_18x24-in_200-gsm,73.0,TRUE
minimalist-textured-plaster-clay-monochromatic-sand-dune-ripples-no-3-8a4eb4,Minimalist Textured Plaster & Clay - Monochromatic sand dune ripples No. 3,"<p>Transform your living space with Minimalist Textured Plaster & Clay - Monochromatic sand dune ripples No. 3. Printed on museum-grade heavyweight matte paper and encased in premium solid wood frames.</p><p>Created to reflect the calming balance of Minimalist Textured Plaster & Clay, combining Raw Linen, Sandstone, Old Ivory, Charcoal Slate, Warm Ochre tones to anchor modern interiors with refined elegance.</p>",Atelier & Canvas,Wall Art,"minimalist textured plaster & clay wall art, framed canvas print, modern living room art, large statement art, neutral home decor, gallery wall art, bedroom wall decor, minimalist poster, terracotta art print, fine art giclee, sustainable wall art",Size,18x24 in (45x60 cm),Frame Style,Nordic White Wood Frame,framed-poster_flat_wood_white_18x24-in_200-gsm,73.0,TRUE
minimalist-textured-plaster-clay-monochromatic-sand-dune-ripples-no-3-8a4eb4,Minimalist Textured Plaster & Clay - Monochromatic sand dune ripples No. 3,"<p>Transform your living space with Minimalist Textured Plaster & Clay - Monochromatic sand dune ripples No. 3. Printed on museum-grade heavyweight matte paper and encased in premium solid wood frames.</p><p>Created to reflect the calming balance of Minimalist Textured Plaster & Clay, combining Raw Linen, Sandstone, Old Ivory, Charcoal Slate, Warm Ochre tones to anchor modern interiors with refined elegance.</p>",Atelier & Canvas,Wall Art,"minimalist textured plaster & clay wall art, framed canvas print, modern living room art, large statement art, neutral home decor, gallery wall art, bedroom wall decor, minimalist poster, terracotta art print, fine art giclee, sustainable wall art",Size,18x24 in (45x60 cm),Frame Style,Gallery Stretched Fine Art Canvas,canvas_slim_18x24-in_wood-frame,68.0,TRUE
minimalist-textured-plaster-clay-monochromatic-sand-dune-ripples-no-3-8a4eb4,Minimalist Textured Plaster & Clay - Monochromatic sand dune ripples No. 3,"<p>Transform your living space with Minimalist Textured Plaster & Clay - Monochromatic sand dune ripples No. 3. Printed on museum-grade heavyweight matte paper and encased in premium solid wood frames.</p><p>Created to reflect the calming balance of Minimalist Textured Plaster & Clay, combining Raw Linen, Sandstone, Old Ivory, Charcoal Slate, Warm Ochre tones to anchor modern interiors with refined elegance.</p>",Atelier & Canvas,Wall Art,"minimalist textured plaster & clay wall art, framed canvas print, modern living room art, large statement art, neutral home decor, gallery wall art, bedroom wall decor, minimalist poster, terracotta art print, fine art giclee, sustainable wall art",Size,18x24 in (45x60 cm),Frame Style,Museum-Grade Matte Fine Art Print (Unframed),poster_matte_18x24-in_250-gsm,33.0,TRUE
minimalist-textured-plaster-clay-monochromatic-sand-dune-ripples-no-3-8a4eb4,Minimalist Textured Plaster & Clay - Monochromatic sand dune ripples No. 3,"<p>Transform your living space with Minimalist Textured Plaster & Clay - Monochromatic sand dune ripples No. 3. Printed on museum-grade heavyweight matte paper and encased in premium solid wood frames.</p><p>Created to reflect the calming balance of Minimalist Textured Plaster & Clay, combining Raw Linen, Sandstone, Old Ivory, Charcoal Slate, Warm Ochre tones to anchor modern interiors with refined elegance.</p>",Atelier & Canvas,Wall Art,"minimalist textured plaster & clay wall art, framed canvas print, modern living room art, large statement art, neutral home decor, gallery wall art, bedroom wall decor, minimalist poster, terracotta art print, fine art giclee, sustainable wall art",Size,24x36 in (60x90 cm),Frame Style,Solid Natural Oak Wood Frame,framed-poster_flat_wood_natural_24x36-in_200-gsm,110.0,TRUE
minimalist-textured-plaster-clay-monochromatic-sand-dune-ripples-no-3-8a4eb4,Minimalist Textured Plaster & Clay - Monochromatic sand dune ripples No. 3,"<p>Transform your living space with Minimalist Textured Plaster & Clay - Monochromatic sand dune ripples No. 3. Printed on museum-grade heavyweight matte paper and encased in premium solid wood frames.</p><p>Created to reflect the calming balance of Minimalist Textured Plaster & Clay, combining Raw Linen, Sandstone, Old Ivory, Charcoal Slate, Warm Ochre tones to anchor modern interiors with refined elegance.</p>",Atelier & Canvas,Wall Art,"minimalist textured plaster & clay wall art, framed canvas print, modern living room art, large statement art, neutral home decor, gallery wall art, bedroom wall decor, minimalist poster, terracotta art print, fine art giclee, sustainable wall art",Size,24x36 in (60x90 cm),Frame Style,Matte Black Solid Wood Frame,framed-poster_flat_wood_black_24x36-in_200-gsm,105.0,TRUE
minimalist-textured-plaster-clay-monochromatic-sand-dune-ripples-no-3-8a4eb4,Minimalist Textured Plaster & Clay - Monochromatic sand dune ripples No. 3,"<p>Transform your living space with Minimalist Textured Plaster & Clay - Monochromatic sand dune ripples No. 3. Printed on museum-grade heavyweight matte paper and encased in premium solid wood frames.</p><p>Created to reflect the calming balance of Minimalist Textured Plaster & Clay, combining Raw Linen, Sandstone, Old Ivory, Charcoal Slate, Warm Ochre tones to anchor modern interiors with refined elegance.</p>",Atelier & Canvas,Wall Art,"minimalist textured plaster & clay wall art, framed canvas print, modern living room art, large statement art, neutral home decor, gallery wall art, bedroom wall decor, minimalist poster, terracotta art print, fine art giclee, sustainable wall art",Size,24x36 in (60x90 cm),Frame Style,Nordic White Wood Frame,framed-poster_flat_wood_white_24x36-in_200-gsm,105.0,TRUE
minimalist-textured-plaster-clay-monochromatic-sand-dune-ripples-no-3-8a4eb4,Minimalist Textured Plaster & Clay - Monochromatic sand dune ripples No. 3,"<p>Transform your living space with Minimalist Textured Plaster & Clay - Monochromatic sand dune ripples No. 3. Printed on museum-grade heavyweight matte paper and encased in premium solid wood frames.</p><p>Created to reflect the calming balance of Minimalist Textured Plaster & Clay, combining Raw Linen, Sandstone, Old Ivory, Charcoal Slate, Warm Ochre tones to anchor modern interiors with refined elegance.</p>",Atelier & Canvas,Wall Art,"minimalist textured plaster & clay wall art, framed canvas print, modern living room art, large statement art, neutral home decor, gallery wall art, bedroom wall decor, minimalist poster, terracotta art print, fine art giclee, sustainable wall art",Size,24x36 in (60x90 cm),Frame Style,Gallery Stretched Fine Art Canvas,canvas_slim_24x36-in_wood-frame,98.0,TRUE
minimalist-textured-plaster-clay-monochromatic-sand-dune-ripples-no-3-8a4eb4,Minimalist Textured Plaster & Clay - Monochromatic sand dune ripples No. 3,"<p>Transform your living space with Minimalist Textured Plaster & Clay - Monochromatic sand dune ripples No. 3. Printed on museum-grade heavyweight matte paper and encased in premium solid wood frames.</p><p>Created to reflect the calming balance of Minimalist Textured Plaster & Clay, combining Raw Linen, Sandstone, Old Ivory, Charcoal Slate, Warm Ochre tones to anchor modern interiors with refined elegance.</p>",Atelier & Canvas,Wall Art,"minimalist textured plaster & clay wall art, framed canvas print, modern living room art, large statement art, neutral home decor, gallery wall art, bedroom wall decor, minimalist poster, terracotta art print, fine art giclee, sustainable wall art",Size,24x36 in (60x90 cm),Frame Style,Museum-Grade Matte Fine Art Print (Unframed),poster_matte_24x36-in_250-gsm,46.0,TRUE
minimalist-textured-plaster-clay-monochromatic-sand-dune-ripples-no-3-8a4eb4,Minimalist Textured Plaster & Clay - Monochromatic sand dune ripples No. 3,"<p>Transform your living space with Minimalist Textured Plaster & Clay - Monochromatic sand dune ripples No. 3. Printed on museum-grade heavyweight matte paper and encased in premium solid wood frames.</p><p>Created to reflect the calming balance of Minimalist Textured Plaster & Clay, combining Raw Linen, Sandstone, Old Ivory, Charcoal Slate, Warm Ochre tones to anchor modern interiors with refined elegance.</p>",Atelier & Canvas,Wall Art,"minimalist textured plaster & clay wall art, framed canvas print, modern living room art, large statement art, neutral home decor, gallery wall art, bedroom wall decor, minimalist poster, terracotta art print, fine art giclee, sustainable wall art",Size,30x40 in (75x100 cm),Frame Style,Solid Natural Oak Wood Frame,framed-poster_flat_wood_natural_30x40-in_200-gsm,148.0,TRUE
minimalist-textured-plaster-clay-monochromatic-sand-dune-ripples-no-3-8a4eb4,Minimalist Textured Plaster & Clay - Monochromatic sand dune ripples No. 3,"<p>Transform your living space with Minimalist Textured Plaster & Clay - Monochromatic sand dune ripples No. 3. Printed on museum-grade heavyweight matte paper and encased in premium solid wood frames.</p><p>Created to reflect the calming balance of Minimalist Textured Plaster & Clay, combining Raw Linen, Sandstone, Old Ivory, Charcoal Slate, Warm Ochre tones to anchor modern interiors with refined elegance.</p>",Atelier & Canvas,Wall Art,"minimalist textured plaster & clay wall art, framed canvas print, modern living room art, large statement art, neutral home decor, gallery wall art, bedroom wall decor, minimalist poster, terracotta art print, fine art giclee, sustainable wall art",Size,30x40 in (75x100 cm),Frame Style,Matte Black Solid Wood Frame,framed-poster_flat_wood_black_30x40-in_200-gsm,143.0,TRUE
minimalist-textured-plaster-clay-monochromatic-sand-dune-ripples-no-3-8a4eb4,Minimalist Textured Plaster & Clay - Monochromatic sand dune ripples No. 3,"<p>Transform your living space with Minimalist Textured Plaster & Clay - Monochromatic sand dune ripples No. 3. Printed on museum-grade heavyweight matte paper and encased in premium solid wood frames.</p><p>Created to reflect the calming balance of Minimalist Textured Plaster & Clay, combining Raw Linen, Sandstone, Old Ivory, Charcoal Slate, Warm Ochre tones to anchor modern interiors with refined elegance.</p>",Atelier & Canvas,Wall Art,"minimalist textured plaster & clay wall art, framed canvas print, modern living room art, large statement art, neutral home decor, gallery wall art, bedroom wall decor, minimalist poster, terracotta art print, fine art giclee, sustainable wall art",Size,30x40 in (75x100 cm),Frame Style,Gallery Stretched Fine Art Canvas,canvas_slim_30x40-in_wood-frame,137.0,TRUE
minimalist-textured-plaster-clay-monochromatic-sand-dune-ripples-no-3-8a4eb4,Minimalist Textured Plaster & Clay - Monochromatic sand dune ripples No. 3,"<p>Transform your living space with Minimalist Textured Plaster & Clay - Monochromatic sand dune ripples No. 3. Printed on museum-grade heavyweight matte paper and encased in premium solid wood frames.</p><p>Created to reflect the calming balance of Minimalist Textured Plaster & Clay, combining Raw Linen, Sandstone, Old Ivory, Charcoal Slate, Warm Ochre tones to anchor modern interiors with refined elegance.</p>",Atelier & Canvas,Wall Art,"minimalist textured plaster & clay wall art, framed canvas print, modern living room art, large statement art, neutral home decor, gallery wall art, bedroom wall decor, minimalist poster, terracotta art print, fine art giclee, sustainable wall art",Size,30x40 in (75x100 cm),Frame Style,Museum-Grade Matte Fine Art Print (Unframed),poster_matte_30x40-in_250-gsm,59.0,TRUE
antique-celestial-astrolabe-charts-orrery-planetary-orbit-schematic-no-4-400443,Antique Celestial & Astrolabe Charts - Orrery planetary orbit schematic No. 4,"<p>Transform your living space with Antique Celestial & Astrolabe Charts - Orrery planetary orbit schematic No. 4. Printed on museum-grade heavyweight matte paper and encased in premium solid wood frames.</p><p>Created to reflect the calming balance of Antique Celestial & Astrolabe Charts, combining Deep Obsidian, Burnished Gold, Old Ivory, Charcoal Slate, Antique Sepia tones to anchor modern interiors with refined elegance.</p>",Atelier & Canvas,Wall Art,"antique celestial & astrolabe charts wall art, framed canvas print, modern living room art, large statement art, neutral home decor, gallery wall art, bedroom wall decor, minimalist poster, terracotta art print, fine art giclee, sustainable wall art",Size,12x18 in (30x45 cm),Frame Style,Solid Natural Oak Wood Frame,framed-poster_flat_wood_natural_12x18-in_200-gsm,52.0,TRUE
antique-celestial-astrolabe-charts-orrery-planetary-orbit-schematic-no-4-400443,Antique Celestial & Astrolabe Charts - Orrery planetary orbit schematic No. 4,"<p>Transform your living space with Antique Celestial & Astrolabe Charts - Orrery planetary orbit schematic No. 4. Printed on museum-grade heavyweight matte paper and encased in premium solid wood frames.</p><p>Created to reflect the calming balance of Antique Celestial & Astrolabe Charts, combining Deep Obsidian, Burnished Gold, Old Ivory, Charcoal Slate, Antique Sepia tones to anchor modern interiors with refined elegance.</p>",Atelier & Canvas,Wall Art,"antique celestial & astrolabe charts wall art, framed canvas print, modern living room art, large statement art, neutral home decor, gallery wall art, bedroom wall decor, minimalist poster, terracotta art print, fine art giclee, sustainable wall art",Size,12x18 in (30x45 cm),Frame Style,Matte Black Solid Wood Frame,framed-poster_flat_wood_black_12x18-in_200-gsm,50.0,TRUE
antique-celestial-astrolabe-charts-orrery-planetary-orbit-schematic-no-4-400443,Antique Celestial & Astrolabe Charts - Orrery planetary orbit schematic No. 4,"<p>Transform your living space with Antique Celestial & Astrolabe Charts - Orrery planetary orbit schematic No. 4. Printed on museum-grade heavyweight matte paper and encased in premium solid wood frames.</p><p>Created to reflect the calming balance of Antique Celestial & Astrolabe Charts, combining Deep Obsidian, Burnished Gold, Old Ivory, Charcoal Slate, Antique Sepia tones to anchor modern interiors with refined elegance.</p>",Atelier & Canvas,Wall Art,"antique celestial & astrolabe charts wall art, framed canvas print, modern living room art, large statement art, neutral home decor, gallery wall art, bedroom wall decor, minimalist poster, terracotta art print, fine art giclee, sustainable wall art",Size,12x18 in (30x45 cm),Frame Style,Museum-Grade Matte Fine Art Print (Unframed),poster_matte_12x18-in_250-gsm,26.0,TRUE
antique-celestial-astrolabe-charts-orrery-planetary-orbit-schematic-no-4-400443,Antique Celestial & Astrolabe Charts - Orrery planetary orbit schematic No. 4,"<p>Transform your living space with Antique Celestial & Astrolabe Charts - Orrery planetary orbit schematic No. 4. Printed on museum-grade heavyweight matte paper and encased in premium solid wood frames.</p><p>Created to reflect the calming balance of Antique Celestial & Astrolabe Charts, combining Deep Obsidian, Burnished Gold, Old Ivory, Charcoal Slate, Antique Sepia tones to anchor modern interiors with refined elegance.</p>",Atelier & Canvas,Wall Art,"antique celestial & astrolabe charts wall art, framed canvas print, modern living room art, large statement art, neutral home decor, gallery wall art, bedroom wall decor, minimalist poster, terracotta art print, fine art giclee, sustainable wall art",Size,18x24 in (45x60 cm),Frame Style,Solid Natural Oak Wood Frame,framed-poster_flat_wood_natural_18x24-in_200-gsm,76.0,TRUE
antique-celestial-astrolabe-charts-orrery-planetary-orbit-schematic-no-4-400443,Antique Celestial & Astrolabe Charts - Orrery planetary orbit schematic No. 4,"<p>Transform your living space with Antique Celestial & Astrolabe Charts - Orrery planetary orbit schematic No. 4. Printed on museum-grade heavyweight matte paper and encased in premium solid wood frames.</p><p>Created to reflect the calming balance of Antique Celestial & Astrolabe Charts, combining Deep Obsidian, Burnished Gold, Old Ivory, Charcoal Slate, Antique Sepia tones to anchor modern interiors with refined elegance.</p>",Atelier & Canvas,Wall Art,"antique celestial & astrolabe charts wall art, framed canvas print, modern living room art, large statement art, neutral home decor, gallery wall art, bedroom wall decor, minimalist poster, terracotta art print, fine art giclee, sustainable wall art",Size,18x24 in (45x60 cm),Frame Style,Matte Black Solid Wood Frame,framed-poster_flat_wood_black_18x24-in_200-gsm,73.0,TRUE
antique-celestial-astrolabe-charts-orrery-planetary-orbit-schematic-no-4-400443,Antique Celestial & Astrolabe Charts - Orrery planetary orbit schematic No. 4,"<p>Transform your living space with Antique Celestial & Astrolabe Charts - Orrery planetary orbit schematic No. 4. Printed on museum-grade heavyweight matte paper and encased in premium solid wood frames.</p><p>Created to reflect the calming balance of Antique Celestial & Astrolabe Charts, combining Deep Obsidian, Burnished Gold, Old Ivory, Charcoal Slate, Antique Sepia tones to anchor modern interiors with refined elegance.</p>",Atelier & Canvas,Wall Art,"antique celestial & astrolabe charts wall art, framed canvas print, modern living room art, large statement art, neutral home decor, gallery wall art, bedroom wall decor, minimalist poster, terracotta art print, fine art giclee, sustainable wall art",Size,18x24 in (45x60 cm),Frame Style,Nordic White Wood Frame,framed-poster_flat_wood_white_18x24-in_200-gsm,73.0,TRUE
antique-celestial-astrolabe-charts-orrery-planetary-orbit-schematic-no-4-400443,Antique Celestial & Astrolabe Charts - Orrery planetary orbit schematic No. 4,"<p>Transform your living space with Antique Celestial & Astrolabe Charts - Orrery planetary orbit schematic No. 4. Printed on museum-grade heavyweight matte paper and encased in premium solid wood frames.</p><p>Created to reflect the calming balance of Antique Celestial & Astrolabe Charts, combining Deep Obsidian, Burnished Gold, Old Ivory, Charcoal Slate, Antique Sepia tones to anchor modern interiors with refined elegance.</p>",Atelier & Canvas,Wall Art,"antique celestial & astrolabe charts wall art, framed canvas print, modern living room art, large statement art, neutral home decor, gallery wall art, bedroom wall decor, minimalist poster, terracotta art print, fine art giclee, sustainable wall art",Size,18x24 in (45x60 cm),Frame Style,Gallery Stretched Fine Art Canvas,canvas_slim_18x24-in_wood-frame,68.0,TRUE
antique-celestial-astrolabe-charts-orrery-planetary-orbit-schematic-no-4-400443,Antique Celestial & Astrolabe Charts - Orrery planetary orbit schematic No. 4,"<p>Transform your living space with Antique Celestial & Astrolabe Charts - Orrery planetary orbit schematic No. 4. Printed on museum-grade heavyweight matte paper and encased in premium solid wood frames.</p><p>Created to reflect the calming balance of Antique Celestial & Astrolabe Charts, combining Deep Obsidian, Burnished Gold, Old Ivory, Charcoal Slate, Antique Sepia tones to anchor modern interiors with refined elegance.</p>",Atelier & Canvas,Wall Art,"antique celestial & astrolabe charts wall art, framed canvas print, modern living room art, large statement art, neutral home decor, gallery wall art, bedroom wall decor, minimalist poster, terracotta art print, fine art giclee, sustainable wall art",Size,18x24 in (45x60 cm),Frame Style,Museum-Grade Matte Fine Art Print (Unframed),poster_matte_18x24-in_250-gsm,33.0,TRUE
antique-celestial-astrolabe-charts-orrery-planetary-orbit-schematic-no-4-400443,Antique Celestial & Astrolabe Charts - Orrery planetary orbit schematic No. 4,"<p>Transform your living space with Antique Celestial & Astrolabe Charts - Orrery planetary orbit schematic No. 4. Printed on museum-grade heavyweight matte paper and encased in premium solid wood frames.</p><p>Created to reflect the calming balance of Antique Celestial & Astrolabe Charts, combining Deep Obsidian, Burnished Gold, Old Ivory, Charcoal Slate, Antique Sepia tones to anchor modern interiors with refined elegance.</p>",Atelier & Canvas,Wall Art,"antique celestial & astrolabe charts wall art, framed canvas print, modern living room art, large statement art, neutral home decor, gallery wall art, bedroom wall decor, minimalist poster, terracotta art print, fine art giclee, sustainable wall art",Size,24x36 in (60x90 cm),Frame Style,Solid Natural Oak Wood Frame,framed-poster_flat_wood_natural_24x36-in_200-gsm,110.0,TRUE
antique-celestial-astrolabe-charts-orrery-planetary-orbit-schematic-no-4-400443,Antique Celestial & Astrolabe Charts - Orrery planetary orbit schematic No. 4,"<p>Transform your living space with Antique Celestial & Astrolabe Charts - Orrery planetary orbit schematic No. 4. Printed on museum-grade heavyweight matte paper and encased in premium solid wood frames.</p><p>Created to reflect the calming balance of Antique Celestial & Astrolabe Charts, combining Deep Obsidian, Burnished Gold, Old Ivory, Charcoal Slate, Antique Sepia tones to anchor modern interiors with refined elegance.</p>",Atelier & Canvas,Wall Art,"antique celestial & astrolabe charts wall art, framed canvas print, modern living room art, large statement art, neutral home decor, gallery wall art, bedroom wall decor, minimalist poster, terracotta art print, fine art giclee, sustainable wall art",Size,24x36 in (60x90 cm),Frame Style,Matte Black Solid Wood Frame,framed-poster_flat_wood_black_24x36-in_200-gsm,105.0,TRUE
antique-celestial-astrolabe-charts-orrery-planetary-orbit-schematic-no-4-400443,Antique Celestial & Astrolabe Charts - Orrery planetary orbit schematic No. 4,"<p>Transform your living space with Antique Celestial & Astrolabe Charts - Orrery planetary orbit schematic No. 4. Printed on museum-grade heavyweight matte paper and encased in premium solid wood frames.</p><p>Created to reflect the calming balance of Antique Celestial & Astrolabe Charts, combining Deep Obsidian, Burnished Gold, Old Ivory, Charcoal Slate, Antique Sepia tones to anchor modern interiors with refined elegance.</p>",Atelier & Canvas,Wall Art,"antique celestial & astrolabe charts wall art, framed canvas print, modern living room art, large statement art, neutral home decor, gallery wall art, bedroom wall decor, minimalist poster, terracotta art print, fine art giclee, sustainable wall art",Size,24x36 in (60x90 cm),Frame Style,Nordic White Wood Frame,framed-poster_flat_wood_white_24x36-in_200-gsm,105.0,TRUE
antique-celestial-astrolabe-charts-orrery-planetary-orbit-schematic-no-4-400443,Antique Celestial & Astrolabe Charts - Orrery planetary orbit schematic No. 4,"<p>Transform your living space with Antique Celestial & Astrolabe Charts - Orrery planetary orbit schematic No. 4. Printed on museum-grade heavyweight matte paper and encased in premium solid wood frames.</p><p>Created to reflect the calming balance of Antique Celestial & Astrolabe Charts, combining Deep Obsidian, Burnished Gold, Old Ivory, Charcoal Slate, Antique Sepia tones to anchor modern interiors with refined elegance.</p>",Atelier & Canvas,Wall Art,"antique celestial & astrolabe charts wall art, framed canvas print, modern living room art, large statement art, neutral home decor, gallery wall art, bedroom wall decor, minimalist poster, terracotta art print, fine art giclee, sustainable wall art",Size,24x36 in (60x90 cm),Frame Style,Gallery Stretched Fine Art Canvas,canvas_slim_24x36-in_wood-frame,98.0,TRUE
antique-celestial-astrolabe-charts-orrery-planetary-orbit-schematic-no-4-400443,Antique Celestial & Astrolabe Charts - Orrery planetary orbit schematic No. 4,"<p>Transform your living space with Antique Celestial & Astrolabe Charts - Orrery planetary orbit schematic No. 4. Printed on museum-grade heavyweight matte paper and encased in premium solid wood frames.</p><p>Created to reflect the calming balance of Antique Celestial & Astrolabe Charts, combining Deep Obsidian, Burnished Gold, Old Ivory, Charcoal Slate, Antique Sepia tones to anchor modern interiors with refined elegance.</p>",Atelier & Canvas,Wall Art,"antique celestial & astrolabe charts wall art, framed canvas print, modern living room art, large statement art, neutral home decor, gallery wall art, bedroom wall decor, minimalist poster, terracotta art print, fine art giclee, sustainable wall art",Size,24x36 in (60x90 cm),Frame Style,Museum-Grade Matte Fine Art Print (Unframed),poster_matte_24x36-in_250-gsm,46.0,TRUE
antique-celestial-astrolabe-charts-orrery-planetary-orbit-schematic-no-4-400443,Antique Celestial & Astrolabe Charts - Orrery planetary orbit schematic No. 4,"<p>Transform your living space with Antique Celestial & Astrolabe Charts - Orrery planetary orbit schematic No. 4. Printed on museum-grade heavyweight matte paper and encased in premium solid wood frames.</p><p>Created to reflect the calming balance of Antique Celestial & Astrolabe Charts, combining Deep Obsidian, Burnished Gold, Old Ivory, Charcoal Slate, Antique Sepia tones to anchor modern interiors with refined elegance.</p>",Atelier & Canvas,Wall Art,"antique celestial & astrolabe charts wall art, framed canvas print, modern living room art, large statement art, neutral home decor, gallery wall art, bedroom wall decor, minimalist poster, terracotta art print, fine art giclee, sustainable wall art",Size,30x40 in (75x100 cm),Frame Style,Solid Natural Oak Wood Frame,framed-poster_flat_wood_natural_30x40-in_200-gsm,148.0,TRUE
antique-celestial-astrolabe-charts-orrery-planetary-orbit-schematic-no-4-400443,Antique Celestial & Astrolabe Charts - Orrery planetary orbit schematic No. 4,"<p>Transform your living space with Antique Celestial & Astrolabe Charts - Orrery planetary orbit schematic No. 4. Printed on museum-grade heavyweight matte paper and encased in premium solid wood frames.</p><p>Created to reflect the calming balance of Antique Celestial & Astrolabe Charts, combining Deep Obsidian, Burnished Gold, Old Ivory, Charcoal Slate, Antique Sepia tones to anchor modern interiors with refined elegance.</p>",Atelier & Canvas,Wall Art,"antique celestial & astrolabe charts wall art, framed canvas print, modern living room art, large statement art, neutral home decor, gallery wall art, bedroom wall decor, minimalist poster, terracotta art print, fine art giclee, sustainable wall art",Size,30x40 in (75x100 cm),Frame Style,Matte Black Solid Wood Frame,framed-poster_flat_wood_black_30x40-in_200-gsm,143.0,TRUE
antique-celestial-astrolabe-charts-orrery-planetary-orbit-schematic-no-4-400443,Antique Celestial & Astrolabe Charts - Orrery planetary orbit schematic No. 4,"<p>Transform your living space with Antique Celestial & Astrolabe Charts - Orrery planetary orbit schematic No. 4. Printed on museum-grade heavyweight matte paper and encased in premium solid wood frames.</p><p>Created to reflect the calming balance of Antique Celestial & Astrolabe Charts, combining Deep Obsidian, Burnished Gold, Old Ivory, Charcoal Slate, Antique Sepia tones to anchor modern interiors with refined elegance.</p>",Atelier & Canvas,Wall Art,"antique celestial & astrolabe charts wall art, framed canvas print, modern living room art, large statement art, neutral home decor, gallery wall art, bedroom wall decor, minimalist poster, terracotta art print, fine art giclee, sustainable wall art",Size,30x40 in (75x100 cm),Frame Style,Gallery Stretched Fine Art Canvas,canvas_slim_30x40-in_wood-frame,137.0,TRUE
antique-celestial-astrolabe-charts-orrery-planetary-orbit-schematic-no-4-400443,Antique Celestial & Astrolabe Charts - Orrery planetary orbit schematic No. 4,"<p>Transform your living space with Antique Celestial & Astrolabe Charts - Orrery planetary orbit schematic No. 4. Printed on museum-grade heavyweight matte paper and encased in premium solid wood frames.</p><p>Created to reflect the calming balance of Antique Celestial & Astrolabe Charts, combining Deep Obsidian, Burnished Gold, Old Ivory, Charcoal Slate, Antique Sepia tones to anchor modern interiors with refined elegance.</p>",Atelier & Canvas,Wall Art,"antique celestial & astrolabe charts wall art, framed canvas print, modern living room art, large statement art, neutral home decor, gallery wall art, bedroom wall decor, minimalist poster, terracotta art print, fine art giclee, sustainable wall art",Size,30x40 in (75x100 cm),Frame Style,Museum-Grade Matte Fine Art Print (Unframed),poster_matte_30x40-in_250-gsm,59.0,TRUE
palm-springs-desert-modernism-geometric-pool-terrace-horizon-no-11-83a03d,Palm Springs & Desert Modernism - Geometric pool terrace horizon No. 11,"<p>Transform your living space with Palm Springs & Desert Modernism - Geometric pool terrace horizon No. 11. Printed on museum-grade heavyweight matte paper and encased in premium solid wood frames.</p><p>Created to reflect the calming balance of Palm Springs & Desert Modernism, combining Warm Ochre, Terracotta, Muted Sage, Sunlit Limewash, Warm Parchment tones to anchor modern interiors with refined elegance.</p>",Atelier & Canvas,Wall Art,"palm springs & desert modernism wall art, framed canvas print, modern living room art, large statement art, neutral home decor, gallery wall art, bedroom wall decor, minimalist poster, terracotta art print, fine art giclee, sustainable wall art",Size,12x18 in (30x45 cm),Frame Style,Solid Natural Oak Wood Frame,framed-poster_flat_wood_natural_12x18-in_200-gsm,52.0,TRUE
palm-springs-desert-modernism-geometric-pool-terrace-horizon-no-11-83a03d,Palm Springs & Desert Modernism - Geometric pool terrace horizon No. 11,"<p>Transform your living space with Palm Springs & Desert Modernism - Geometric pool terrace horizon No. 11. Printed on museum-grade heavyweight matte paper and encased in premium solid wood frames.</p><p>Created to reflect the calming balance of Palm Springs & Desert Modernism, combining Warm Ochre, Terracotta, Muted Sage, Sunlit Limewash, Warm Parchment tones to anchor modern interiors with refined elegance.</p>",Atelier & Canvas,Wall Art,"palm springs & desert modernism wall art, framed canvas print, modern living room art, large statement art, neutral home decor, gallery wall art, bedroom wall decor, minimalist poster, terracotta art print, fine art giclee, sustainable wall art",Size,12x18 in (30x45 cm),Frame Style,Matte Black Solid Wood Frame,framed-poster_flat_wood_black_12x18-in_200-gsm,50.0,TRUE
palm-springs-desert-modernism-geometric-pool-terrace-horizon-no-11-83a03d,Palm Springs & Desert Modernism - Geometric pool terrace horizon No. 11,"<p>Transform your living space with Palm Springs & Desert Modernism - Geometric pool terrace horizon No. 11. Printed on museum-grade heavyweight matte paper and encased in premium solid wood frames.</p><p>Created to reflect the calming balance of Palm Springs & Desert Modernism, combining Warm Ochre, Terracotta, Muted Sage, Sunlit Limewash, Warm Parchment tones to anchor modern interiors with refined elegance.</p>",Atelier & Canvas,Wall Art,"palm springs & desert modernism wall art, framed canvas print, modern living room art, large statement art, neutral home decor, gallery wall art, bedroom wall decor, minimalist poster, terracotta art print, fine art giclee, sustainable wall art",Size,12x18 in (30x45 cm),Frame Style,Museum-Grade Matte Fine Art Print (Unframed),poster_matte_12x18-in_250-gsm,26.0,TRUE
palm-springs-desert-modernism-geometric-pool-terrace-horizon-no-11-83a03d,Palm Springs & Desert Modernism - Geometric pool terrace horizon No. 11,"<p>Transform your living space with Palm Springs & Desert Modernism - Geometric pool terrace horizon No. 11. Printed on museum-grade heavyweight matte paper and encased in premium solid wood frames.</p><p>Created to reflect the calming balance of Palm Springs & Desert Modernism, combining Warm Ochre, Terracotta, Muted Sage, Sunlit Limewash, Warm Parchment tones to anchor modern interiors with refined elegance.</p>",Atelier & Canvas,Wall Art,"palm springs & desert modernism wall art, framed canvas print, modern living room art, large statement art, neutral home decor, gallery wall art, bedroom wall decor, minimalist poster, terracotta art print, fine art giclee, sustainable wall art",Size,18x24 in (45x60 cm),Frame Style,Solid Natural Oak Wood Frame,framed-poster_flat_wood_natural_18x24-in_200-gsm,76.0,TRUE
palm-springs-desert-modernism-geometric-pool-terrace-horizon-no-11-83a03d,Palm Springs & Desert Modernism - Geometric pool terrace horizon No. 11,"<p>Transform your living space with Palm Springs & Desert Modernism - Geometric pool terrace horizon No. 11. Printed on museum-grade heavyweight matte paper and encased in premium solid wood frames.</p><p>Created to reflect the calming balance of Palm Springs & Desert Modernism, combining Warm Ochre, Terracotta, Muted Sage, Sunlit Limewash, Warm Parchment tones to anchor modern interiors with refined elegance.</p>",Atelier & Canvas,Wall Art,"palm springs & desert modernism wall art, framed canvas print, modern living room art, large statement art, neutral home decor, gallery wall art, bedroom wall decor, minimalist poster, terracotta art print, fine art giclee, sustainable wall art",Size,18x24 in (45x60 cm),Frame Style,Matte Black Solid Wood Frame,framed-poster_flat_wood_black_18x24-in_200-gsm,73.0,TRUE
palm-springs-desert-modernism-geometric-pool-terrace-horizon-no-11-83a03d,Palm Springs & Desert Modernism - Geometric pool terrace horizon No. 11,"<p>Transform your living space with Palm Springs & Desert Modernism - Geometric pool terrace horizon No. 11. Printed on museum-grade heavyweight matte paper and encased in premium solid wood frames.</p><p>Created to reflect the calming balance of Palm Springs & Desert Modernism, combining Warm Ochre, Terracotta, Muted Sage, Sunlit Limewash, Warm Parchment tones to anchor modern interiors with refined elegance.</p>",Atelier & Canvas,Wall Art,"palm springs & desert modernism wall art, framed canvas print, modern living room art, large statement art, neutral home decor, gallery wall art, bedroom wall decor, minimalist poster, terracotta art print, fine art giclee, sustainable wall art",Size,18x24 in (45x60 cm),Frame Style,Nordic White Wood Frame,framed-poster_flat_wood_white_18x24-in_200-gsm,73.0,TRUE
palm-springs-desert-modernism-geometric-pool-terrace-horizon-no-11-83a03d,Palm Springs & Desert Modernism - Geometric pool terrace horizon No. 11,"<p>Transform your living space with Palm Springs & Desert Modernism - Geometric pool terrace horizon No. 11. Printed on museum-grade heavyweight matte paper and encased in premium solid wood frames.</p><p>Created to reflect the calming balance of Palm Springs & Desert Modernism, combining Warm Ochre, Terracotta, Muted Sage, Sunlit Limewash, Warm Parchment tones to anchor modern interiors with refined elegance.</p>",Atelier & Canvas,Wall Art,"palm springs & desert modernism wall art, framed canvas print, modern living room art, large statement art, neutral home decor, gallery wall art, bedroom wall decor, minimalist poster, terracotta art print, fine art giclee, sustainable wall art",Size,18x24 in (45x60 cm),Frame Style,Gallery Stretched Fine Art Canvas,canvas_slim_18x24-in_wood-frame,68.0,TRUE
palm-springs-desert-modernism-geometric-pool-terrace-horizon-no-11-83a03d,Palm Springs & Desert Modernism - Geometric pool terrace horizon No. 11,"<p>Transform your living space with Palm Springs & Desert Modernism - Geometric pool terrace horizon No. 11. Printed on museum-grade heavyweight matte paper and encased in premium solid wood frames.</p><p>Created to reflect the calming balance of Palm Springs & Desert Modernism, combining Warm Ochre, Terracotta, Muted Sage, Sunlit Limewash, Warm Parchment tones to anchor modern interiors with refined elegance.</p>",Atelier & Canvas,Wall Art,"palm springs & desert modernism wall art, framed canvas print, modern living room art, large statement art, neutral home decor, gallery wall art, bedroom wall decor, minimalist poster, terracotta art print, fine art giclee, sustainable wall art",Size,18x24 in (45x60 cm),Frame Style,Museum-Grade Matte Fine Art Print (Unframed),poster_matte_18x24-in_250-gsm,33.0,TRUE
palm-springs-desert-modernism-geometric-pool-terrace-horizon-no-11-83a03d,Palm Springs & Desert Modernism - Geometric pool terrace horizon No. 11,"<p>Transform your living space with Palm Springs & Desert Modernism - Geometric pool terrace horizon No. 11. Printed on museum-grade heavyweight matte paper and encased in premium solid wood frames.</p><p>Created to reflect the calming balance of Palm Springs & Desert Modernism, combining Warm Ochre, Terracotta, Muted Sage, Sunlit Limewash, Warm Parchment tones to anchor modern interiors with refined elegance.</p>",Atelier & Canvas,Wall Art,"palm springs & desert modernism wall art, framed canvas print, modern living room art, large statement art, neutral home decor, gallery wall art, bedroom wall decor, minimalist poster, terracotta art print, fine art giclee, sustainable wall art",Size,24x36 in (60x90 cm),Frame Style,Solid Natural Oak Wood Frame,framed-poster_flat_wood_natural_24x36-in_200-gsm,110.0,TRUE
palm-springs-desert-modernism-geometric-pool-terrace-horizon-no-11-83a03d,Palm Springs & Desert Modernism - Geometric pool terrace horizon No. 11,"<p>Transform your living space with Palm Springs & Desert Modernism - Geometric pool terrace horizon No. 11. Printed on museum-grade heavyweight matte paper and encased in premium solid wood frames.</p><p>Created to reflect the calming balance of Palm Springs & Desert Modernism, combining Warm Ochre, Terracotta, Muted Sage, Sunlit Limewash, Warm Parchment tones to anchor modern interiors with refined elegance.</p>",Atelier & Canvas,Wall Art,"palm springs & desert modernism wall art, framed canvas print, modern living room art, large statement art, neutral home decor, gallery wall art, bedroom wall decor, minimalist poster, terracotta art print, fine art giclee, sustainable wall art",Size,24x36 in (60x90 cm),Frame Style,Matte Black Solid Wood Frame,framed-poster_flat_wood_black_24x36-in_200-gsm,105.0,TRUE
palm-springs-desert-modernism-geometric-pool-terrace-horizon-no-11-83a03d,Palm Springs & Desert Modernism - Geometric pool terrace horizon No. 11,"<p>Transform your living space with Palm Springs & Desert Modernism - Geometric pool terrace horizon No. 11. Printed on museum-grade heavyweight matte paper and encased in premium solid wood frames.</p><p>Created to reflect the calming balance of Palm Springs & Desert Modernism, combining Warm Ochre, Terracotta, Muted Sage, Sunlit Limewash, Warm Parchment tones to anchor modern interiors with refined elegance.</p>",Atelier & Canvas,Wall Art,"palm springs & desert modernism wall art, framed canvas print, modern living room art, large statement art, neutral home decor, gallery wall art, bedroom wall decor, minimalist poster, terracotta art print, fine art giclee, sustainable wall art",Size,24x36 in (60x90 cm),Frame Style,Nordic White Wood Frame,framed-poster_flat_wood_white_24x36-in_200-gsm,105.0,TRUE
palm-springs-desert-modernism-geometric-pool-terrace-horizon-no-11-83a03d,Palm Springs & Desert Modernism - Geometric pool terrace horizon No. 11,"<p>Transform your living space with Palm Springs & Desert Modernism - Geometric pool terrace horizon No. 11. Printed on museum-grade heavyweight matte paper and encased in premium solid wood frames.</p><p>Created to reflect the calming balance of Palm Springs & Desert Modernism, combining Warm Ochre, Terracotta, Muted Sage, Sunlit Limewash, Warm Parchment tones to anchor modern interiors with refined elegance.</p>",Atelier & Canvas,Wall Art,"palm springs & desert modernism wall art, framed canvas print, modern living room art, large statement art, neutral home decor, gallery wall art, bedroom wall decor, minimalist poster, terracotta art print, fine art giclee, sustainable wall art",Size,24x36 in (60x90 cm),Frame Style,Gallery Stretched Fine Art Canvas,canvas_slim_24x36-in_wood-frame,98.0,TRUE
palm-springs-desert-modernism-geometric-pool-terrace-horizon-no-11-83a03d,Palm Springs & Desert Modernism - Geometric pool terrace horizon No. 11,"<p>Transform your living space with Palm Springs & Desert Modernism - Geometric pool terrace horizon No. 11. Printed on museum-grade heavyweight matte paper and encased in premium solid wood frames.</p><p>Created to reflect the calming balance of Palm Springs & Desert Modernism, combining Warm Ochre, Terracotta, Muted Sage, Sunlit Limewash, Warm Parchment tones to anchor modern interiors with refined elegance.</p>",Atelier & Canvas,Wall Art,"palm springs & desert modernism wall art, framed canvas print, modern living room art, large statement art, neutral home decor, gallery wall art, bedroom wall decor, minimalist poster, terracotta art print, fine art giclee, sustainable wall art",Size,24x36 in (60x90 cm),Frame Style,Museum-Grade Matte Fine Art Print (Unframed),poster_matte_24x36-in_250-gsm,46.0,TRUE
palm-springs-desert-modernism-geometric-pool-terrace-horizon-no-11-83a03d,Palm Springs & Desert Modernism - Geometric pool terrace horizon No. 11,"<p>Transform your living space with Palm Springs & Desert Modernism - Geometric pool terrace horizon No. 11. Printed on museum-grade heavyweight matte paper and encased in premium solid wood frames.</p><p>Created to reflect the calming balance of Palm Springs & Desert Modernism, combining Warm Ochre, Terracotta, Muted Sage, Sunlit Limewash, Warm Parchment tones to anchor modern interiors with refined elegance.</p>",Atelier & Canvas,Wall Art,"palm springs & desert modernism wall art, framed canvas print, modern living room art, large statement art, neutral home decor, gallery wall art, bedroom wall decor, minimalist poster, terracotta art print, fine art giclee, sustainable wall art",Size,30x40 in (75x100 cm),Frame Style,Solid Natural Oak Wood Frame,framed-poster_flat_wood_natural_30x40-in_200-gsm,148.0,TRUE
palm-springs-desert-modernism-geometric-pool-terrace-horizon-no-11-83a03d,Palm Springs & Desert Modernism - Geometric pool terrace horizon No. 11,"<p>Transform your living space with Palm Springs & Desert Modernism - Geometric pool terrace horizon No. 11. Printed on museum-grade heavyweight matte paper and encased in premium solid wood frames.</p><p>Created to reflect the calming balance of Palm Springs & Desert Modernism, combining Warm Ochre, Terracotta, Muted Sage, Sunlit Limewash, Warm Parchment tones to anchor modern interiors with refined elegance.</p>",Atelier & Canvas,Wall Art,"palm springs & desert modernism wall art, framed canvas print, modern living room art, large statement art, neutral home decor, gallery wall art, bedroom wall decor, minimalist poster, terracotta art print, fine art giclee, sustainable wall art",Size,30x40 in (75x100 cm),Frame Style,Matte Black Solid Wood Frame,framed-poster_flat_wood_black_30x40-in_200-gsm,143.0,TRUE
palm-springs-desert-modernism-geometric-pool-terrace-horizon-no-11-83a03d,Palm Springs & Desert Modernism - Geometric pool terrace horizon No. 11,"<p>Transform your living space with Palm Springs & Desert Modernism - Geometric pool terrace horizon No. 11. Printed on museum-grade heavyweight matte paper and encased in premium solid wood frames.</p><p>Created to reflect the calming balance of Palm Springs & Desert Modernism, combining Warm Ochre, Terracotta, Muted Sage, Sunlit Limewash, Warm Parchment tones to anchor modern interiors with refined elegance.</p>",Atelier & Canvas,Wall Art,"palm springs & desert modernism wall art, framed canvas print, modern living room art, large statement art, neutral home decor, gallery wall art, bedroom wall decor, minimalist poster, terracotta art print, fine art giclee, sustainable wall art",Size,30x40 in (75x100 cm),Frame Style,Gallery Stretched Fine Art Canvas,canvas_slim_30x40-in_wood-frame,137.0,TRUE
palm-springs-desert-modernism-geometric-pool-terrace-horizon-no-11-83a03d,Palm Springs & Desert Modernism - Geometric pool terrace horizon No. 11,"<p>Transform your living space with Palm Springs & Desert Modernism - Geometric pool terrace horizon No. 11. Printed on museum-grade heavyweight matte paper and encased in premium solid wood frames.</p><p>Created to reflect the calming balance of Palm Springs & Desert Modernism, combining Warm Ochre, Terracotta, Muted Sage, Sunlit Limewash, Warm Parchment tones to anchor modern interiors with refined elegance.</p>",Atelier & Canvas,Wall Art,"palm springs & desert modernism wall art, framed canvas print, modern living room art, large statement art, neutral home decor, gallery wall art, bedroom wall decor, minimalist poster, terracotta art print, fine art giclee, sustainable wall art",Size,30x40 in (75x100 cm),Frame Style,Museum-Grade Matte Fine Art Print (Unframed),poster_matte_30x40-in_250-gsm,59.0,TRUE
nordic-abstract-flora-foliage-wild-nordic-thistle-silhouette-no-11-129e11,Nordic Abstract Flora & Foliage - Wild Nordic thistle silhouette No. 11,"<p>Transform your living space with Nordic Abstract Flora & Foliage - Wild Nordic thistle silhouette No. 11. Printed on museum-grade heavyweight matte paper and encased in premium solid wood frames.</p><p>Created to reflect the calming balance of Nordic Abstract Flora & Foliage, combining Muted Sage, Warm Ochre, Raw Linen, Charcoal Slate, Sandstone tones to anchor modern interiors with refined elegance.</p>",Atelier & Canvas,Wall Art,"nordic abstract flora & foliage wall art, framed canvas print, modern living room art, large statement art, neutral home decor, gallery wall art, bedroom wall decor, minimalist poster, terracotta art print, fine art giclee, sustainable wall art",Size,12x18 in (30x45 cm),Frame Style,Solid Natural Oak Wood Frame,framed-poster_flat_wood_natural_12x18-in_200-gsm,52.0,TRUE
nordic-abstract-flora-foliage-wild-nordic-thistle-silhouette-no-11-129e11,Nordic Abstract Flora & Foliage - Wild Nordic thistle silhouette No. 11,"<p>Transform your living space with Nordic Abstract Flora & Foliage - Wild Nordic thistle silhouette No. 11. Printed on museum-grade heavyweight matte paper and encased in premium solid wood frames.</p><p>Created to reflect the calming balance of Nordic Abstract Flora & Foliage, combining Muted Sage, Warm Ochre, Raw Linen, Charcoal Slate, Sandstone tones to anchor modern interiors with refined elegance.</p>",Atelier & Canvas,Wall Art,"nordic abstract flora & foliage wall art, framed canvas print, modern living room art, large statement art, neutral home decor, gallery wall art, bedroom wall decor, minimalist poster, terracotta art print, fine art giclee, sustainable wall art",Size,12x18 in (30x45 cm),Frame Style,Matte Black Solid Wood Frame,framed-poster_flat_wood_black_12x18-in_200-gsm,50.0,TRUE
nordic-abstract-flora-foliage-wild-nordic-thistle-silhouette-no-11-129e11,Nordic Abstract Flora & Foliage - Wild Nordic thistle silhouette No. 11,"<p>Transform your living space with Nordic Abstract Flora & Foliage - Wild Nordic thistle silhouette No. 11. Printed on museum-grade heavyweight matte paper and encased in premium solid wood frames.</p><p>Created to reflect the calming balance of Nordic Abstract Flora & Foliage, combining Muted Sage, Warm Ochre, Raw Linen, Charcoal Slate, Sandstone tones to anchor modern interiors with refined elegance.</p>",Atelier & Canvas,Wall Art,"nordic abstract flora & foliage wall art, framed canvas print, modern living room art, large statement art, neutral home decor, gallery wall art, bedroom wall decor, minimalist poster, terracotta art print, fine art giclee, sustainable wall art",Size,12x18 in (30x45 cm),Frame Style,Museum-Grade Matte Fine Art Print (Unframed),poster_matte_12x18-in_250-gsm,26.0,TRUE
nordic-abstract-flora-foliage-wild-nordic-thistle-silhouette-no-11-129e11,Nordic Abstract Flora & Foliage - Wild Nordic thistle silhouette No. 11,"<p>Transform your living space with Nordic Abstract Flora & Foliage - Wild Nordic thistle silhouette No. 11. Printed on museum-grade heavyweight matte paper and encased in premium solid wood frames.</p><p>Created to reflect the calming balance of Nordic Abstract Flora & Foliage, combining Muted Sage, Warm Ochre, Raw Linen, Charcoal Slate, Sandstone tones to anchor modern interiors with refined elegance.</p>",Atelier & Canvas,Wall Art,"nordic abstract flora & foliage wall art, framed canvas print, modern living room art, large statement art, neutral home decor, gallery wall art, bedroom wall decor, minimalist poster, terracotta art print, fine art giclee, sustainable wall art",Size,18x24 in (45x60 cm),Frame Style,Solid Natural Oak Wood Frame,framed-poster_flat_wood_natural_18x24-in_200-gsm,76.0,TRUE
nordic-abstract-flora-foliage-wild-nordic-thistle-silhouette-no-11-129e11,Nordic Abstract Flora & Foliage - Wild Nordic thistle silhouette No. 11,"<p>Transform your living space with Nordic Abstract Flora & Foliage - Wild Nordic thistle silhouette No. 11. Printed on museum-grade heavyweight matte paper and encased in premium solid wood frames.</p><p>Created to reflect the calming balance of Nordic Abstract Flora & Foliage, combining Muted Sage, Warm Ochre, Raw Linen, Charcoal Slate, Sandstone tones to anchor modern interiors with refined elegance.</p>",Atelier & Canvas,Wall Art,"nordic abstract flora & foliage wall art, framed canvas print, modern living room art, large statement art, neutral home decor, gallery wall art, bedroom wall decor, minimalist poster, terracotta art print, fine art giclee, sustainable wall art",Size,18x24 in (45x60 cm),Frame Style,Matte Black Solid Wood Frame,framed-poster_flat_wood_black_18x24-in_200-gsm,73.0,TRUE
nordic-abstract-flora-foliage-wild-nordic-thistle-silhouette-no-11-129e11,Nordic Abstract Flora & Foliage - Wild Nordic thistle silhouette No. 11,"<p>Transform your living space with Nordic Abstract Flora & Foliage - Wild Nordic thistle silhouette No. 11. Printed on museum-grade heavyweight matte paper and encased in premium solid wood frames.</p><p>Created to reflect the calming balance of Nordic Abstract Flora & Foliage, combining Muted Sage, Warm Ochre, Raw Linen, Charcoal Slate, Sandstone tones to anchor modern interiors with refined elegance.</p>",Atelier & Canvas,Wall Art,"nordic abstract flora & foliage wall art, framed canvas print, modern living room art, large statement art, neutral home decor, gallery wall art, bedroom wall decor, minimalist poster, terracotta art print, fine art giclee, sustainable wall art",Size,18x24 in (45x60 cm),Frame Style,Nordic White Wood Frame,framed-poster_flat_wood_white_18x24-in_200-gsm,73.0,TRUE
nordic-abstract-flora-foliage-wild-nordic-thistle-silhouette-no-11-129e11,Nordic Abstract Flora & Foliage - Wild Nordic thistle silhouette No. 11,"<p>Transform your living space with Nordic Abstract Flora & Foliage - Wild Nordic thistle silhouette No. 11. Printed on museum-grade heavyweight matte paper and encased in premium solid wood frames.</p><p>Created to reflect the calming balance of Nordic Abstract Flora & Foliage, combining Muted Sage, Warm Ochre, Raw Linen, Charcoal Slate, Sandstone tones to anchor modern interiors with refined elegance.</p>",Atelier & Canvas,Wall Art,"nordic abstract flora & foliage wall art, framed canvas print, modern living room art, large statement art, neutral home decor, gallery wall art, bedroom wall decor, minimalist poster, terracotta art print, fine art giclee, sustainable wall art",Size,18x24 in (45x60 cm),Frame Style,Gallery Stretched Fine Art Canvas,canvas_slim_18x24-in_wood-frame,68.0,TRUE
nordic-abstract-flora-foliage-wild-nordic-thistle-silhouette-no-11-129e11,Nordic Abstract Flora & Foliage - Wild Nordic thistle silhouette No. 11,"<p>Transform your living space with Nordic Abstract Flora & Foliage - Wild Nordic thistle silhouette No. 11. Printed on museum-grade heavyweight matte paper and encased in premium solid wood frames.</p><p>Created to reflect the calming balance of Nordic Abstract Flora & Foliage, combining Muted Sage, Warm Ochre, Raw Linen, Charcoal Slate, Sandstone tones to anchor modern interiors with refined elegance.</p>",Atelier & Canvas,Wall Art,"nordic abstract flora & foliage wall art, framed canvas print, modern living room art, large statement art, neutral home decor, gallery wall art, bedroom wall decor, minimalist poster, terracotta art print, fine art giclee, sustainable wall art",Size,18x24 in (45x60 cm),Frame Style,Museum-Grade Matte Fine Art Print (Unframed),poster_matte_18x24-in_250-gsm,33.0,TRUE
nordic-abstract-flora-foliage-wild-nordic-thistle-silhouette-no-11-129e11,Nordic Abstract Flora & Foliage - Wild Nordic thistle silhouette No. 11,"<p>Transform your living space with Nordic Abstract Flora & Foliage - Wild Nordic thistle silhouette No. 11. Printed on museum-grade heavyweight matte paper and encased in premium solid wood frames.</p><p>Created to reflect the calming balance of Nordic Abstract Flora & Foliage, combining Muted Sage, Warm Ochre, Raw Linen, Charcoal Slate, Sandstone tones to anchor modern interiors with refined elegance.</p>",Atelier & Canvas,Wall Art,"nordic abstract flora & foliage wall art, framed canvas print, modern living room art, large statement art, neutral home decor, gallery wall art, bedroom wall decor, minimalist poster, terracotta art print, fine art giclee, sustainable wall art",Size,24x36 in (60x90 cm),Frame Style,Solid Natural Oak Wood Frame,framed-poster_flat_wood_natural_24x36-in_200-gsm,110.0,TRUE
nordic-abstract-flora-foliage-wild-nordic-thistle-silhouette-no-11-129e11,Nordic Abstract Flora & Foliage - Wild Nordic thistle silhouette No. 11,"<p>Transform your living space with Nordic Abstract Flora & Foliage - Wild Nordic thistle silhouette No. 11. Printed on museum-grade heavyweight matte paper and encased in premium solid wood frames.</p><p>Created to reflect the calming balance of Nordic Abstract Flora & Foliage, combining Muted Sage, Warm Ochre, Raw Linen, Charcoal Slate, Sandstone tones to anchor modern interiors with refined elegance.</p>",Atelier & Canvas,Wall Art,"nordic abstract flora & foliage wall art, framed canvas print, modern living room art, large statement art, neutral home decor, gallery wall art, bedroom wall decor, minimalist poster, terracotta art print, fine art giclee, sustainable wall art",Size,24x36 in (60x90 cm),Frame Style,Matte Black Solid Wood Frame,framed-poster_flat_wood_black_24x36-in_200-gsm,105.0,TRUE
nordic-abstract-flora-foliage-wild-nordic-thistle-silhouette-no-11-129e11,Nordic Abstract Flora & Foliage - Wild Nordic thistle silhouette No. 11,"<p>Transform your living space with Nordic Abstract Flora & Foliage - Wild Nordic thistle silhouette No. 11. Printed on museum-grade heavyweight matte paper and encased in premium solid wood frames.</p><p>Created to reflect the calming balance of Nordic Abstract Flora & Foliage, combining Muted Sage, Warm Ochre, Raw Linen, Charcoal Slate, Sandstone tones to anchor modern interiors with refined elegance.</p>",Atelier & Canvas,Wall Art,"nordic abstract flora & foliage wall art, framed canvas print, modern living room art, large statement art, neutral home decor, gallery wall art, bedroom wall decor, minimalist poster, terracotta art print, fine art giclee, sustainable wall art",Size,24x36 in (60x90 cm),Frame Style,Nordic White Wood Frame,framed-poster_flat_wood_white_24x36-in_200-gsm,105.0,TRUE
nordic-abstract-flora-foliage-wild-nordic-thistle-silhouette-no-11-129e11,Nordic Abstract Flora & Foliage - Wild Nordic thistle silhouette No. 11,"<p>Transform your living space with Nordic Abstract Flora & Foliage - Wild Nordic thistle silhouette No. 11. Printed on museum-grade heavyweight matte paper and encased in premium solid wood frames.</p><p>Created to reflect the calming balance of Nordic Abstract Flora & Foliage, combining Muted Sage, Warm Ochre, Raw Linen, Charcoal Slate, Sandstone tones to anchor modern interiors with refined elegance.</p>",Atelier & Canvas,Wall Art,"nordic abstract flora & foliage wall art, framed canvas print, modern living room art, large statement art, neutral home decor, gallery wall art, bedroom wall decor, minimalist poster, terracotta art print, fine art giclee, sustainable wall art",Size,24x36 in (60x90 cm),Frame Style,Gallery Stretched Fine Art Canvas,canvas_slim_24x36-in_wood-frame,98.0,TRUE
nordic-abstract-flora-foliage-wild-nordic-thistle-silhouette-no-11-129e11,Nordic Abstract Flora & Foliage - Wild Nordic thistle silhouette No. 11,"<p>Transform your living space with Nordic Abstract Flora & Foliage - Wild Nordic thistle silhouette No. 11. Printed on museum-grade heavyweight matte paper and encased in premium solid wood frames.</p><p>Created to reflect the calming balance of Nordic Abstract Flora & Foliage, combining Muted Sage, Warm Ochre, Raw Linen, Charcoal Slate, Sandstone tones to anchor modern interiors with refined elegance.</p>",Atelier & Canvas,Wall Art,"nordic abstract flora & foliage wall art, framed canvas print, modern living room art, large statement art, neutral home decor, gallery wall art, bedroom wall decor, minimalist poster, terracotta art print, fine art giclee, sustainable wall art",Size,24x36 in (60x90 cm),Frame Style,Museum-Grade Matte Fine Art Print (Unframed),poster_matte_24x36-in_250-gsm,46.0,TRUE
nordic-abstract-flora-foliage-wild-nordic-thistle-silhouette-no-11-129e11,Nordic Abstract Flora & Foliage - Wild Nordic thistle silhouette No. 11,"<p>Transform your living space with Nordic Abstract Flora & Foliage - Wild Nordic thistle silhouette No. 11. Printed on museum-grade heavyweight matte paper and encased in premium solid wood frames.</p><p>Created to reflect the calming balance of Nordic Abstract Flora & Foliage, combining Muted Sage, Warm Ochre, Raw Linen, Charcoal Slate, Sandstone tones to anchor modern interiors with refined elegance.</p>",Atelier & Canvas,Wall Art,"nordic abstract flora & foliage wall art, framed canvas print, modern living room art, large statement art, neutral home decor, gallery wall art, bedroom wall decor, minimalist poster, terracotta art print, fine art giclee, sustainable wall art",Size,30x40 in (75x100 cm),Frame Style,Solid Natural Oak Wood Frame,framed-poster_flat_wood_natural_30x40-in_200-gsm,148.0,TRUE
nordic-abstract-flora-foliage-wild-nordic-thistle-silhouette-no-11-129e11,Nordic Abstract Flora & Foliage - Wild Nordic thistle silhouette No. 11,"<p>Transform your living space with Nordic Abstract Flora & Foliage - Wild Nordic thistle silhouette No. 11. Printed on museum-grade heavyweight matte paper and encased in premium solid wood frames.</p><p>Created to reflect the calming balance of Nordic Abstract Flora & Foliage, combining Muted Sage, Warm Ochre, Raw Linen, Charcoal Slate, Sandstone tones to anchor modern interiors with refined elegance.</p>",Atelier & Canvas,Wall Art,"nordic abstract flora & foliage wall art, framed canvas print, modern living room art, large statement art, neutral home decor, gallery wall art, bedroom wall decor, minimalist poster, terracotta art print, fine art giclee, sustainable wall art",Size,30x40 in (75x100 cm),Frame Style,Matte Black Solid Wood Frame,framed-poster_flat_wood_black_30x40-in_200-gsm,143.0,TRUE
nordic-abstract-flora-foliage-wild-nordic-thistle-silhouette-no-11-129e11,Nordic Abstract Flora & Foliage - Wild Nordic thistle silhouette No. 11,"<p>Transform your living space with Nordic Abstract Flora & Foliage - Wild Nordic thistle silhouette No. 11. Printed on museum-grade heavyweight matte paper and encased in premium solid wood frames.</p><p>Created to reflect the calming balance of Nordic Abstract Flora & Foliage, combining Muted Sage, Warm Ochre, Raw Linen, Charcoal Slate, Sandstone tones to anchor modern interiors with refined elegance.</p>",Atelier & Canvas,Wall Art,"nordic abstract flora & foliage wall art, framed canvas print, modern living room art, large statement art, neutral home decor, gallery wall art, bedroom wall decor, minimalist poster, terracotta art print, fine art giclee, sustainable wall art",Size,30x40 in (75x100 cm),Frame Style,Gallery Stretched Fine Art Canvas,canvas_slim_30x40-in_wood-frame,137.0,TRUE
nordic-abstract-flora-foliage-wild-nordic-thistle-silhouette-no-11-129e11,Nordic Abstract Flora & Foliage - Wild Nordic thistle silhouette No. 11,"<p>Transform your living space with Nordic Abstract Flora & Foliage - Wild Nordic thistle silhouette No. 11. Printed on museum-grade heavyweight matte paper and encased in premium solid wood frames.</p><p>Created to reflect the calming balance of Nordic Abstract Flora & Foliage, combining Muted Sage, Warm Ochre, Raw Linen, Charcoal Slate, Sandstone tones to anchor modern interiors with refined elegance.</p>",Atelier & Canvas,Wall Art,"nordic abstract flora & foliage wall art, framed canvas print, modern living room art, large statement art, neutral home decor, gallery wall art, bedroom wall decor, minimalist poster, terracotta art print, fine art giclee, sustainable wall art",Size,30x40 in (75x100 cm),Frame Style,Museum-Grade Matte Fine Art Print (Unframed),poster_matte_30x40-in_250-gsm,59.0,TRUE
modern-architectural-geometry-schematics-brutalist-concrete-arch-geometry-no-11-3f96f9,Modern Architectural & Geometry Schematics - Brutalist concrete arch geometry No. 11,"<p>Transform your living space with Modern Architectural & Geometry Schematics - Brutalist concrete arch geometry No. 11. Printed on museum-grade heavyweight matte paper and encased in premium solid wood frames.</p><p>Created to reflect the calming balance of Modern Architectural & Geometry Schematics, combining Charcoal Slate, Raw Linen, Deep Cobalt, Warm Ochre, Sandstone tones to anchor modern interiors with refined elegance.</p>",Atelier & Canvas,Wall Art,"modern architectural & geometry schematics wall art, framed canvas print, modern living room art, large statement art, neutral home decor, gallery wall art, bedroom wall decor, minimalist poster, terracotta art print, fine art giclee, sustainable wall art",Size,12x18 in (30x45 cm),Frame Style,Solid Natural Oak Wood Frame,framed-poster_flat_wood_natural_12x18-in_200-gsm,52.0,TRUE
modern-architectural-geometry-schematics-brutalist-concrete-arch-geometry-no-11-3f96f9,Modern Architectural & Geometry Schematics - Brutalist concrete arch geometry No. 11,"<p>Transform your living space with Modern Architectural & Geometry Schematics - Brutalist concrete arch geometry No. 11. Printed on museum-grade heavyweight matte paper and encased in premium solid wood frames.</p><p>Created to reflect the calming balance of Modern Architectural & Geometry Schematics, combining Charcoal Slate, Raw Linen, Deep Cobalt, Warm Ochre, Sandstone tones to anchor modern interiors with refined elegance.</p>",Atelier & Canvas,Wall Art,"modern architectural & geometry schematics wall art, framed canvas print, modern living room art, large statement art, neutral home decor, gallery wall art, bedroom wall decor, minimalist poster, terracotta art print, fine art giclee, sustainable wall art",Size,12x18 in (30x45 cm),Frame Style,Matte Black Solid Wood Frame,framed-poster_flat_wood_black_12x18-in_200-gsm,50.0,TRUE
modern-architectural-geometry-schematics-brutalist-concrete-arch-geometry-no-11-3f96f9,Modern Architectural & Geometry Schematics - Brutalist concrete arch geometry No. 11,"<p>Transform your living space with Modern Architectural & Geometry Schematics - Brutalist concrete arch geometry No. 11. Printed on museum-grade heavyweight matte paper and encased in premium solid wood frames.</p><p>Created to reflect the calming balance of Modern Architectural & Geometry Schematics, combining Charcoal Slate, Raw Linen, Deep Cobalt, Warm Ochre, Sandstone tones to anchor modern interiors with refined elegance.</p>",Atelier & Canvas,Wall Art,"modern architectural & geometry schematics wall art, framed canvas print, modern living room art, large statement art, neutral home decor, gallery wall art, bedroom wall decor, minimalist poster, terracotta art print, fine art giclee, sustainable wall art",Size,12x18 in (30x45 cm),Frame Style,Museum-Grade Matte Fine Art Print (Unframed),poster_matte_12x18-in_250-gsm,26.0,TRUE
modern-architectural-geometry-schematics-brutalist-concrete-arch-geometry-no-11-3f96f9,Modern Architectural & Geometry Schematics - Brutalist concrete arch geometry No. 11,"<p>Transform your living space with Modern Architectural & Geometry Schematics - Brutalist concrete arch geometry No. 11. Printed on museum-grade heavyweight matte paper and encased in premium solid wood frames.</p><p>Created to reflect the calming balance of Modern Architectural & Geometry Schematics, combining Charcoal Slate, Raw Linen, Deep Cobalt, Warm Ochre, Sandstone tones to anchor modern interiors with refined elegance.</p>",Atelier & Canvas,Wall Art,"modern architectural & geometry schematics wall art, framed canvas print, modern living room art, large statement art, neutral home decor, gallery wall art, bedroom wall decor, minimalist poster, terracotta art print, fine art giclee, sustainable wall art",Size,18x24 in (45x60 cm),Frame Style,Solid Natural Oak Wood Frame,framed-poster_flat_wood_natural_18x24-in_200-gsm,76.0,TRUE
modern-architectural-geometry-schematics-brutalist-concrete-arch-geometry-no-11-3f96f9,Modern Architectural & Geometry Schematics - Brutalist concrete arch geometry No. 11,"<p>Transform your living space with Modern Architectural & Geometry Schematics - Brutalist concrete arch geometry No. 11. Printed on museum-grade heavyweight matte paper and encased in premium solid wood frames.</p><p>Created to reflect the calming balance of Modern Architectural & Geometry Schematics, combining Charcoal Slate, Raw Linen, Deep Cobalt, Warm Ochre, Sandstone tones to anchor modern interiors with refined elegance.</p>",Atelier & Canvas,Wall Art,"modern architectural & geometry schematics wall art, framed canvas print, modern living room art, large statement art, neutral home decor, gallery wall art, bedroom wall decor, minimalist poster, terracotta art print, fine art giclee, sustainable wall art",Size,18x24 in (45x60 cm),Frame Style,Matte Black Solid Wood Frame,framed-poster_flat_wood_black_18x24-in_200-gsm,73.0,TRUE
modern-architectural-geometry-schematics-brutalist-concrete-arch-geometry-no-11-3f96f9,Modern Architectural & Geometry Schematics - Brutalist concrete arch geometry No. 11,"<p>Transform your living space with Modern Architectural & Geometry Schematics - Brutalist concrete arch geometry No. 11. Printed on museum-grade heavyweight matte paper and encased in premium solid wood frames.</p><p>Created to reflect the calming balance of Modern Architectural & Geometry Schematics, combining Charcoal Slate, Raw Linen, Deep Cobalt, Warm Ochre, Sandstone tones to anchor modern interiors with refined elegance.</p>",Atelier & Canvas,Wall Art,"modern architectural & geometry schematics wall art, framed canvas print, modern living room art, large statement art, neutral home decor, gallery wall art, bedroom wall decor, minimalist poster, terracotta art print, fine art giclee, sustainable wall art",Size,18x24 in (45x60 cm),Frame Style,Nordic White Wood Frame,framed-poster_flat_wood_white_18x24-in_200-gsm,73.0,TRUE
modern-architectural-geometry-schematics-brutalist-concrete-arch-geometry-no-11-3f96f9,Modern Architectural & Geometry Schematics - Brutalist concrete arch geometry No. 11,"<p>Transform your living space with Modern Architectural & Geometry Schematics - Brutalist concrete arch geometry No. 11. Printed on museum-grade heavyweight matte paper and encased in premium solid wood frames.</p><p>Created to reflect the calming balance of Modern Architectural & Geometry Schematics, combining Charcoal Slate, Raw Linen, Deep Cobalt, Warm Ochre, Sandstone tones to anchor modern interiors with refined elegance.</p>",Atelier & Canvas,Wall Art,"modern architectural & geometry schematics wall art, framed canvas print, modern living room art, large statement art, neutral home decor, gallery wall art, bedroom wall decor, minimalist poster, terracotta art print, fine art giclee, sustainable wall art",Size,18x24 in (45x60 cm),Frame Style,Gallery Stretched Fine Art Canvas,canvas_slim_18x24-in_wood-frame,68.0,TRUE
modern-architectural-geometry-schematics-brutalist-concrete-arch-geometry-no-11-3f96f9,Modern Architectural & Geometry Schematics - Brutalist concrete arch geometry No. 11,"<p>Transform your living space with Modern Architectural & Geometry Schematics - Brutalist concrete arch geometry No. 11. Printed on museum-grade heavyweight matte paper and encased in premium solid wood frames.</p><p>Created to reflect the calming balance of Modern Architectural & Geometry Schematics, combining Charcoal Slate, Raw Linen, Deep Cobalt, Warm Ochre, Sandstone tones to anchor modern interiors with refined elegance.</p>",Atelier & Canvas,Wall Art,"modern architectural & geometry schematics wall art, framed canvas print, modern living room art, large statement art, neutral home decor, gallery wall art, bedroom wall decor, minimalist poster, terracotta art print, fine art giclee, sustainable wall art",Size,18x24 in (45x60 cm),Frame Style,Museum-Grade Matte Fine Art Print (Unframed),poster_matte_18x24-in_250-gsm,33.0,TRUE
modern-architectural-geometry-schematics-brutalist-concrete-arch-geometry-no-11-3f96f9,Modern Architectural & Geometry Schematics - Brutalist concrete arch geometry No. 11,"<p>Transform your living space with Modern Architectural & Geometry Schematics - Brutalist concrete arch geometry No. 11. Printed on museum-grade heavyweight matte paper and encased in premium solid wood frames.</p><p>Created to reflect the calming balance of Modern Architectural & Geometry Schematics, combining Charcoal Slate, Raw Linen, Deep Cobalt, Warm Ochre, Sandstone tones to anchor modern interiors with refined elegance.</p>",Atelier & Canvas,Wall Art,"modern architectural & geometry schematics wall art, framed canvas print, modern living room art, large statement art, neutral home decor, gallery wall art, bedroom wall decor, minimalist poster, terracotta art print, fine art giclee, sustainable wall art",Size,24x36 in (60x90 cm),Frame Style,Solid Natural Oak Wood Frame,framed-poster_flat_wood_natural_24x36-in_200-gsm,110.0,TRUE
modern-architectural-geometry-schematics-brutalist-concrete-arch-geometry-no-11-3f96f9,Modern Architectural & Geometry Schematics - Brutalist concrete arch geometry No. 11,"<p>Transform your living space with Modern Architectural & Geometry Schematics - Brutalist concrete arch geometry No. 11. Printed on museum-grade heavyweight matte paper and encased in premium solid wood frames.</p><p>Created to reflect the calming balance of Modern Architectural & Geometry Schematics, combining Charcoal Slate, Raw Linen, Deep Cobalt, Warm Ochre, Sandstone tones to anchor modern interiors with refined elegance.</p>",Atelier & Canvas,Wall Art,"modern architectural & geometry schematics wall art, framed canvas print, modern living room art, large statement art, neutral home decor, gallery wall art, bedroom wall decor, minimalist poster, terracotta art print, fine art giclee, sustainable wall art",Size,24x36 in (60x90 cm),Frame Style,Matte Black Solid Wood Frame,framed-poster_flat_wood_black_24x36-in_200-gsm,105.0,TRUE
modern-architectural-geometry-schematics-brutalist-concrete-arch-geometry-no-11-3f96f9,Modern Architectural & Geometry Schematics - Brutalist concrete arch geometry No. 11,"<p>Transform your living space with Modern Architectural & Geometry Schematics - Brutalist concrete arch geometry No. 11. Printed on museum-grade heavyweight matte paper and encased in premium solid wood frames.</p><p>Created to reflect the calming balance of Modern Architectural & Geometry Schematics, combining Charcoal Slate, Raw Linen, Deep Cobalt, Warm Ochre, Sandstone tones to anchor modern interiors with refined elegance.</p>",Atelier & Canvas,Wall Art,"modern architectural & geometry schematics wall art, framed canvas print, modern living room art, large statement art, neutral home decor, gallery wall art, bedroom wall decor, minimalist poster, terracotta art print, fine art giclee, sustainable wall art",Size,24x36 in (60x90 cm),Frame Style,Nordic White Wood Frame,framed-poster_flat_wood_white_24x36-in_200-gsm,105.0,TRUE
modern-architectural-geometry-schematics-brutalist-concrete-arch-geometry-no-11-3f96f9,Modern Architectural & Geometry Schematics - Brutalist concrete arch geometry No. 11,"<p>Transform your living space with Modern Architectural & Geometry Schematics - Brutalist concrete arch geometry No. 11. Printed on museum-grade heavyweight matte paper and encased in premium solid wood frames.</p><p>Created to reflect the calming balance of Modern Architectural & Geometry Schematics, combining Charcoal Slate, Raw Linen, Deep Cobalt, Warm Ochre, Sandstone tones to anchor modern interiors with refined elegance.</p>",Atelier & Canvas,Wall Art,"modern architectural & geometry schematics wall art, framed canvas print, modern living room art, large statement art, neutral home decor, gallery wall art, bedroom wall decor, minimalist poster, terracotta art print, fine art giclee, sustainable wall art",Size,24x36 in (60x90 cm),Frame Style,Gallery Stretched Fine Art Canvas,canvas_slim_24x36-in_wood-frame,98.0,TRUE
modern-architectural-geometry-schematics-brutalist-concrete-arch-geometry-no-11-3f96f9,Modern Architectural & Geometry Schematics - Brutalist concrete arch geometry No. 11,"<p>Transform your living space with Modern Architectural & Geometry Schematics - Brutalist concrete arch geometry No. 11. Printed on museum-grade heavyweight matte paper and encased in premium solid wood frames.</p><p>Created to reflect the calming balance of Modern Architectural & Geometry Schematics, combining Charcoal Slate, Raw Linen, Deep Cobalt, Warm Ochre, Sandstone tones to anchor modern interiors with refined elegance.</p>",Atelier & Canvas,Wall Art,"modern architectural & geometry schematics wall art, framed canvas print, modern living room art, large statement art, neutral home decor, gallery wall art, bedroom wall decor, minimalist poster, terracotta art print, fine art giclee, sustainable wall art",Size,24x36 in (60x90 cm),Frame Style,Museum-Grade Matte Fine Art Print (Unframed),poster_matte_24x36-in_250-gsm,46.0,TRUE
modern-architectural-geometry-schematics-brutalist-concrete-arch-geometry-no-11-3f96f9,Modern Architectural & Geometry Schematics - Brutalist concrete arch geometry No. 11,"<p>Transform your living space with Modern Architectural & Geometry Schematics - Brutalist concrete arch geometry No. 11. Printed on museum-grade heavyweight matte paper and encased in premium solid wood frames.</p><p>Created to reflect the calming balance of Modern Architectural & Geometry Schematics, combining Charcoal Slate, Raw Linen, Deep Cobalt, Warm Ochre, Sandstone tones to anchor modern interiors with refined elegance.</p>",Atelier & Canvas,Wall Art,"modern architectural & geometry schematics wall art, framed canvas print, modern living room art, large statement art, neutral home decor, gallery wall art, bedroom wall decor, minimalist poster, terracotta art print, fine art giclee, sustainable wall art",Size,30x40 in (75x100 cm),Frame Style,Solid Natural Oak Wood Frame,framed-poster_flat_wood_natural_30x40-in_200-gsm,148.0,TRUE
modern-architectural-geometry-schematics-brutalist-concrete-arch-geometry-no-11-3f96f9,Modern Architectural & Geometry Schematics - Brutalist concrete arch geometry No. 11,"<p>Transform your living space with Modern Architectural & Geometry Schematics - Brutalist concrete arch geometry No. 11. Printed on museum-grade heavyweight matte paper and encased in premium solid wood frames.</p><p>Created to reflect the calming balance of Modern Architectural & Geometry Schematics, combining Charcoal Slate, Raw Linen, Deep Cobalt, Warm Ochre, Sandstone tones to anchor modern interiors with refined elegance.</p>",Atelier & Canvas,Wall Art,"modern architectural & geometry schematics wall art, framed canvas print, modern living room art, large statement art, neutral home decor, gallery wall art, bedroom wall decor, minimalist poster, terracotta art print, fine art giclee, sustainable wall art",Size,30x40 in (75x100 cm),Frame Style,Matte Black Solid Wood Frame,framed-poster_flat_wood_black_30x40-in_200-gsm,143.0,TRUE
modern-architectural-geometry-schematics-brutalist-concrete-arch-geometry-no-11-3f96f9,Modern Architectural & Geometry Schematics - Brutalist concrete arch geometry No. 11,"<p>Transform your living space with Modern Architectural & Geometry Schematics - Brutalist concrete arch geometry No. 11. Printed on museum-grade heavyweight matte paper and encased in premium solid wood frames.</p><p>Created to reflect the calming balance of Modern Architectural & Geometry Schematics, combining Charcoal Slate, Raw Linen, Deep Cobalt, Warm Ochre, Sandstone tones to anchor modern interiors with refined elegance.</p>",Atelier & Canvas,Wall Art,"modern architectural & geometry schematics wall art, framed canvas print, modern living room art, large statement art, neutral home decor, gallery wall art, bedroom wall decor, minimalist poster, terracotta art print, fine art giclee, sustainable wall art",Size,30x40 in (75x100 cm),Frame Style,Gallery Stretched Fine Art Canvas,canvas_slim_30x40-in_wood-frame,137.0,TRUE
modern-architectural-geometry-schematics-brutalist-concrete-arch-geometry-no-11-3f96f9,Modern Architectural & Geometry Schematics - Brutalist concrete arch geometry No. 11,"<p>Transform your living space with Modern Architectural & Geometry Schematics - Brutalist concrete arch geometry No. 11. Printed on museum-grade heavyweight matte paper and encased in premium solid wood frames.</p><p>Created to reflect the calming balance of Modern Architectural & Geometry Schematics, combining Charcoal Slate, Raw Linen, Deep Cobalt, Warm Ochre, Sandstone tones to anchor modern interiors with refined elegance.</p>",Atelier & Canvas,Wall Art,"modern architectural & geometry schematics wall art, framed canvas print, modern living room art, large statement art, neutral home decor, gallery wall art, bedroom wall decor, minimalist poster, terracotta art print, fine art giclee, sustainable wall art",Size,30x40 in (75x100 cm),Frame Style,Museum-Grade Matte Fine Art Print (Unframed),poster_matte_30x40-in_250-gsm,59.0,TRUE
japanese-ukiyo-e-modern-mokuhanga-tranquil-koi-pond-water-ripple-no-6-8c0923,Japanese Ukiyo-e & Modern Mokuhanga - Tranquil koi pond water ripple No. 6,"<p>Transform your living space with Japanese Ukiyo-e & Modern Mokuhanga - Tranquil koi pond water ripple No. 6. Printed on museum-grade heavyweight matte paper and encased in premium solid wood frames.</p><p>Created to reflect the calming balance of Japanese Ukiyo-e & Modern Mokuhanga, combining Deep Cobalt, Eucalyptus Green, Dried Rose, Raw Linen, Matte Black tones to anchor modern interiors with refined elegance.</p>",Atelier & Canvas,Wall Art,"japanese ukiyo-e & modern mokuhanga wall art, framed canvas print, modern living room art, large statement art, neutral home decor, gallery wall art, bedroom wall decor, minimalist poster, terracotta art print, fine art giclee, sustainable wall art",Size,12x18 in (30x45 cm),Frame Style,Solid Natural Oak Wood Frame,framed-poster_flat_wood_natural_12x18-in_200-gsm,52.0,TRUE
japanese-ukiyo-e-modern-mokuhanga-tranquil-koi-pond-water-ripple-no-6-8c0923,Japanese Ukiyo-e & Modern Mokuhanga - Tranquil koi pond water ripple No. 6,"<p>Transform your living space with Japanese Ukiyo-e & Modern Mokuhanga - Tranquil koi pond water ripple No. 6. Printed on museum-grade heavyweight matte paper and encased in premium solid wood frames.</p><p>Created to reflect the calming balance of Japanese Ukiyo-e & Modern Mokuhanga, combining Deep Cobalt, Eucalyptus Green, Dried Rose, Raw Linen, Matte Black tones to anchor modern interiors with refined elegance.</p>",Atelier & Canvas,Wall Art,"japanese ukiyo-e & modern mokuhanga wall art, framed canvas print, modern living room art, large statement art, neutral home decor, gallery wall art, bedroom wall decor, minimalist poster, terracotta art print, fine art giclee, sustainable wall art",Size,12x18 in (30x45 cm),Frame Style,Matte Black Solid Wood Frame,framed-poster_flat_wood_black_12x18-in_200-gsm,50.0,TRUE
japanese-ukiyo-e-modern-mokuhanga-tranquil-koi-pond-water-ripple-no-6-8c0923,Japanese Ukiyo-e & Modern Mokuhanga - Tranquil koi pond water ripple No. 6,"<p>Transform your living space with Japanese Ukiyo-e & Modern Mokuhanga - Tranquil koi pond water ripple No. 6. Printed on museum-grade heavyweight matte paper and encased in premium solid wood frames.</p><p>Created to reflect the calming balance of Japanese Ukiyo-e & Modern Mokuhanga, combining Deep Cobalt, Eucalyptus Green, Dried Rose, Raw Linen, Matte Black tones to anchor modern interiors with refined elegance.</p>",Atelier & Canvas,Wall Art,"japanese ukiyo-e & modern mokuhanga wall art, framed canvas print, modern living room art, large statement art, neutral home decor, gallery wall art, bedroom wall decor, minimalist poster, terracotta art print, fine art giclee, sustainable wall art",Size,12x18 in (30x45 cm),Frame Style,Museum-Grade Matte Fine Art Print (Unframed),poster_matte_12x18-in_250-gsm,26.0,TRUE
japanese-ukiyo-e-modern-mokuhanga-tranquil-koi-pond-water-ripple-no-6-8c0923,Japanese Ukiyo-e & Modern Mokuhanga - Tranquil koi pond water ripple No. 6,"<p>Transform your living space with Japanese Ukiyo-e & Modern Mokuhanga - Tranquil koi pond water ripple No. 6. Printed on museum-grade heavyweight matte paper and encased in premium solid wood frames.</p><p>Created to reflect the calming balance of Japanese Ukiyo-e & Modern Mokuhanga, combining Deep Cobalt, Eucalyptus Green, Dried Rose, Raw Linen, Matte Black tones to anchor modern interiors with refined elegance.</p>",Atelier & Canvas,Wall Art,"japanese ukiyo-e & modern mokuhanga wall art, framed canvas print, modern living room art, large statement art, neutral home decor, gallery wall art, bedroom wall decor, minimalist poster, terracotta art print, fine art giclee, sustainable wall art",Size,18x24 in (45x60 cm),Frame Style,Solid Natural Oak Wood Frame,framed-poster_flat_wood_natural_18x24-in_200-gsm,76.0,TRUE
japanese-ukiyo-e-modern-mokuhanga-tranquil-koi-pond-water-ripple-no-6-8c0923,Japanese Ukiyo-e & Modern Mokuhanga - Tranquil koi pond water ripple No. 6,"<p>Transform your living space with Japanese Ukiyo-e & Modern Mokuhanga - Tranquil koi pond water ripple No. 6. Printed on museum-grade heavyweight matte paper and encased in premium solid wood frames.</p><p>Created to reflect the calming balance of Japanese Ukiyo-e & Modern Mokuhanga, combining Deep Cobalt, Eucalyptus Green, Dried Rose, Raw Linen, Matte Black tones to anchor modern interiors with refined elegance.</p>",Atelier & Canvas,Wall Art,"japanese ukiyo-e & modern mokuhanga wall art, framed canvas print, modern living room art, large statement art, neutral home decor, gallery wall art, bedroom wall decor, minimalist poster, terracotta art print, fine art giclee, sustainable wall art",Size,18x24 in (45x60 cm),Frame Style,Matte Black Solid Wood Frame,framed-poster_flat_wood_black_18x24-in_200-gsm,73.0,TRUE
japanese-ukiyo-e-modern-mokuhanga-tranquil-koi-pond-water-ripple-no-6-8c0923,Japanese Ukiyo-e & Modern Mokuhanga - Tranquil koi pond water ripple No. 6,"<p>Transform your living space with Japanese Ukiyo-e & Modern Mokuhanga - Tranquil koi pond water ripple No. 6. Printed on museum-grade heavyweight matte paper and encased in premium solid wood frames.</p><p>Created to reflect the calming balance of Japanese Ukiyo-e & Modern Mokuhanga, combining Deep Cobalt, Eucalyptus Green, Dried Rose, Raw Linen, Matte Black tones to anchor modern interiors with refined elegance.</p>",Atelier & Canvas,Wall Art,"japanese ukiyo-e & modern mokuhanga wall art, framed canvas print, modern living room art, large statement art, neutral home decor, gallery wall art, bedroom wall decor, minimalist poster, terracotta art print, fine art giclee, sustainable wall art",Size,18x24 in (45x60 cm),Frame Style,Nordic White Wood Frame,framed-poster_flat_wood_white_18x24-in_200-gsm,73.0,TRUE
japanese-ukiyo-e-modern-mokuhanga-tranquil-koi-pond-water-ripple-no-6-8c0923,Japanese Ukiyo-e & Modern Mokuhanga - Tranquil koi pond water ripple No. 6,"<p>Transform your living space with Japanese Ukiyo-e & Modern Mokuhanga - Tranquil koi pond water ripple No. 6. Printed on museum-grade heavyweight matte paper and encased in premium solid wood frames.</p><p>Created to reflect the calming balance of Japanese Ukiyo-e & Modern Mokuhanga, combining Deep Cobalt, Eucalyptus Green, Dried Rose, Raw Linen, Matte Black tones to anchor modern interiors with refined elegance.</p>",Atelier & Canvas,Wall Art,"japanese ukiyo-e & modern mokuhanga wall art, framed canvas print, modern living room art, large statement art, neutral home decor, gallery wall art, bedroom wall decor, minimalist poster, terracotta art print, fine art giclee, sustainable wall art",Size,18x24 in (45x60 cm),Frame Style,Gallery Stretched Fine Art Canvas,canvas_slim_18x24-in_wood-frame,68.0,TRUE
japanese-ukiyo-e-modern-mokuhanga-tranquil-koi-pond-water-ripple-no-6-8c0923,Japanese Ukiyo-e & Modern Mokuhanga - Tranquil koi pond water ripple No. 6,"<p>Transform your living space with Japanese Ukiyo-e & Modern Mokuhanga - Tranquil koi pond water ripple No. 6. Printed on museum-grade heavyweight matte paper and encased in premium solid wood frames.</p><p>Created to reflect the calming balance of Japanese Ukiyo-e & Modern Mokuhanga, combining Deep Cobalt, Eucalyptus Green, Dried Rose, Raw Linen, Matte Black tones to anchor modern interiors with refined elegance.</p>",Atelier & Canvas,Wall Art,"japanese ukiyo-e & modern mokuhanga wall art, framed canvas print, modern living room art, large statement art, neutral home decor, gallery wall art, bedroom wall decor, minimalist poster, terracotta art print, fine art giclee, sustainable wall art",Size,18x24 in (45x60 cm),Frame Style,Museum-Grade Matte Fine Art Print (Unframed),poster_matte_18x24-in_250-gsm,33.0,TRUE
japanese-ukiyo-e-modern-mokuhanga-tranquil-koi-pond-water-ripple-no-6-8c0923,Japanese Ukiyo-e & Modern Mokuhanga - Tranquil koi pond water ripple No. 6,"<p>Transform your living space with Japanese Ukiyo-e & Modern Mokuhanga - Tranquil koi pond water ripple No. 6. Printed on museum-grade heavyweight matte paper and encased in premium solid wood frames.</p><p>Created to reflect the calming balance of Japanese Ukiyo-e & Modern Mokuhanga, combining Deep Cobalt, Eucalyptus Green, Dried Rose, Raw Linen, Matte Black tones to anchor modern interiors with refined elegance.</p>",Atelier & Canvas,Wall Art,"japanese ukiyo-e & modern mokuhanga wall art, framed canvas print, modern living room art, large statement art, neutral home decor, gallery wall art, bedroom wall decor, minimalist poster, terracotta art print, fine art giclee, sustainable wall art",Size,24x36 in (60x90 cm),Frame Style,Solid Natural Oak Wood Frame,framed-poster_flat_wood_natural_24x36-in_200-gsm,110.0,TRUE
japanese-ukiyo-e-modern-mokuhanga-tranquil-koi-pond-water-ripple-no-6-8c0923,Japanese Ukiyo-e & Modern Mokuhanga - Tranquil koi pond water ripple No. 6,"<p>Transform your living space with Japanese Ukiyo-e & Modern Mokuhanga - Tranquil koi pond water ripple No. 6. Printed on museum-grade heavyweight matte paper and encased in premium solid wood frames.</p><p>Created to reflect the calming balance of Japanese Ukiyo-e & Modern Mokuhanga, combining Deep Cobalt, Eucalyptus Green, Dried Rose, Raw Linen, Matte Black tones to anchor modern interiors with refined elegance.</p>",Atelier & Canvas,Wall Art,"japanese ukiyo-e & modern mokuhanga wall art, framed canvas print, modern living room art, large statement art, neutral home decor, gallery wall art, bedroom wall decor, minimalist poster, terracotta art print, fine art giclee, sustainable wall art",Size,24x36 in (60x90 cm),Frame Style,Matte Black Solid Wood Frame,framed-poster_flat_wood_black_24x36-in_200-gsm,105.0,TRUE
japanese-ukiyo-e-modern-mokuhanga-tranquil-koi-pond-water-ripple-no-6-8c0923,Japanese Ukiyo-e & Modern Mokuhanga - Tranquil koi pond water ripple No. 6,"<p>Transform your living space with Japanese Ukiyo-e & Modern Mokuhanga - Tranquil koi pond water ripple No. 6. Printed on museum-grade heavyweight matte paper and encased in premium solid wood frames.</p><p>Created to reflect the calming balance of Japanese Ukiyo-e & Modern Mokuhanga, combining Deep Cobalt, Eucalyptus Green, Dried Rose, Raw Linen, Matte Black tones to anchor modern interiors with refined elegance.</p>",Atelier & Canvas,Wall Art,"japanese ukiyo-e & modern mokuhanga wall art, framed canvas print, modern living room art, large statement art, neutral home decor, gallery wall art, bedroom wall decor, minimalist poster, terracotta art print, fine art giclee, sustainable wall art",Size,24x36 in (60x90 cm),Frame Style,Nordic White Wood Frame,framed-poster_flat_wood_white_24x36-in_200-gsm,105.0,TRUE
japanese-ukiyo-e-modern-mokuhanga-tranquil-koi-pond-water-ripple-no-6-8c0923,Japanese Ukiyo-e & Modern Mokuhanga - Tranquil koi pond water ripple No. 6,"<p>Transform your living space with Japanese Ukiyo-e & Modern Mokuhanga - Tranquil koi pond water ripple No. 6. Printed on museum-grade heavyweight matte paper and encased in premium solid wood frames.</p><p>Created to reflect the calming balance of Japanese Ukiyo-e & Modern Mokuhanga, combining Deep Cobalt, Eucalyptus Green, Dried Rose, Raw Linen, Matte Black tones to anchor modern interiors with refined elegance.</p>",Atelier & Canvas,Wall Art,"japanese ukiyo-e & modern mokuhanga wall art, framed canvas print, modern living room art, large statement art, neutral home decor, gallery wall art, bedroom wall decor, minimalist poster, terracotta art print, fine art giclee, sustainable wall art",Size,24x36 in (60x90 cm),Frame Style,Gallery Stretched Fine Art Canvas,canvas_slim_24x36-in_wood-frame,98.0,TRUE
japanese-ukiyo-e-modern-mokuhanga-tranquil-koi-pond-water-ripple-no-6-8c0923,Japanese Ukiyo-e & Modern Mokuhanga - Tranquil koi pond water ripple No. 6,"<p>Transform your living space with Japanese Ukiyo-e & Modern Mokuhanga - Tranquil koi pond water ripple No. 6. Printed on museum-grade heavyweight matte paper and encased in premium solid wood frames.</p><p>Created to reflect the calming balance of Japanese Ukiyo-e & Modern Mokuhanga, combining Deep Cobalt, Eucalyptus Green, Dried Rose, Raw Linen, Matte Black tones to anchor modern interiors with refined elegance.</p>",Atelier & Canvas,Wall Art,"japanese ukiyo-e & modern mokuhanga wall art, framed canvas print, modern living room art, large statement art, neutral home decor, gallery wall art, bedroom wall decor, minimalist poster, terracotta art print, fine art giclee, sustainable wall art",Size,24x36 in (60x90 cm),Frame Style,Museum-Grade Matte Fine Art Print (Unframed),poster_matte_24x36-in_250-gsm,46.0,TRUE
japanese-ukiyo-e-modern-mokuhanga-tranquil-koi-pond-water-ripple-no-6-8c0923,Japanese Ukiyo-e & Modern Mokuhanga - Tranquil koi pond water ripple No. 6,"<p>Transform your living space with Japanese Ukiyo-e & Modern Mokuhanga - Tranquil koi pond water ripple No. 6. Printed on museum-grade heavyweight matte paper and encased in premium solid wood frames.</p><p>Created to reflect the calming balance of Japanese Ukiyo-e & Modern Mokuhanga, combining Deep Cobalt, Eucalyptus Green, Dried Rose, Raw Linen, Matte Black tones to anchor modern interiors with refined elegance.</p>",Atelier & Canvas,Wall Art,"japanese ukiyo-e & modern mokuhanga wall art, framed canvas print, modern living room art, large statement art, neutral home decor, gallery wall art, bedroom wall decor, minimalist poster, terracotta art print, fine art giclee, sustainable wall art",Size,30x40 in (75x100 cm),Frame Style,Solid Natural Oak Wood Frame,framed-poster_flat_wood_natural_30x40-in_200-gsm,148.0,TRUE
japanese-ukiyo-e-modern-mokuhanga-tranquil-koi-pond-water-ripple-no-6-8c0923,Japanese Ukiyo-e & Modern Mokuhanga - Tranquil koi pond water ripple No. 6,"<p>Transform your living space with Japanese Ukiyo-e & Modern Mokuhanga - Tranquil koi pond water ripple No. 6. Printed on museum-grade heavyweight matte paper and encased in premium solid wood frames.</p><p>Created to reflect the calming balance of Japanese Ukiyo-e & Modern Mokuhanga, combining Deep Cobalt, Eucalyptus Green, Dried Rose, Raw Linen, Matte Black tones to anchor modern interiors with refined elegance.</p>",Atelier & Canvas,Wall Art,"japanese ukiyo-e & modern mokuhanga wall art, framed canvas print, modern living room art, large statement art, neutral home decor, gallery wall art, bedroom wall decor, minimalist poster, terracotta art print, fine art giclee, sustainable wall art",Size,30x40 in (75x100 cm),Frame Style,Matte Black Solid Wood Frame,framed-poster_flat_wood_black_30x40-in_200-gsm,143.0,TRUE
japanese-ukiyo-e-modern-mokuhanga-tranquil-koi-pond-water-ripple-no-6-8c0923,Japanese Ukiyo-e & Modern Mokuhanga - Tranquil koi pond water ripple No. 6,"<p>Transform your living space with Japanese Ukiyo-e & Modern Mokuhanga - Tranquil koi pond water ripple No. 6. Printed on museum-grade heavyweight matte paper and encased in premium solid wood frames.</p><p>Created to reflect the calming balance of Japanese Ukiyo-e & Modern Mokuhanga, combining Deep Cobalt, Eucalyptus Green, Dried Rose, Raw Linen, Matte Black tones to anchor modern interiors with refined elegance.</p>",Atelier & Canvas,Wall Art,"japanese ukiyo-e & modern mokuhanga wall art, framed canvas print, modern living room art, large statement art, neutral home decor, gallery wall art, bedroom wall decor, minimalist poster, terracotta art print, fine art giclee, sustainable wall art",Size,30x40 in (75x100 cm),Frame Style,Gallery Stretched Fine Art Canvas,canvas_slim_30x40-in_wood-frame,137.0,TRUE
japanese-ukiyo-e-modern-mokuhanga-tranquil-koi-pond-water-ripple-no-6-8c0923,Japanese Ukiyo-e & Modern Mokuhanga - Tranquil koi pond water ripple No. 6,"<p>Transform your living space with Japanese Ukiyo-e & Modern Mokuhanga - Tranquil koi pond water ripple No. 6. Printed on museum-grade heavyweight matte paper and encased in premium solid wood frames.</p><p>Created to reflect the calming balance of Japanese Ukiyo-e & Modern Mokuhanga, combining Deep Cobalt, Eucalyptus Green, Dried Rose, Raw Linen, Matte Black tones to anchor modern interiors with refined elegance.</p>",Atelier & Canvas,Wall Art,"japanese ukiyo-e & modern mokuhanga wall art, framed canvas print, modern living room art, large statement art, neutral home decor, gallery wall art, bedroom wall decor, minimalist poster, terracotta art print, fine art giclee, sustainable wall art",Size,30x40 in (75x100 cm),Frame Style,Museum-Grade Matte Fine Art Print (Unframed),poster_matte_30x40-in_250-gsm,59.0,TRUE
vintage-french-riviera-mid-century-travel-sunbathers-under-parasols-no-7-8e7251,Vintage French Riviera & Mid-Century Travel - Sunbathers under parasols No. 7,"<p>Transform your living space with Vintage French Riviera & Mid-Century Travel - Sunbathers under parasols No. 7. Printed on museum-grade heavyweight matte paper and encased in premium solid wood frames.</p><p>Created to reflect the calming balance of Vintage French Riviera & Mid-Century Travel, combining Amalfi Ultramarine, Sunlit Limewash, Warm Ochre, Terracotta Clay, Charcoal Slate tones to anchor modern interiors with refined elegance.</p>",Atelier & Canvas,Wall Art,"vintage french riviera & mid-century travel wall art, framed canvas print, modern living room art, large statement art, neutral home decor, gallery wall art, bedroom wall decor, minimalist poster, terracotta art print, fine art giclee, sustainable wall art",Size,12x18 in (30x45 cm),Frame Style,Solid Natural Oak Wood Frame,framed-poster_flat_wood_natural_12x18-in_200-gsm,52.0,TRUE
vintage-french-riviera-mid-century-travel-sunbathers-under-parasols-no-7-8e7251,Vintage French Riviera & Mid-Century Travel - Sunbathers under parasols No. 7,"<p>Transform your living space with Vintage French Riviera & Mid-Century Travel - Sunbathers under parasols No. 7. Printed on museum-grade heavyweight matte paper and encased in premium solid wood frames.</p><p>Created to reflect the calming balance of Vintage French Riviera & Mid-Century Travel, combining Amalfi Ultramarine, Sunlit Limewash, Warm Ochre, Terracotta Clay, Charcoal Slate tones to anchor modern interiors with refined elegance.</p>",Atelier & Canvas,Wall Art,"vintage french riviera & mid-century travel wall art, framed canvas print, modern living room art, large statement art, neutral home decor, gallery wall art, bedroom wall decor, minimalist poster, terracotta art print, fine art giclee, sustainable wall art",Size,12x18 in (30x45 cm),Frame Style,Matte Black Solid Wood Frame,framed-poster_flat_wood_black_12x18-in_200-gsm,50.0,TRUE
vintage-french-riviera-mid-century-travel-sunbathers-under-parasols-no-7-8e7251,Vintage French Riviera & Mid-Century Travel - Sunbathers under parasols No. 7,"<p>Transform your living space with Vintage French Riviera & Mid-Century Travel - Sunbathers under parasols No. 7. Printed on museum-grade heavyweight matte paper and encased in premium solid wood frames.</p><p>Created to reflect the calming balance of Vintage French Riviera & Mid-Century Travel, combining Amalfi Ultramarine, Sunlit Limewash, Warm Ochre, Terracotta Clay, Charcoal Slate tones to anchor modern interiors with refined elegance.</p>",Atelier & Canvas,Wall Art,"vintage french riviera & mid-century travel wall art, framed canvas print, modern living room art, large statement art, neutral home decor, gallery wall art, bedroom wall decor, minimalist poster, terracotta art print, fine art giclee, sustainable wall art",Size,12x18 in (30x45 cm),Frame Style,Museum-Grade Matte Fine Art Print (Unframed),poster_matte_12x18-in_250-gsm,26.0,TRUE
vintage-french-riviera-mid-century-travel-sunbathers-under-parasols-no-7-8e7251,Vintage French Riviera & Mid-Century Travel - Sunbathers under parasols No. 7,"<p>Transform your living space with Vintage French Riviera & Mid-Century Travel - Sunbathers under parasols No. 7. Printed on museum-grade heavyweight matte paper and encased in premium solid wood frames.</p><p>Created to reflect the calming balance of Vintage French Riviera & Mid-Century Travel, combining Amalfi Ultramarine, Sunlit Limewash, Warm Ochre, Terracotta Clay, Charcoal Slate tones to anchor modern interiors with refined elegance.</p>",Atelier & Canvas,Wall Art,"vintage french riviera & mid-century travel wall art, framed canvas print, modern living room art, large statement art, neutral home decor, gallery wall art, bedroom wall decor, minimalist poster, terracotta art print, fine art giclee, sustainable wall art",Size,18x24 in (45x60 cm),Frame Style,Solid Natural Oak Wood Frame,framed-poster_flat_wood_natural_18x24-in_200-gsm,76.0,TRUE
vintage-french-riviera-mid-century-travel-sunbathers-under-parasols-no-7-8e7251,Vintage French Riviera & Mid-Century Travel - Sunbathers under parasols No. 7,"<p>Transform your living space with Vintage French Riviera & Mid-Century Travel - Sunbathers under parasols No. 7. Printed on museum-grade heavyweight matte paper and encased in premium solid wood frames.</p><p>Created to reflect the calming balance of Vintage French Riviera & Mid-Century Travel, combining Amalfi Ultramarine, Sunlit Limewash, Warm Ochre, Terracotta Clay, Charcoal Slate tones to anchor modern interiors with refined elegance.</p>",Atelier & Canvas,Wall Art,"vintage french riviera & mid-century travel wall art, framed canvas print, modern living room art, large statement art, neutral home decor, gallery wall art, bedroom wall decor, minimalist poster, terracotta art print, fine art giclee, sustainable wall art",Size,18x24 in (45x60 cm),Frame Style,Matte Black Solid Wood Frame,framed-poster_flat_wood_black_18x24-in_200-gsm,73.0,TRUE
vintage-french-riviera-mid-century-travel-sunbathers-under-parasols-no-7-8e7251,Vintage French Riviera & Mid-Century Travel - Sunbathers under parasols No. 7,"<p>Transform your living space with Vintage French Riviera & Mid-Century Travel - Sunbathers under parasols No. 7. Printed on museum-grade heavyweight matte paper and encased in premium solid wood frames.</p><p>Created to reflect the calming balance of Vintage French Riviera & Mid-Century Travel, combining Amalfi Ultramarine, Sunlit Limewash, Warm Ochre, Terracotta Clay, Charcoal Slate tones to anchor modern interiors with refined elegance.</p>",Atelier & Canvas,Wall Art,"vintage french riviera & mid-century travel wall art, framed canvas print, modern living room art, large statement art, neutral home decor, gallery wall art, bedroom wall decor, minimalist poster, terracotta art print, fine art giclee, sustainable wall art",Size,18x24 in (45x60 cm),Frame Style,Nordic White Wood Frame,framed-poster_flat_wood_white_18x24-in_200-gsm,73.0,TRUE
vintage-french-riviera-mid-century-travel-sunbathers-under-parasols-no-7-8e7251,Vintage French Riviera & Mid-Century Travel - Sunbathers under parasols No. 7,"<p>Transform your living space with Vintage French Riviera & Mid-Century Travel - Sunbathers under parasols No. 7. Printed on museum-grade heavyweight matte paper and encased in premium solid wood frames.</p><p>Created to reflect the calming balance of Vintage French Riviera & Mid-Century Travel, combining Amalfi Ultramarine, Sunlit Limewash, Warm Ochre, Terracotta Clay, Charcoal Slate tones to anchor modern interiors with refined elegance.</p>",Atelier & Canvas,Wall Art,"vintage french riviera & mid-century travel wall art, framed canvas print, modern living room art, large statement art, neutral home decor, gallery wall art, bedroom wall decor, minimalist poster, terracotta art print, fine art giclee, sustainable wall art",Size,18x24 in (45x60 cm),Frame Style,Gallery Stretched Fine Art Canvas,canvas_slim_18x24-in_wood-frame,68.0,TRUE
vintage-french-riviera-mid-century-travel-sunbathers-under-parasols-no-7-8e7251,Vintage French Riviera & Mid-Century Travel - Sunbathers under parasols No. 7,"<p>Transform your living space with Vintage French Riviera & Mid-Century Travel - Sunbathers under parasols No. 7. Printed on museum-grade heavyweight matte paper and encased in premium solid wood frames.</p><p>Created to reflect the calming balance of Vintage French Riviera & Mid-Century Travel, combining Amalfi Ultramarine, Sunlit Limewash, Warm Ochre, Terracotta Clay, Charcoal Slate tones to anchor modern interiors with refined elegance.</p>",Atelier & Canvas,Wall Art,"vintage french riviera & mid-century travel wall art, framed canvas print, modern living room art, large statement art, neutral home decor, gallery wall art, bedroom wall decor, minimalist poster, terracotta art print, fine art giclee, sustainable wall art",Size,18x24 in (45x60 cm),Frame Style,Museum-Grade Matte Fine Art Print (Unframed),poster_matte_18x24-in_250-gsm,33.0,TRUE
vintage-french-riviera-mid-century-travel-sunbathers-under-parasols-no-7-8e7251,Vintage French Riviera & Mid-Century Travel - Sunbathers under parasols No. 7,"<p>Transform your living space with Vintage French Riviera & Mid-Century Travel - Sunbathers under parasols No. 7. Printed on museum-grade heavyweight matte paper and encased in premium solid wood frames.</p><p>Created to reflect the calming balance of Vintage French Riviera & Mid-Century Travel, combining Amalfi Ultramarine, Sunlit Limewash, Warm Ochre, Terracotta Clay, Charcoal Slate tones to anchor modern interiors with refined elegance.</p>",Atelier & Canvas,Wall Art,"vintage french riviera & mid-century travel wall art, framed canvas print, modern living room art, large statement art, neutral home decor, gallery wall art, bedroom wall decor, minimalist poster, terracotta art print, fine art giclee, sustainable wall art",Size,24x36 in (60x90 cm),Frame Style,Solid Natural Oak Wood Frame,framed-poster_flat_wood_natural_24x36-in_200-gsm,110.0,TRUE
vintage-french-riviera-mid-century-travel-sunbathers-under-parasols-no-7-8e7251,Vintage French Riviera & Mid-Century Travel - Sunbathers under parasols No. 7,"<p>Transform your living space with Vintage French Riviera & Mid-Century Travel - Sunbathers under parasols No. 7. Printed on museum-grade heavyweight matte paper and encased in premium solid wood frames.</p><p>Created to reflect the calming balance of Vintage French Riviera & Mid-Century Travel, combining Amalfi Ultramarine, Sunlit Limewash, Warm Ochre, Terracotta Clay, Charcoal Slate tones to anchor modern interiors with refined elegance.</p>",Atelier & Canvas,Wall Art,"vintage french riviera & mid-century travel wall art, framed canvas print, modern living room art, large statement art, neutral home decor, gallery wall art, bedroom wall decor, minimalist poster, terracotta art print, fine art giclee, sustainable wall art",Size,24x36 in (60x90 cm),Frame Style,Matte Black Solid Wood Frame,framed-poster_flat_wood_black_24x36-in_200-gsm,105.0,TRUE
vintage-french-riviera-mid-century-travel-sunbathers-under-parasols-no-7-8e7251,Vintage French Riviera & Mid-Century Travel - Sunbathers under parasols No. 7,"<p>Transform your living space with Vintage French Riviera & Mid-Century Travel - Sunbathers under parasols No. 7. Printed on museum-grade heavyweight matte paper and encased in premium solid wood frames.</p><p>Created to reflect the calming balance of Vintage French Riviera & Mid-Century Travel, combining Amalfi Ultramarine, Sunlit Limewash, Warm Ochre, Terracotta Clay, Charcoal Slate tones to anchor modern interiors with refined elegance.</p>",Atelier & Canvas,Wall Art,"vintage french riviera & mid-century travel wall art, framed canvas print, modern living room art, large statement art, neutral home decor, gallery wall art, bedroom wall decor, minimalist poster, terracotta art print, fine art giclee, sustainable wall art",Size,24x36 in (60x90 cm),Frame Style,Nordic White Wood Frame,framed-poster_flat_wood_white_24x36-in_200-gsm,105.0,TRUE
vintage-french-riviera-mid-century-travel-sunbathers-under-parasols-no-7-8e7251,Vintage French Riviera & Mid-Century Travel - Sunbathers under parasols No. 7,"<p>Transform your living space with Vintage French Riviera & Mid-Century Travel - Sunbathers under parasols No. 7. Printed on museum-grade heavyweight matte paper and encased in premium solid wood frames.</p><p>Created to reflect the calming balance of Vintage French Riviera & Mid-Century Travel, combining Amalfi Ultramarine, Sunlit Limewash, Warm Ochre, Terracotta Clay, Charcoal Slate tones to anchor modern interiors with refined elegance.</p>",Atelier & Canvas,Wall Art,"vintage french riviera & mid-century travel wall art, framed canvas print, modern living room art, large statement art, neutral home decor, gallery wall art, bedroom wall decor, minimalist poster, terracotta art print, fine art giclee, sustainable wall art",Size,24x36 in (60x90 cm),Frame Style,Gallery Stretched Fine Art Canvas,canvas_slim_24x36-in_wood-frame,98.0,TRUE
vintage-french-riviera-mid-century-travel-sunbathers-under-parasols-no-7-8e7251,Vintage French Riviera & Mid-Century Travel - Sunbathers under parasols No. 7,"<p>Transform your living space with Vintage French Riviera & Mid-Century Travel - Sunbathers under parasols No. 7. Printed on museum-grade heavyweight matte paper and encased in premium solid wood frames.</p><p>Created to reflect the calming balance of Vintage French Riviera & Mid-Century Travel, combining Amalfi Ultramarine, Sunlit Limewash, Warm Ochre, Terracotta Clay, Charcoal Slate tones to anchor modern interiors with refined elegance.</p>",Atelier & Canvas,Wall Art,"vintage french riviera & mid-century travel wall art, framed canvas print, modern living room art, large statement art, neutral home decor, gallery wall art, bedroom wall decor, minimalist poster, terracotta art print, fine art giclee, sustainable wall art",Size,24x36 in (60x90 cm),Frame Style,Museum-Grade Matte Fine Art Print (Unframed),poster_matte_24x36-in_250-gsm,46.0,TRUE
vintage-french-riviera-mid-century-travel-sunbathers-under-parasols-no-7-8e7251,Vintage French Riviera & Mid-Century Travel - Sunbathers under parasols No. 7,"<p>Transform your living space with Vintage French Riviera & Mid-Century Travel - Sunbathers under parasols No. 7. Printed on museum-grade heavyweight matte paper and encased in premium solid wood frames.</p><p>Created to reflect the calming balance of Vintage French Riviera & Mid-Century Travel, combining Amalfi Ultramarine, Sunlit Limewash, Warm Ochre, Terracotta Clay, Charcoal Slate tones to anchor modern interiors with refined elegance.</p>",Atelier & Canvas,Wall Art,"vintage french riviera & mid-century travel wall art, framed canvas print, modern living room art, large statement art, neutral home decor, gallery wall art, bedroom wall decor, minimalist poster, terracotta art print, fine art giclee, sustainable wall art",Size,30x40 in (75x100 cm),Frame Style,Solid Natural Oak Wood Frame,framed-poster_flat_wood_natural_30x40-in_200-gsm,148.0,TRUE
vintage-french-riviera-mid-century-travel-sunbathers-under-parasols-no-7-8e7251,Vintage French Riviera & Mid-Century Travel - Sunbathers under parasols No. 7,"<p>Transform your living space with Vintage French Riviera & Mid-Century Travel - Sunbathers under parasols No. 7. Printed on museum-grade heavyweight matte paper and encased in premium solid wood frames.</p><p>Created to reflect the calming balance of Vintage French Riviera & Mid-Century Travel, combining Amalfi Ultramarine, Sunlit Limewash, Warm Ochre, Terracotta Clay, Charcoal Slate tones to anchor modern interiors with refined elegance.</p>",Atelier & Canvas,Wall Art,"vintage french riviera & mid-century travel wall art, framed canvas print, modern living room art, large statement art, neutral home decor, gallery wall art, bedroom wall decor, minimalist poster, terracotta art print, fine art giclee, sustainable wall art",Size,30x40 in (75x100 cm),Frame Style,Matte Black Solid Wood Frame,framed-poster_flat_wood_black_30x40-in_200-gsm,143.0,TRUE
vintage-french-riviera-mid-century-travel-sunbathers-under-parasols-no-7-8e7251,Vintage French Riviera & Mid-Century Travel - Sunbathers under parasols No. 7,"<p>Transform your living space with Vintage French Riviera & Mid-Century Travel - Sunbathers under parasols No. 7. Printed on museum-grade heavyweight matte paper and encased in premium solid wood frames.</p><p>Created to reflect the calming balance of Vintage French Riviera & Mid-Century Travel, combining Amalfi Ultramarine, Sunlit Limewash, Warm Ochre, Terracotta Clay, Charcoal Slate tones to anchor modern interiors with refined elegance.</p>",Atelier & Canvas,Wall Art,"vintage french riviera & mid-century travel wall art, framed canvas print, modern living room art, large statement art, neutral home decor, gallery wall art, bedroom wall decor, minimalist poster, terracotta art print, fine art giclee, sustainable wall art",Size,30x40 in (75x100 cm),Frame Style,Gallery Stretched Fine Art Canvas,canvas_slim_30x40-in_wood-frame,137.0,TRUE
vintage-french-riviera-mid-century-travel-sunbathers-under-parasols-no-7-8e7251,Vintage French Riviera & Mid-Century Travel - Sunbathers under parasols No. 7,"<p>Transform your living space with Vintage French Riviera & Mid-Century Travel - Sunbathers under parasols No. 7. Printed on museum-grade heavyweight matte paper and encased in premium solid wood frames.</p><p>Created to reflect the calming balance of Vintage French Riviera & Mid-Century Travel, combining Amalfi Ultramarine, Sunlit Limewash, Warm Ochre, Terracotta Clay, Charcoal Slate tones to anchor modern interiors with refined elegance.</p>",Atelier & Canvas,Wall Art,"vintage french riviera & mid-century travel wall art, framed canvas print, modern living room art, large statement art, neutral home decor, gallery wall art, bedroom wall decor, minimalist poster, terracotta art print, fine art giclee, sustainable wall art",Size,30x40 in (75x100 cm),Frame Style,Museum-Grade Matte Fine Art Print (Unframed),poster_matte_30x40-in_250-gsm,59.0,TRUE
dark-academia-textured-renaissance-moody-architectural-ruin-no-10-ad6301,Dark Academia & Textured Renaissance - Moody architectural ruin No. 10,"<p>Transform your living space with Dark Academia & Textured Renaissance - Moody architectural ruin No. 10. Printed on museum-grade heavyweight matte paper and encased in premium solid wood frames.</p><p>Created to reflect the calming balance of Dark Academia & Textured Renaissance, combining Deep Obsidian, Burnished Gold, Burgundy Wine, Espresso Umber, Smoky Indigo tones to anchor modern interiors with refined elegance.</p>",Atelier & Canvas,Wall Art,"dark academia & textured renaissance wall art, framed canvas print, modern living room art, large statement art, neutral home decor, gallery wall art, bedroom wall decor, minimalist poster, terracotta art print, fine art giclee, sustainable wall art",Size,12x18 in (30x45 cm),Frame Style,Solid Natural Oak Wood Frame,framed-poster_flat_wood_natural_12x18-in_200-gsm,52.0,TRUE
dark-academia-textured-renaissance-moody-architectural-ruin-no-10-ad6301,Dark Academia & Textured Renaissance - Moody architectural ruin No. 10,"<p>Transform your living space with Dark Academia & Textured Renaissance - Moody architectural ruin No. 10. Printed on museum-grade heavyweight matte paper and encased in premium solid wood frames.</p><p>Created to reflect the calming balance of Dark Academia & Textured Renaissance, combining Deep Obsidian, Burnished Gold, Burgundy Wine, Espresso Umber, Smoky Indigo tones to anchor modern interiors with refined elegance.</p>",Atelier & Canvas,Wall Art,"dark academia & textured renaissance wall art, framed canvas print, modern living room art, large statement art, neutral home decor, gallery wall art, bedroom wall decor, minimalist poster, terracotta art print, fine art giclee, sustainable wall art",Size,12x18 in (30x45 cm),Frame Style,Matte Black Solid Wood Frame,framed-poster_flat_wood_black_12x18-in_200-gsm,50.0,TRUE
dark-academia-textured-renaissance-moody-architectural-ruin-no-10-ad6301,Dark Academia & Textured Renaissance - Moody architectural ruin No. 10,"<p>Transform your living space with Dark Academia & Textured Renaissance - Moody architectural ruin No. 10. Printed on museum-grade heavyweight matte paper and encased in premium solid wood frames.</p><p>Created to reflect the calming balance of Dark Academia & Textured Renaissance, combining Deep Obsidian, Burnished Gold, Burgundy Wine, Espresso Umber, Smoky Indigo tones to anchor modern interiors with refined elegance.</p>",Atelier & Canvas,Wall Art,"dark academia & textured renaissance wall art, framed canvas print, modern living room art, large statement art, neutral home decor, gallery wall art, bedroom wall decor, minimalist poster, terracotta art print, fine art giclee, sustainable wall art",Size,12x18 in (30x45 cm),Frame Style,Museum-Grade Matte Fine Art Print (Unframed),poster_matte_12x18-in_250-gsm,26.0,TRUE
dark-academia-textured-renaissance-moody-architectural-ruin-no-10-ad6301,Dark Academia & Textured Renaissance - Moody architectural ruin No. 10,"<p>Transform your living space with Dark Academia & Textured Renaissance - Moody architectural ruin No. 10. Printed on museum-grade heavyweight matte paper and encased in premium solid wood frames.</p><p>Created to reflect the calming balance of Dark Academia & Textured Renaissance, combining Deep Obsidian, Burnished Gold, Burgundy Wine, Espresso Umber, Smoky Indigo tones to anchor modern interiors with refined elegance.</p>",Atelier & Canvas,Wall Art,"dark academia & textured renaissance wall art, framed canvas print, modern living room art, large statement art, neutral home decor, gallery wall art, bedroom wall decor, minimalist poster, terracotta art print, fine art giclee, sustainable wall art",Size,18x24 in (45x60 cm),Frame Style,Solid Natural Oak Wood Frame,framed-poster_flat_wood_natural_18x24-in_200-gsm,76.0,TRUE
dark-academia-textured-renaissance-moody-architectural-ruin-no-10-ad6301,Dark Academia & Textured Renaissance - Moody architectural ruin No. 10,"<p>Transform your living space with Dark Academia & Textured Renaissance - Moody architectural ruin No. 10. Printed on museum-grade heavyweight matte paper and encased in premium solid wood frames.</p><p>Created to reflect the calming balance of Dark Academia & Textured Renaissance, combining Deep Obsidian, Burnished Gold, Burgundy Wine, Espresso Umber, Smoky Indigo tones to anchor modern interiors with refined elegance.</p>",Atelier & Canvas,Wall Art,"dark academia & textured renaissance wall art, framed canvas print, modern living room art, large statement art, neutral home decor, gallery wall art, bedroom wall decor, minimalist poster, terracotta art print, fine art giclee, sustainable wall art",Size,18x24 in (45x60 cm),Frame Style,Matte Black Solid Wood Frame,framed-poster_flat_wood_black_18x24-in_200-gsm,73.0,TRUE
dark-academia-textured-renaissance-moody-architectural-ruin-no-10-ad6301,Dark Academia & Textured Renaissance - Moody architectural ruin No. 10,"<p>Transform your living space with Dark Academia & Textured Renaissance - Moody architectural ruin No. 10. Printed on museum-grade heavyweight matte paper and encased in premium solid wood frames.</p><p>Created to reflect the calming balance of Dark Academia & Textured Renaissance, combining Deep Obsidian, Burnished Gold, Burgundy Wine, Espresso Umber, Smoky Indigo tones to anchor modern interiors with refined elegance.</p>",Atelier & Canvas,Wall Art,"dark academia & textured renaissance wall art, framed canvas print, modern living room art, large statement art, neutral home decor, gallery wall art, bedroom wall decor, minimalist poster, terracotta art print, fine art giclee, sustainable wall art",Size,18x24 in (45x60 cm),Frame Style,Nordic White Wood Frame,framed-poster_flat_wood_white_18x24-in_200-gsm,73.0,TRUE
dark-academia-textured-renaissance-moody-architectural-ruin-no-10-ad6301,Dark Academia & Textured Renaissance - Moody architectural ruin No. 10,"<p>Transform your living space with Dark Academia & Textured Renaissance - Moody architectural ruin No. 10. Printed on museum-grade heavyweight matte paper and encased in premium solid wood frames.</p><p>Created to reflect the calming balance of Dark Academia & Textured Renaissance, combining Deep Obsidian, Burnished Gold, Burgundy Wine, Espresso Umber, Smoky Indigo tones to anchor modern interiors with refined elegance.</p>",Atelier & Canvas,Wall Art,"dark academia & textured renaissance wall art, framed canvas print, modern living room art, large statement art, neutral home decor, gallery wall art, bedroom wall decor, minimalist poster, terracotta art print, fine art giclee, sustainable wall art",Size,18x24 in (45x60 cm),Frame Style,Gallery Stretched Fine Art Canvas,canvas_slim_18x24-in_wood-frame,68.0,TRUE
dark-academia-textured-renaissance-moody-architectural-ruin-no-10-ad6301,Dark Academia & Textured Renaissance - Moody architectural ruin No. 10,"<p>Transform your living space with Dark Academia & Textured Renaissance - Moody architectural ruin No. 10. Printed on museum-grade heavyweight matte paper and encased in premium solid wood frames.</p><p>Created to reflect the calming balance of Dark Academia & Textured Renaissance, combining Deep Obsidian, Burnished Gold, Burgundy Wine, Espresso Umber, Smoky Indigo tones to anchor modern interiors with refined elegance.</p>",Atelier & Canvas,Wall Art,"dark academia & textured renaissance wall art, framed canvas print, modern living room art, large statement art, neutral home decor, gallery wall art, bedroom wall decor, minimalist poster, terracotta art print, fine art giclee, sustainable wall art",Size,18x24 in (45x60 cm),Frame Style,Museum-Grade Matte Fine Art Print (Unframed),poster_matte_18x24-in_250-gsm,33.0,TRUE
dark-academia-textured-renaissance-moody-architectural-ruin-no-10-ad6301,Dark Academia & Textured Renaissance - Moody architectural ruin No. 10,"<p>Transform your living space with Dark Academia & Textured Renaissance - Moody architectural ruin No. 10. Printed on museum-grade heavyweight matte paper and encased in premium solid wood frames.</p><p>Created to reflect the calming balance of Dark Academia & Textured Renaissance, combining Deep Obsidian, Burnished Gold, Burgundy Wine, Espresso Umber, Smoky Indigo tones to anchor modern interiors with refined elegance.</p>",Atelier & Canvas,Wall Art,"dark academia & textured renaissance wall art, framed canvas print, modern living room art, large statement art, neutral home decor, gallery wall art, bedroom wall decor, minimalist poster, terracotta art print, fine art giclee, sustainable wall art",Size,24x36 in (60x90 cm),Frame Style,Solid Natural Oak Wood Frame,framed-poster_flat_wood_natural_24x36-in_200-gsm,110.0,TRUE
dark-academia-textured-renaissance-moody-architectural-ruin-no-10-ad6301,Dark Academia & Textured Renaissance - Moody architectural ruin No. 10,"<p>Transform your living space with Dark Academia & Textured Renaissance - Moody architectural ruin No. 10. Printed on museum-grade heavyweight matte paper and encased in premium solid wood frames.</p><p>Created to reflect the calming balance of Dark Academia & Textured Renaissance, combining Deep Obsidian, Burnished Gold, Burgundy Wine, Espresso Umber, Smoky Indigo tones to anchor modern interiors with refined elegance.</p>",Atelier & Canvas,Wall Art,"dark academia & textured renaissance wall art, framed canvas print, modern living room art, large statement art, neutral home decor, gallery wall art, bedroom wall decor, minimalist poster, terracotta art print, fine art giclee, sustainable wall art",Size,24x36 in (60x90 cm),Frame Style,Matte Black Solid Wood Frame,framed-poster_flat_wood_black_24x36-in_200-gsm,105.0,TRUE
dark-academia-textured-renaissance-moody-architectural-ruin-no-10-ad6301,Dark Academia & Textured Renaissance - Moody architectural ruin No. 10,"<p>Transform your living space with Dark Academia & Textured Renaissance - Moody architectural ruin No. 10. Printed on museum-grade heavyweight matte paper and encased in premium solid wood frames.</p><p>Created to reflect the calming balance of Dark Academia & Textured Renaissance, combining Deep Obsidian, Burnished Gold, Burgundy Wine, Espresso Umber, Smoky Indigo tones to anchor modern interiors with refined elegance.</p>",Atelier & Canvas,Wall Art,"dark academia & textured renaissance wall art, framed canvas print, modern living room art, large statement art, neutral home decor, gallery wall art, bedroom wall decor, minimalist poster, terracotta art print, fine art giclee, sustainable wall art",Size,24x36 in (60x90 cm),Frame Style,Nordic White Wood Frame,framed-poster_flat_wood_white_24x36-in_200-gsm,105.0,TRUE
dark-academia-textured-renaissance-moody-architectural-ruin-no-10-ad6301,Dark Academia & Textured Renaissance - Moody architectural ruin No. 10,"<p>Transform your living space with Dark Academia & Textured Renaissance - Moody architectural ruin No. 10. Printed on museum-grade heavyweight matte paper and encased in premium solid wood frames.</p><p>Created to reflect the calming balance of Dark Academia & Textured Renaissance, combining Deep Obsidian, Burnished Gold, Burgundy Wine, Espresso Umber, Smoky Indigo tones to anchor modern interiors with refined elegance.</p>",Atelier & Canvas,Wall Art,"dark academia & textured renaissance wall art, framed canvas print, modern living room art, large statement art, neutral home decor, gallery wall art, bedroom wall decor, minimalist poster, terracotta art print, fine art giclee, sustainable wall art",Size,24x36 in (60x90 cm),Frame Style,Gallery Stretched Fine Art Canvas,canvas_slim_24x36-in_wood-frame,98.0,TRUE
dark-academia-textured-renaissance-moody-architectural-ruin-no-10-ad6301,Dark Academia & Textured Renaissance - Moody architectural ruin No. 10,"<p>Transform your living space with Dark Academia & Textured Renaissance - Moody architectural ruin No. 10. Printed on museum-grade heavyweight matte paper and encased in premium solid wood frames.</p><p>Created to reflect the calming balance of Dark Academia & Textured Renaissance, combining Deep Obsidian, Burnished Gold, Burgundy Wine, Espresso Umber, Smoky Indigo tones to anchor modern interiors with refined elegance.</p>",Atelier & Canvas,Wall Art,"dark academia & textured renaissance wall art, framed canvas print, modern living room art, large statement art, neutral home decor, gallery wall art, bedroom wall decor, minimalist poster, terracotta art print, fine art giclee, sustainable wall art",Size,24x36 in (60x90 cm),Frame Style,Museum-Grade Matte Fine Art Print (Unframed),poster_matte_24x36-in_250-gsm,46.0,TRUE
dark-academia-textured-renaissance-moody-architectural-ruin-no-10-ad6301,Dark Academia & Textured Renaissance - Moody architectural ruin No. 10,"<p>Transform your living space with Dark Academia & Textured Renaissance - Moody architectural ruin No. 10. Printed on museum-grade heavyweight matte paper and encased in premium solid wood frames.</p><p>Created to reflect the calming balance of Dark Academia & Textured Renaissance, combining Deep Obsidian, Burnished Gold, Burgundy Wine, Espresso Umber, Smoky Indigo tones to anchor modern interiors with refined elegance.</p>",Atelier & Canvas,Wall Art,"dark academia & textured renaissance wall art, framed canvas print, modern living room art, large statement art, neutral home decor, gallery wall art, bedroom wall decor, minimalist poster, terracotta art print, fine art giclee, sustainable wall art",Size,30x40 in (75x100 cm),Frame Style,Solid Natural Oak Wood Frame,framed-poster_flat_wood_natural_30x40-in_200-gsm,148.0,TRUE
dark-academia-textured-renaissance-moody-architectural-ruin-no-10-ad6301,Dark Academia & Textured Renaissance - Moody architectural ruin No. 10,"<p>Transform your living space with Dark Academia & Textured Renaissance - Moody architectural ruin No. 10. Printed on museum-grade heavyweight matte paper and encased in premium solid wood frames.</p><p>Created to reflect the calming balance of Dark Academia & Textured Renaissance, combining Deep Obsidian, Burnished Gold, Burgundy Wine, Espresso Umber, Smoky Indigo tones to anchor modern interiors with refined elegance.</p>",Atelier & Canvas,Wall Art,"dark academia & textured renaissance wall art, framed canvas print, modern living room art, large statement art, neutral home decor, gallery wall art, bedroom wall decor, minimalist poster, terracotta art print, fine art giclee, sustainable wall art",Size,30x40 in (75x100 cm),Frame Style,Matte Black Solid Wood Frame,framed-poster_flat_wood_black_30x40-in_200-gsm,143.0,TRUE
dark-academia-textured-renaissance-moody-architectural-ruin-no-10-ad6301,Dark Academia & Textured Renaissance - Moody architectural ruin No. 10,"<p>Transform your living space with Dark Academia & Textured Renaissance - Moody architectural ruin No. 10. Printed on museum-grade heavyweight matte paper and encased in premium solid wood frames.</p><p>Created to reflect the calming balance of Dark Academia & Textured Renaissance, combining Deep Obsidian, Burnished Gold, Burgundy Wine, Espresso Umber, Smoky Indigo tones to anchor modern interiors with refined elegance.</p>",Atelier & Canvas,Wall Art,"dark academia & textured renaissance wall art, framed canvas print, modern living room art, large statement art, neutral home decor, gallery wall art, bedroom wall decor, minimalist poster, terracotta art print, fine art giclee, sustainable wall art",Size,30x40 in (75x100 cm),Frame Style,Gallery Stretched Fine Art Canvas,canvas_slim_30x40-in_wood-frame,137.0,TRUE
dark-academia-textured-renaissance-moody-architectural-ruin-no-10-ad6301,Dark Academia & Textured Renaissance - Moody architectural ruin No. 10,"<p>Transform your living space with Dark Academia & Textured Renaissance - Moody architectural ruin No. 10. Printed on museum-grade heavyweight matte paper and encased in premium solid wood frames.</p><p>Created to reflect the calming balance of Dark Academia & Textured Renaissance, combining Deep Obsidian, Burnished Gold, Burgundy Wine, Espresso Umber, Smoky Indigo tones to anchor modern interiors with refined elegance.</p>",Atelier & Canvas,Wall Art,"dark academia & textured renaissance wall art, framed canvas print, modern living room art, large statement art, neutral home decor, gallery wall art, bedroom wall decor, minimalist poster, terracotta art print, fine art giclee, sustainable wall art",Size,30x40 in (75x100 cm),Frame Style,Museum-Grade Matte Fine Art Print (Unframed),poster_matte_30x40-in_250-gsm,59.0,TRUE
mediterranean-terracotta-coastal-ease-abstract-coastal-cliff-lines-no-10-90745a,Mediterranean Terracotta & Coastal Ease - Abstract coastal cliff lines No. 10,"<p>Transform your living space with Mediterranean Terracotta & Coastal Ease - Abstract coastal cliff lines No. 10. Printed on museum-grade heavyweight matte paper and encased in premium solid wood frames.</p><p>Created to reflect the calming balance of Mediterranean Terracotta & Coastal Ease, combining Amalfi Ultramarine, Terracotta Clay, Olive Green, Sunlit Limewash, Warm Sand tones to anchor modern interiors with refined elegance.</p>",Atelier & Canvas,Wall Art,"mediterranean terracotta & coastal ease wall art, framed canvas print, modern living room art, large statement art, neutral home decor, gallery wall art, bedroom wall decor, minimalist poster, terracotta art print, fine art giclee, sustainable wall art",Size,12x18 in (30x45 cm),Frame Style,Solid Natural Oak Wood Frame,framed-poster_flat_wood_natural_12x18-in_200-gsm,52.0,TRUE
mediterranean-terracotta-coastal-ease-abstract-coastal-cliff-lines-no-10-90745a,Mediterranean Terracotta & Coastal Ease - Abstract coastal cliff lines No. 10,"<p>Transform your living space with Mediterranean Terracotta & Coastal Ease - Abstract coastal cliff lines No. 10. Printed on museum-grade heavyweight matte paper and encased in premium solid wood frames.</p><p>Created to reflect the calming balance of Mediterranean Terracotta & Coastal Ease, combining Amalfi Ultramarine, Terracotta Clay, Olive Green, Sunlit Limewash, Warm Sand tones to anchor modern interiors with refined elegance.</p>",Atelier & Canvas,Wall Art,"mediterranean terracotta & coastal ease wall art, framed canvas print, modern living room art, large statement art, neutral home decor, gallery wall art, bedroom wall decor, minimalist poster, terracotta art print, fine art giclee, sustainable wall art",Size,12x18 in (30x45 cm),Frame Style,Matte Black Solid Wood Frame,framed-poster_flat_wood_black_12x18-in_200-gsm,50.0,TRUE
mediterranean-terracotta-coastal-ease-abstract-coastal-cliff-lines-no-10-90745a,Mediterranean Terracotta & Coastal Ease - Abstract coastal cliff lines No. 10,"<p>Transform your living space with Mediterranean Terracotta & Coastal Ease - Abstract coastal cliff lines No. 10. Printed on museum-grade heavyweight matte paper and encased in premium solid wood frames.</p><p>Created to reflect the calming balance of Mediterranean Terracotta & Coastal Ease, combining Amalfi Ultramarine, Terracotta Clay, Olive Green, Sunlit Limewash, Warm Sand tones to anchor modern interiors with refined elegance.</p>",Atelier & Canvas,Wall Art,"mediterranean terracotta & coastal ease wall art, framed canvas print, modern living room art, large statement art, neutral home decor, gallery wall art, bedroom wall decor, minimalist poster, terracotta art print, fine art giclee, sustainable wall art",Size,12x18 in (30x45 cm),Frame Style,Museum-Grade Matte Fine Art Print (Unframed),poster_matte_12x18-in_250-gsm,26.0,TRUE
mediterranean-terracotta-coastal-ease-abstract-coastal-cliff-lines-no-10-90745a,Mediterranean Terracotta & Coastal Ease - Abstract coastal cliff lines No. 10,"<p>Transform your living space with Mediterranean Terracotta & Coastal Ease - Abstract coastal cliff lines No. 10. Printed on museum-grade heavyweight matte paper and encased in premium solid wood frames.</p><p>Created to reflect the calming balance of Mediterranean Terracotta & Coastal Ease, combining Amalfi Ultramarine, Terracotta Clay, Olive Green, Sunlit Limewash, Warm Sand tones to anchor modern interiors with refined elegance.</p>",Atelier & Canvas,Wall Art,"mediterranean terracotta & coastal ease wall art, framed canvas print, modern living room art, large statement art, neutral home decor, gallery wall art, bedroom wall decor, minimalist poster, terracotta art print, fine art giclee, sustainable wall art",Size,18x24 in (45x60 cm),Frame Style,Solid Natural Oak Wood Frame,framed-poster_flat_wood_natural_18x24-in_200-gsm,76.0,TRUE
mediterranean-terracotta-coastal-ease-abstract-coastal-cliff-lines-no-10-90745a,Mediterranean Terracotta & Coastal Ease - Abstract coastal cliff lines No. 10,"<p>Transform your living space with Mediterranean Terracotta & Coastal Ease - Abstract coastal cliff lines No. 10. Printed on museum-grade heavyweight matte paper and encased in premium solid wood frames.</p><p>Created to reflect the calming balance of Mediterranean Terracotta & Coastal Ease, combining Amalfi Ultramarine, Terracotta Clay, Olive Green, Sunlit Limewash, Warm Sand tones to anchor modern interiors with refined elegance.</p>",Atelier & Canvas,Wall Art,"mediterranean terracotta & coastal ease wall art, framed canvas print, modern living room art, large statement art, neutral home decor, gallery wall art, bedroom wall decor, minimalist poster, terracotta art print, fine art giclee, sustainable wall art",Size,18x24 in (45x60 cm),Frame Style,Matte Black Solid Wood Frame,framed-poster_flat_wood_black_18x24-in_200-gsm,73.0,TRUE
mediterranean-terracotta-coastal-ease-abstract-coastal-cliff-lines-no-10-90745a,Mediterranean Terracotta & Coastal Ease - Abstract coastal cliff lines No. 10,"<p>Transform your living space with Mediterranean Terracotta & Coastal Ease - Abstract coastal cliff lines No. 10. Printed on museum-grade heavyweight matte paper and encased in premium solid wood frames.</p><p>Created to reflect the calming balance of Mediterranean Terracotta & Coastal Ease, combining Amalfi Ultramarine, Terracotta Clay, Olive Green, Sunlit Limewash, Warm Sand tones to anchor modern interiors with refined elegance.</p>",Atelier & Canvas,Wall Art,"mediterranean terracotta & coastal ease wall art, framed canvas print, modern living room art, large statement art, neutral home decor, gallery wall art, bedroom wall decor, minimalist poster, terracotta art print, fine art giclee, sustainable wall art",Size,18x24 in (45x60 cm),Frame Style,Nordic White Wood Frame,framed-poster_flat_wood_white_18x24-in_200-gsm,73.0,TRUE
mediterranean-terracotta-coastal-ease-abstract-coastal-cliff-lines-no-10-90745a,Mediterranean Terracotta & Coastal Ease - Abstract coastal cliff lines No. 10,"<p>Transform your living space with Mediterranean Terracotta & Coastal Ease - Abstract coastal cliff lines No. 10. Printed on museum-grade heavyweight matte paper and encased in premium solid wood frames.</p><p>Created to reflect the calming balance of Mediterranean Terracotta & Coastal Ease, combining Amalfi Ultramarine, Terracotta Clay, Olive Green, Sunlit Limewash, Warm Sand tones to anchor modern interiors with refined elegance.</p>",Atelier & Canvas,Wall Art,"mediterranean terracotta & coastal ease wall art, framed canvas print, modern living room art, large statement art, neutral home decor, gallery wall art, bedroom wall decor, minimalist poster, terracotta art print, fine art giclee, sustainable wall art",Size,18x24 in (45x60 cm),Frame Style,Gallery Stretched Fine Art Canvas,canvas_slim_18x24-in_wood-frame,68.0,TRUE
mediterranean-terracotta-coastal-ease-abstract-coastal-cliff-lines-no-10-90745a,Mediterranean Terracotta & Coastal Ease - Abstract coastal cliff lines No. 10,"<p>Transform your living space with Mediterranean Terracotta & Coastal Ease - Abstract coastal cliff lines No. 10. Printed on museum-grade heavyweight matte paper and encased in premium solid wood frames.</p><p>Created to reflect the calming balance of Mediterranean Terracotta & Coastal Ease, combining Amalfi Ultramarine, Terracotta Clay, Olive Green, Sunlit Limewash, Warm Sand tones to anchor modern interiors with refined elegance.</p>",Atelier & Canvas,Wall Art,"mediterranean terracotta & coastal ease wall art, framed canvas print, modern living room art, large statement art, neutral home decor, gallery wall art, bedroom wall decor, minimalist poster, terracotta art print, fine art giclee, sustainable wall art",Size,18x24 in (45x60 cm),Frame Style,Museum-Grade Matte Fine Art Print (Unframed),poster_matte_18x24-in_250-gsm,33.0,TRUE
mediterranean-terracotta-coastal-ease-abstract-coastal-cliff-lines-no-10-90745a,Mediterranean Terracotta & Coastal Ease - Abstract coastal cliff lines No. 10,"<p>Transform your living space with Mediterranean Terracotta & Coastal Ease - Abstract coastal cliff lines No. 10. Printed on museum-grade heavyweight matte paper and encased in premium solid wood frames.</p><p>Created to reflect the calming balance of Mediterranean Terracotta & Coastal Ease, combining Amalfi Ultramarine, Terracotta Clay, Olive Green, Sunlit Limewash, Warm Sand tones to anchor modern interiors with refined elegance.</p>",Atelier & Canvas,Wall Art,"mediterranean terracotta & coastal ease wall art, framed canvas print, modern living room art, large statement art, neutral home decor, gallery wall art, bedroom wall decor, minimalist poster, terracotta art print, fine art giclee, sustainable wall art",Size,24x36 in (60x90 cm),Frame Style,Solid Natural Oak Wood Frame,framed-poster_flat_wood_natural_24x36-in_200-gsm,110.0,TRUE
mediterranean-terracotta-coastal-ease-abstract-coastal-cliff-lines-no-10-90745a,Mediterranean Terracotta & Coastal Ease - Abstract coastal cliff lines No. 10,"<p>Transform your living space with Mediterranean Terracotta & Coastal Ease - Abstract coastal cliff lines No. 10. Printed on museum-grade heavyweight matte paper and encased in premium solid wood frames.</p><p>Created to reflect the calming balance of Mediterranean Terracotta & Coastal Ease, combining Amalfi Ultramarine, Terracotta Clay, Olive Green, Sunlit Limewash, Warm Sand tones to anchor modern interiors with refined elegance.</p>",Atelier & Canvas,Wall Art,"mediterranean terracotta & coastal ease wall art, framed canvas print, modern living room art, large statement art, neutral home decor, gallery wall art, bedroom wall decor, minimalist poster, terracotta art print, fine art giclee, sustainable wall art",Size,24x36 in (60x90 cm),Frame Style,Matte Black Solid Wood Frame,framed-poster_flat_wood_black_24x36-in_200-gsm,105.0,TRUE
mediterranean-terracotta-coastal-ease-abstract-coastal-cliff-lines-no-10-90745a,Mediterranean Terracotta & Coastal Ease - Abstract coastal cliff lines No. 10,"<p>Transform your living space with Mediterranean Terracotta & Coastal Ease - Abstract coastal cliff lines No. 10. Printed on museum-grade heavyweight matte paper and encased in premium solid wood frames.</p><p>Created to reflect the calming balance of Mediterranean Terracotta & Coastal Ease, combining Amalfi Ultramarine, Terracotta Clay, Olive Green, Sunlit Limewash, Warm Sand tones to anchor modern interiors with refined elegance.</p>",Atelier & Canvas,Wall Art,"mediterranean terracotta & coastal ease wall art, framed canvas print, modern living room art, large statement art, neutral home decor, gallery wall art, bedroom wall decor, minimalist poster, terracotta art print, fine art giclee, sustainable wall art",Size,24x36 in (60x90 cm),Frame Style,Nordic White Wood Frame,framed-poster_flat_wood_white_24x36-in_200-gsm,105.0,TRUE
mediterranean-terracotta-coastal-ease-abstract-coastal-cliff-lines-no-10-90745a,Mediterranean Terracotta & Coastal Ease - Abstract coastal cliff lines No. 10,"<p>Transform your living space with Mediterranean Terracotta & Coastal Ease - Abstract coastal cliff lines No. 10. Printed on museum-grade heavyweight matte paper and encased in premium solid wood frames.</p><p>Created to reflect the calming balance of Mediterranean Terracotta & Coastal Ease, combining Amalfi Ultramarine, Terracotta Clay, Olive Green, Sunlit Limewash, Warm Sand tones to anchor modern interiors with refined elegance.</p>",Atelier & Canvas,Wall Art,"mediterranean terracotta & coastal ease wall art, framed canvas print, modern living room art, large statement art, neutral home decor, gallery wall art, bedroom wall decor, minimalist poster, terracotta art print, fine art giclee, sustainable wall art",Size,24x36 in (60x90 cm),Frame Style,Gallery Stretched Fine Art Canvas,canvas_slim_24x36-in_wood-frame,98.0,TRUE
mediterranean-terracotta-coastal-ease-abstract-coastal-cliff-lines-no-10-90745a,Mediterranean Terracotta & Coastal Ease - Abstract coastal cliff lines No. 10,"<p>Transform your living space with Mediterranean Terracotta & Coastal Ease - Abstract coastal cliff lines No. 10. Printed on museum-grade heavyweight matte paper and encased in premium solid wood frames.</p><p>Created to reflect the calming balance of Mediterranean Terracotta & Coastal Ease, combining Amalfi Ultramarine, Terracotta Clay, Olive Green, Sunlit Limewash, Warm Sand tones to anchor modern interiors with refined elegance.</p>",Atelier & Canvas,Wall Art,"mediterranean terracotta & coastal ease wall art, framed canvas print, modern living room art, large statement art, neutral home decor, gallery wall art, bedroom wall decor, minimalist poster, terracotta art print, fine art giclee, sustainable wall art",Size,24x36 in (60x90 cm),Frame Style,Museum-Grade Matte Fine Art Print (Unframed),poster_matte_24x36-in_250-gsm,46.0,TRUE
mediterranean-terracotta-coastal-ease-abstract-coastal-cliff-lines-no-10-90745a,Mediterranean Terracotta & Coastal Ease - Abstract coastal cliff lines No. 10,"<p>Transform your living space with Mediterranean Terracotta & Coastal Ease - Abstract coastal cliff lines No. 10. Printed on museum-grade heavyweight matte paper and encased in premium solid wood frames.</p><p>Created to reflect the calming balance of Mediterranean Terracotta & Coastal Ease, combining Amalfi Ultramarine, Terracotta Clay, Olive Green, Sunlit Limewash, Warm Sand tones to anchor modern interiors with refined elegance.</p>",Atelier & Canvas,Wall Art,"mediterranean terracotta & coastal ease wall art, framed canvas print, modern living room art, large statement art, neutral home decor, gallery wall art, bedroom wall decor, minimalist poster, terracotta art print, fine art giclee, sustainable wall art",Size,30x40 in (75x100 cm),Frame Style,Solid Natural Oak Wood Frame,framed-poster_flat_wood_natural_30x40-in_200-gsm,148.0,TRUE
mediterranean-terracotta-coastal-ease-abstract-coastal-cliff-lines-no-10-90745a,Mediterranean Terracotta & Coastal Ease - Abstract coastal cliff lines No. 10,"<p>Transform your living space with Mediterranean Terracotta & Coastal Ease - Abstract coastal cliff lines No. 10. Printed on museum-grade heavyweight matte paper and encased in premium solid wood frames.</p><p>Created to reflect the calming balance of Mediterranean Terracotta & Coastal Ease, combining Amalfi Ultramarine, Terracotta Clay, Olive Green, Sunlit Limewash, Warm Sand tones to anchor modern interiors with refined elegance.</p>",Atelier & Canvas,Wall Art,"mediterranean terracotta & coastal ease wall art, framed canvas print, modern living room art, large statement art, neutral home decor, gallery wall art, bedroom wall decor, minimalist poster, terracotta art print, fine art giclee, sustainable wall art",Size,30x40 in (75x100 cm),Frame Style,Matte Black Solid Wood Frame,framed-poster_flat_wood_black_30x40-in_200-gsm,143.0,TRUE
mediterranean-terracotta-coastal-ease-abstract-coastal-cliff-lines-no-10-90745a,Mediterranean Terracotta & Coastal Ease - Abstract coastal cliff lines No. 10,"<p>Transform your living space with Mediterranean Terracotta & Coastal Ease - Abstract coastal cliff lines No. 10. Printed on museum-grade heavyweight matte paper and encased in premium solid wood frames.</p><p>Created to reflect the calming balance of Mediterranean Terracotta & Coastal Ease, combining Amalfi Ultramarine, Terracotta Clay, Olive Green, Sunlit Limewash, Warm Sand tones to anchor modern interiors with refined elegance.</p>",Atelier & Canvas,Wall Art,"mediterranean terracotta & coastal ease wall art, framed canvas print, modern living room art, large statement art, neutral home decor, gallery wall art, bedroom wall decor, minimalist poster, terracotta art print, fine art giclee, sustainable wall art",Size,30x40 in (75x100 cm),Frame Style,Gallery Stretched Fine Art Canvas,canvas_slim_30x40-in_wood-frame,137.0,TRUE
mediterranean-terracotta-coastal-ease-abstract-coastal-cliff-lines-no-10-90745a,Mediterranean Terracotta & Coastal Ease - Abstract coastal cliff lines No. 10,"<p>Transform your living space with Mediterranean Terracotta & Coastal Ease - Abstract coastal cliff lines No. 10. Printed on museum-grade heavyweight matte paper and encased in premium solid wood frames.</p><p>Created to reflect the calming balance of Mediterranean Terracotta & Coastal Ease, combining Amalfi Ultramarine, Terracotta Clay, Olive Green, Sunlit Limewash, Warm Sand tones to anchor modern interiors with refined elegance.</p>",Atelier & Canvas,Wall Art,"mediterranean terracotta & coastal ease wall art, framed canvas print, modern living room art, large statement art, neutral home decor, gallery wall art, bedroom wall decor, minimalist poster, terracotta art print, fine art giclee, sustainable wall art",Size,30x40 in (75x100 cm),Frame Style,Museum-Grade Matte Fine Art Print (Unframed),poster_matte_30x40-in_250-gsm,59.0,TRUE
antique-botanical-herbarium-heirloom-citrus-branches-no-7-49a561,Antique Botanical & Herbarium - Heirloom citrus branches No. 7,"<p>Transform your living space with Antique Botanical & Herbarium - Heirloom citrus branches No. 7. Printed on museum-grade heavyweight matte paper and encased in premium solid wood frames.</p><p>Created to reflect the calming balance of Antique Botanical & Herbarium, combining Forest Moss, Eucalyptus Green, Antique Sepia, Old Ivory, Dried Rose tones to anchor modern interiors with refined elegance.</p>",Atelier & Canvas,Wall Art,"antique botanical & herbarium wall art, framed canvas print, modern living room art, large statement art, neutral home decor, gallery wall art, bedroom wall decor, minimalist poster, terracotta art print, fine art giclee, sustainable wall art",Size,12x18 in (30x45 cm),Frame Style,Solid Natural Oak Wood Frame,framed-poster_flat_wood_natural_12x18-in_200-gsm,52.0,TRUE
antique-botanical-herbarium-heirloom-citrus-branches-no-7-49a561,Antique Botanical & Herbarium - Heirloom citrus branches No. 7,"<p>Transform your living space with Antique Botanical & Herbarium - Heirloom citrus branches No. 7. Printed on museum-grade heavyweight matte paper and encased in premium solid wood frames.</p><p>Created to reflect the calming balance of Antique Botanical & Herbarium, combining Forest Moss, Eucalyptus Green, Antique Sepia, Old Ivory, Dried Rose tones to anchor modern interiors with refined elegance.</p>",Atelier & Canvas,Wall Art,"antique botanical & herbarium wall art, framed canvas print, modern living room art, large statement art, neutral home decor, gallery wall art, bedroom wall decor, minimalist poster, terracotta art print, fine art giclee, sustainable wall art",Size,12x18 in (30x45 cm),Frame Style,Matte Black Solid Wood Frame,framed-poster_flat_wood_black_12x18-in_200-gsm,50.0,TRUE
antique-botanical-herbarium-heirloom-citrus-branches-no-7-49a561,Antique Botanical & Herbarium - Heirloom citrus branches No. 7,"<p>Transform your living space with Antique Botanical & Herbarium - Heirloom citrus branches No. 7. Printed on museum-grade heavyweight matte paper and encased in premium solid wood frames.</p><p>Created to reflect the calming balance of Antique Botanical & Herbarium, combining Forest Moss, Eucalyptus Green, Antique Sepia, Old Ivory, Dried Rose tones to anchor modern interiors with refined elegance.</p>",Atelier & Canvas,Wall Art,"antique botanical & herbarium wall art, framed canvas print, modern living room art, large statement art, neutral home decor, gallery wall art, bedroom wall decor, minimalist poster, terracotta art print, fine art giclee, sustainable wall art",Size,12x18 in (30x45 cm),Frame Style,Museum-Grade Matte Fine Art Print (Unframed),poster_matte_12x18-in_250-gsm,26.0,TRUE
antique-botanical-herbarium-heirloom-citrus-branches-no-7-49a561,Antique Botanical & Herbarium - Heirloom citrus branches No. 7,"<p>Transform your living space with Antique Botanical & Herbarium - Heirloom citrus branches No. 7. Printed on museum-grade heavyweight matte paper and encased in premium solid wood frames.</p><p>Created to reflect the calming balance of Antique Botanical & Herbarium, combining Forest Moss, Eucalyptus Green, Antique Sepia, Old Ivory, Dried Rose tones to anchor modern interiors with refined elegance.</p>",Atelier & Canvas,Wall Art,"antique botanical & herbarium wall art, framed canvas print, modern living room art, large statement art, neutral home decor, gallery wall art, bedroom wall decor, minimalist poster, terracotta art print, fine art giclee, sustainable wall art",Size,18x24 in (45x60 cm),Frame Style,Solid Natural Oak Wood Frame,framed-poster_flat_wood_natural_18x24-in_200-gsm,76.0,TRUE
antique-botanical-herbarium-heirloom-citrus-branches-no-7-49a561,Antique Botanical & Herbarium - Heirloom citrus branches No. 7,"<p>Transform your living space with Antique Botanical & Herbarium - Heirloom citrus branches No. 7. Printed on museum-grade heavyweight matte paper and encased in premium solid wood frames.</p><p>Created to reflect the calming balance of Antique Botanical & Herbarium, combining Forest Moss, Eucalyptus Green, Antique Sepia, Old Ivory, Dried Rose tones to anchor modern interiors with refined elegance.</p>",Atelier & Canvas,Wall Art,"antique botanical & herbarium wall art, framed canvas print, modern living room art, large statement art, neutral home decor, gallery wall art, bedroom wall decor, minimalist poster, terracotta art print, fine art giclee, sustainable wall art",Size,18x24 in (45x60 cm),Frame Style,Matte Black Solid Wood Frame,framed-poster_flat_wood_black_18x24-in_200-gsm,73.0,TRUE
antique-botanical-herbarium-heirloom-citrus-branches-no-7-49a561,Antique Botanical & Herbarium - Heirloom citrus branches No. 7,"<p>Transform your living space with Antique Botanical & Herbarium - Heirloom citrus branches No. 7. Printed on museum-grade heavyweight matte paper and encased in premium solid wood frames.</p><p>Created to reflect the calming balance of Antique Botanical & Herbarium, combining Forest Moss, Eucalyptus Green, Antique Sepia, Old Ivory, Dried Rose tones to anchor modern interiors with refined elegance.</p>",Atelier & Canvas,Wall Art,"antique botanical & herbarium wall art, framed canvas print, modern living room art, large statement art, neutral home decor, gallery wall art, bedroom wall decor, minimalist poster, terracotta art print, fine art giclee, sustainable wall art",Size,18x24 in (45x60 cm),Frame Style,Nordic White Wood Frame,framed-poster_flat_wood_white_18x24-in_200-gsm,73.0,TRUE
antique-botanical-herbarium-heirloom-citrus-branches-no-7-49a561,Antique Botanical & Herbarium - Heirloom citrus branches No. 7,"<p>Transform your living space with Antique Botanical & Herbarium - Heirloom citrus branches No. 7. Printed on museum-grade heavyweight matte paper and encased in premium solid wood frames.</p><p>Created to reflect the calming balance of Antique Botanical & Herbarium, combining Forest Moss, Eucalyptus Green, Antique Sepia, Old Ivory, Dried Rose tones to anchor modern interiors with refined elegance.</p>",Atelier & Canvas,Wall Art,"antique botanical & herbarium wall art, framed canvas print, modern living room art, large statement art, neutral home decor, gallery wall art, bedroom wall decor, minimalist poster, terracotta art print, fine art giclee, sustainable wall art",Size,18x24 in (45x60 cm),Frame Style,Gallery Stretched Fine Art Canvas,canvas_slim_18x24-in_wood-frame,68.0,TRUE
antique-botanical-herbarium-heirloom-citrus-branches-no-7-49a561,Antique Botanical & Herbarium - Heirloom citrus branches No. 7,"<p>Transform your living space with Antique Botanical & Herbarium - Heirloom citrus branches No. 7. Printed on museum-grade heavyweight matte paper and encased in premium solid wood frames.</p><p>Created to reflect the calming balance of Antique Botanical & Herbarium, combining Forest Moss, Eucalyptus Green, Antique Sepia, Old Ivory, Dried Rose tones to anchor modern interiors with refined elegance.</p>",Atelier & Canvas,Wall Art,"antique botanical & herbarium wall art, framed canvas print, modern living room art, large statement art, neutral home decor, gallery wall art, bedroom wall decor, minimalist poster, terracotta art print, fine art giclee, sustainable wall art",Size,18x24 in (45x60 cm),Frame Style,Museum-Grade Matte Fine Art Print (Unframed),poster_matte_18x24-in_250-gsm,33.0,TRUE
antique-botanical-herbarium-heirloom-citrus-branches-no-7-49a561,Antique Botanical & Herbarium - Heirloom citrus branches No. 7,"<p>Transform your living space with Antique Botanical & Herbarium - Heirloom citrus branches No. 7. Printed on museum-grade heavyweight matte paper and encased in premium solid wood frames.</p><p>Created to reflect the calming balance of Antique Botanical & Herbarium, combining Forest Moss, Eucalyptus Green, Antique Sepia, Old Ivory, Dried Rose tones to anchor modern interiors with refined elegance.</p>",Atelier & Canvas,Wall Art,"antique botanical & herbarium wall art, framed canvas print, modern living room art, large statement art, neutral home decor, gallery wall art, bedroom wall decor, minimalist poster, terracotta art print, fine art giclee, sustainable wall art",Size,24x36 in (60x90 cm),Frame Style,Solid Natural Oak Wood Frame,framed-poster_flat_wood_natural_24x36-in_200-gsm,110.0,TRUE
antique-botanical-herbarium-heirloom-citrus-branches-no-7-49a561,Antique Botanical & Herbarium - Heirloom citrus branches No. 7,"<p>Transform your living space with Antique Botanical & Herbarium - Heirloom citrus branches No. 7. Printed on museum-grade heavyweight matte paper and encased in premium solid wood frames.</p><p>Created to reflect the calming balance of Antique Botanical & Herbarium, combining Forest Moss, Eucalyptus Green, Antique Sepia, Old Ivory, Dried Rose tones to anchor modern interiors with refined elegance.</p>",Atelier & Canvas,Wall Art,"antique botanical & herbarium wall art, framed canvas print, modern living room art, large statement art, neutral home decor, gallery wall art, bedroom wall decor, minimalist poster, terracotta art print, fine art giclee, sustainable wall art",Size,24x36 in (60x90 cm),Frame Style,Matte Black Solid Wood Frame,framed-poster_flat_wood_black_24x36-in_200-gsm,105.0,TRUE
antique-botanical-herbarium-heirloom-citrus-branches-no-7-49a561,Antique Botanical & Herbarium - Heirloom citrus branches No. 7,"<p>Transform your living space with Antique Botanical & Herbarium - Heirloom citrus branches No. 7. Printed on museum-grade heavyweight matte paper and encased in premium solid wood frames.</p><p>Created to reflect the calming balance of Antique Botanical & Herbarium, combining Forest Moss, Eucalyptus Green, Antique Sepia, Old Ivory, Dried Rose tones to anchor modern interiors with refined elegance.</p>",Atelier & Canvas,Wall Art,"antique botanical & herbarium wall art, framed canvas print, modern living room art, large statement art, neutral home decor, gallery wall art, bedroom wall decor, minimalist poster, terracotta art print, fine art giclee, sustainable wall art",Size,24x36 in (60x90 cm),Frame Style,Nordic White Wood Frame,framed-poster_flat_wood_white_24x36-in_200-gsm,105.0,TRUE
antique-botanical-herbarium-heirloom-citrus-branches-no-7-49a561,Antique Botanical & Herbarium - Heirloom citrus branches No. 7,"<p>Transform your living space with Antique Botanical & Herbarium - Heirloom citrus branches No. 7. Printed on museum-grade heavyweight matte paper and encased in premium solid wood frames.</p><p>Created to reflect the calming balance of Antique Botanical & Herbarium, combining Forest Moss, Eucalyptus Green, Antique Sepia, Old Ivory, Dried Rose tones to anchor modern interiors with refined elegance.</p>",Atelier & Canvas,Wall Art,"antique botanical & herbarium wall art, framed canvas print, modern living room art, large statement art, neutral home decor, gallery wall art, bedroom wall decor, minimalist poster, terracotta art print, fine art giclee, sustainable wall art",Size,24x36 in (60x90 cm),Frame Style,Gallery Stretched Fine Art Canvas,canvas_slim_24x36-in_wood-frame,98.0,TRUE
antique-botanical-herbarium-heirloom-citrus-branches-no-7-49a561,Antique Botanical & Herbarium - Heirloom citrus branches No. 7,"<p>Transform your living space with Antique Botanical & Herbarium - Heirloom citrus branches No. 7. Printed on museum-grade heavyweight matte paper and encased in premium solid wood frames.</p><p>Created to reflect the calming balance of Antique Botanical & Herbarium, combining Forest Moss, Eucalyptus Green, Antique Sepia, Old Ivory, Dried Rose tones to anchor modern interiors with refined elegance.</p>",Atelier & Canvas,Wall Art,"antique botanical & herbarium wall art, framed canvas print, modern living room art, large statement art, neutral home decor, gallery wall art, bedroom wall decor, minimalist poster, terracotta art print, fine art giclee, sustainable wall art",Size,24x36 in (60x90 cm),Frame Style,Museum-Grade Matte Fine Art Print (Unframed),poster_matte_24x36-in_250-gsm,46.0,TRUE
antique-botanical-herbarium-heirloom-citrus-branches-no-7-49a561,Antique Botanical & Herbarium - Heirloom citrus branches No. 7,"<p>Transform your living space with Antique Botanical & Herbarium - Heirloom citrus branches No. 7. Printed on museum-grade heavyweight matte paper and encased in premium solid wood frames.</p><p>Created to reflect the calming balance of Antique Botanical & Herbarium, combining Forest Moss, Eucalyptus Green, Antique Sepia, Old Ivory, Dried Rose tones to anchor modern interiors with refined elegance.</p>",Atelier & Canvas,Wall Art,"antique botanical & herbarium wall art, framed canvas print, modern living room art, large statement art, neutral home decor, gallery wall art, bedroom wall decor, minimalist poster, terracotta art print, fine art giclee, sustainable wall art",Size,30x40 in (75x100 cm),Frame Style,Solid Natural Oak Wood Frame,framed-poster_flat_wood_natural_30x40-in_200-gsm,148.0,TRUE
antique-botanical-herbarium-heirloom-citrus-branches-no-7-49a561,Antique Botanical & Herbarium - Heirloom citrus branches No. 7,"<p>Transform your living space with Antique Botanical & Herbarium - Heirloom citrus branches No. 7. Printed on museum-grade heavyweight matte paper and encased in premium solid wood frames.</p><p>Created to reflect the calming balance of Antique Botanical & Herbarium, combining Forest Moss, Eucalyptus Green, Antique Sepia, Old Ivory, Dried Rose tones to anchor modern interiors with refined elegance.</p>",Atelier & Canvas,Wall Art,"antique botanical & herbarium wall art, framed canvas print, modern living room art, large statement art, neutral home decor, gallery wall art, bedroom wall decor, minimalist poster, terracotta art print, fine art giclee, sustainable wall art",Size,30x40 in (75x100 cm),Frame Style,Matte Black Solid Wood Frame,framed-poster_flat_wood_black_30x40-in_200-gsm,143.0,TRUE
antique-botanical-herbarium-heirloom-citrus-branches-no-7-49a561,Antique Botanical & Herbarium - Heirloom citrus branches No. 7,"<p>Transform your living space with Antique Botanical & Herbarium - Heirloom citrus branches No. 7. Printed on museum-grade heavyweight matte paper and encased in premium solid wood frames.</p><p>Created to reflect the calming balance of Antique Botanical & Herbarium, combining Forest Moss, Eucalyptus Green, Antique Sepia, Old Ivory, Dried Rose tones to anchor modern interiors with refined elegance.</p>",Atelier & Canvas,Wall Art,"antique botanical & herbarium wall art, framed canvas print, modern living room art, large statement art, neutral home decor, gallery wall art, bedroom wall decor, minimalist poster, terracotta art print, fine art giclee, sustainable wall art",Size,30x40 in (75x100 cm),Frame Style,Gallery Stretched Fine Art Canvas,canvas_slim_30x40-in_wood-frame,137.0,TRUE
antique-botanical-herbarium-heirloom-citrus-branches-no-7-49a561,Antique Botanical & Herbarium - Heirloom citrus branches No. 7,"<p>Transform your living space with Antique Botanical & Herbarium - Heirloom citrus branches No. 7. Printed on museum-grade heavyweight matte paper and encased in premium solid wood frames.</p><p>Created to reflect the calming balance of Antique Botanical & Herbarium, combining Forest Moss, Eucalyptus Green, Antique Sepia, Old Ivory, Dried Rose tones to anchor modern interiors with refined elegance.</p>",Atelier & Canvas,Wall Art,"antique botanical & herbarium wall art, framed canvas print, modern living room art, large statement art, neutral home decor, gallery wall art, bedroom wall decor, minimalist poster, terracotta art print, fine art giclee, sustainable wall art",Size,30x40 in (75x100 cm),Frame Style,Museum-Grade Matte Fine Art Print (Unframed),poster_matte_30x40-in_250-gsm,59.0,TRUE
mid-century-bauhaus-modernism-intersecting-geometric-quadrants-no-7-76b7e9,Mid-Century Bauhaus & Modernism - Intersecting geometric quadrants No. 7,"<p>Transform your living space with Mid-Century Bauhaus & Modernism - Intersecting geometric quadrants No. 7. Printed on museum-grade heavyweight matte paper and encased in premium solid wood frames.</p><p>Created to reflect the calming balance of Mid-Century Bauhaus & Modernism, combining Deep Cobalt, Burnt Vermilion, Mustard Yellow, Matte Black, Warm Parchment tones to anchor modern interiors with refined elegance.</p>",Atelier & Canvas,Wall Art,"mid-century bauhaus & modernism wall art, framed canvas print, modern living room art, large statement art, neutral home decor, gallery wall art, bedroom wall decor, minimalist poster, terracotta art print, fine art giclee, sustainable wall art",Size,12x18 in (30x45 cm),Frame Style,Solid Natural Oak Wood Frame,framed-poster_flat_wood_natural_12x18-in_200-gsm,52.0,TRUE
mid-century-bauhaus-modernism-intersecting-geometric-quadrants-no-7-76b7e9,Mid-Century Bauhaus & Modernism - Intersecting geometric quadrants No. 7,"<p>Transform your living space with Mid-Century Bauhaus & Modernism - Intersecting geometric quadrants No. 7. Printed on museum-grade heavyweight matte paper and encased in premium solid wood frames.</p><p>Created to reflect the calming balance of Mid-Century Bauhaus & Modernism, combining Deep Cobalt, Burnt Vermilion, Mustard Yellow, Matte Black, Warm Parchment tones to anchor modern interiors with refined elegance.</p>",Atelier & Canvas,Wall Art,"mid-century bauhaus & modernism wall art, framed canvas print, modern living room art, large statement art, neutral home decor, gallery wall art, bedroom wall decor, minimalist poster, terracotta art print, fine art giclee, sustainable wall art",Size,12x18 in (30x45 cm),Frame Style,Matte Black Solid Wood Frame,framed-poster_flat_wood_black_12x18-in_200-gsm,50.0,TRUE
mid-century-bauhaus-modernism-intersecting-geometric-quadrants-no-7-76b7e9,Mid-Century Bauhaus & Modernism - Intersecting geometric quadrants No. 7,"<p>Transform your living space with Mid-Century Bauhaus & Modernism - Intersecting geometric quadrants No. 7. Printed on museum-grade heavyweight matte paper and encased in premium solid wood frames.</p><p>Created to reflect the calming balance of Mid-Century Bauhaus & Modernism, combining Deep Cobalt, Burnt Vermilion, Mustard Yellow, Matte Black, Warm Parchment tones to anchor modern interiors with refined elegance.</p>",Atelier & Canvas,Wall Art,"mid-century bauhaus & modernism wall art, framed canvas print, modern living room art, large statement art, neutral home decor, gallery wall art, bedroom wall decor, minimalist poster, terracotta art print, fine art giclee, sustainable wall art",Size,12x18 in (30x45 cm),Frame Style,Museum-Grade Matte Fine Art Print (Unframed),poster_matte_12x18-in_250-gsm,26.0,TRUE
mid-century-bauhaus-modernism-intersecting-geometric-quadrants-no-7-76b7e9,Mid-Century Bauhaus & Modernism - Intersecting geometric quadrants No. 7,"<p>Transform your living space with Mid-Century Bauhaus & Modernism - Intersecting geometric quadrants No. 7. Printed on museum-grade heavyweight matte paper and encased in premium solid wood frames.</p><p>Created to reflect the calming balance of Mid-Century Bauhaus & Modernism, combining Deep Cobalt, Burnt Vermilion, Mustard Yellow, Matte Black, Warm Parchment tones to anchor modern interiors with refined elegance.</p>",Atelier & Canvas,Wall Art,"mid-century bauhaus & modernism wall art, framed canvas print, modern living room art, large statement art, neutral home decor, gallery wall art, bedroom wall decor, minimalist poster, terracotta art print, fine art giclee, sustainable wall art",Size,18x24 in (45x60 cm),Frame Style,Solid Natural Oak Wood Frame,framed-poster_flat_wood_natural_18x24-in_200-gsm,76.0,TRUE
mid-century-bauhaus-modernism-intersecting-geometric-quadrants-no-7-76b7e9,Mid-Century Bauhaus & Modernism - Intersecting geometric quadrants No. 7,"<p>Transform your living space with Mid-Century Bauhaus & Modernism - Intersecting geometric quadrants No. 7. Printed on museum-grade heavyweight matte paper and encased in premium solid wood frames.</p><p>Created to reflect the calming balance of Mid-Century Bauhaus & Modernism, combining Deep Cobalt, Burnt Vermilion, Mustard Yellow, Matte Black, Warm Parchment tones to anchor modern interiors with refined elegance.</p>",Atelier & Canvas,Wall Art,"mid-century bauhaus & modernism wall art, framed canvas print, modern living room art, large statement art, neutral home decor, gallery wall art, bedroom wall decor, minimalist poster, terracotta art print, fine art giclee, sustainable wall art",Size,18x24 in (45x60 cm),Frame Style,Matte Black Solid Wood Frame,framed-poster_flat_wood_black_18x24-in_200-gsm,73.0,TRUE
mid-century-bauhaus-modernism-intersecting-geometric-quadrants-no-7-76b7e9,Mid-Century Bauhaus & Modernism - Intersecting geometric quadrants No. 7,"<p>Transform your living space with Mid-Century Bauhaus & Modernism - Intersecting geometric quadrants No. 7. Printed on museum-grade heavyweight matte paper and encased in premium solid wood frames.</p><p>Created to reflect the calming balance of Mid-Century Bauhaus & Modernism, combining Deep Cobalt, Burnt Vermilion, Mustard Yellow, Matte Black, Warm Parchment tones to anchor modern interiors with refined elegance.</p>",Atelier & Canvas,Wall Art,"mid-century bauhaus & modernism wall art, framed canvas print, modern living room art, large statement art, neutral home decor, gallery wall art, bedroom wall decor, minimalist poster, terracotta art print, fine art giclee, sustainable wall art",Size,18x24 in (45x60 cm),Frame Style,Nordic White Wood Frame,framed-poster_flat_wood_white_18x24-in_200-gsm,73.0,TRUE
mid-century-bauhaus-modernism-intersecting-geometric-quadrants-no-7-76b7e9,Mid-Century Bauhaus & Modernism - Intersecting geometric quadrants No. 7,"<p>Transform your living space with Mid-Century Bauhaus & Modernism - Intersecting geometric quadrants No. 7. Printed on museum-grade heavyweight matte paper and encased in premium solid wood frames.</p><p>Created to reflect the calming balance of Mid-Century Bauhaus & Modernism, combining Deep Cobalt, Burnt Vermilion, Mustard Yellow, Matte Black, Warm Parchment tones to anchor modern interiors with refined elegance.</p>",Atelier & Canvas,Wall Art,"mid-century bauhaus & modernism wall art, framed canvas print, modern living room art, large statement art, neutral home decor, gallery wall art, bedroom wall decor, minimalist poster, terracotta art print, fine art giclee, sustainable wall art",Size,18x24 in (45x60 cm),Frame Style,Gallery Stretched Fine Art Canvas,canvas_slim_18x24-in_wood-frame,68.0,TRUE
mid-century-bauhaus-modernism-intersecting-geometric-quadrants-no-7-76b7e9,Mid-Century Bauhaus & Modernism - Intersecting geometric quadrants No. 7,"<p>Transform your living space with Mid-Century Bauhaus & Modernism - Intersecting geometric quadrants No. 7. Printed on museum-grade heavyweight matte paper and encased in premium solid wood frames.</p><p>Created to reflect the calming balance of Mid-Century Bauhaus & Modernism, combining Deep Cobalt, Burnt Vermilion, Mustard Yellow, Matte Black, Warm Parchment tones to anchor modern interiors with refined elegance.</p>",Atelier & Canvas,Wall Art,"mid-century bauhaus & modernism wall art, framed canvas print, modern living room art, large statement art, neutral home decor, gallery wall art, bedroom wall decor, minimalist poster, terracotta art print, fine art giclee, sustainable wall art",Size,18x24 in (45x60 cm),Frame Style,Museum-Grade Matte Fine Art Print (Unframed),poster_matte_18x24-in_250-gsm,33.0,TRUE
mid-century-bauhaus-modernism-intersecting-geometric-quadrants-no-7-76b7e9,Mid-Century Bauhaus & Modernism - Intersecting geometric quadrants No. 7,"<p>Transform your living space with Mid-Century Bauhaus & Modernism - Intersecting geometric quadrants No. 7. Printed on museum-grade heavyweight matte paper and encased in premium solid wood frames.</p><p>Created to reflect the calming balance of Mid-Century Bauhaus & Modernism, combining Deep Cobalt, Burnt Vermilion, Mustard Yellow, Matte Black, Warm Parchment tones to anchor modern interiors with refined elegance.</p>",Atelier & Canvas,Wall Art,"mid-century bauhaus & modernism wall art, framed canvas print, modern living room art, large statement art, neutral home decor, gallery wall art, bedroom wall decor, minimalist poster, terracotta art print, fine art giclee, sustainable wall art",Size,24x36 in (60x90 cm),Frame Style,Solid Natural Oak Wood Frame,framed-poster_flat_wood_natural_24x36-in_200-gsm,110.0,TRUE
mid-century-bauhaus-modernism-intersecting-geometric-quadrants-no-7-76b7e9,Mid-Century Bauhaus & Modernism - Intersecting geometric quadrants No. 7,"<p>Transform your living space with Mid-Century Bauhaus & Modernism - Intersecting geometric quadrants No. 7. Printed on museum-grade heavyweight matte paper and encased in premium solid wood frames.</p><p>Created to reflect the calming balance of Mid-Century Bauhaus & Modernism, combining Deep Cobalt, Burnt Vermilion, Mustard Yellow, Matte Black, Warm Parchment tones to anchor modern interiors with refined elegance.</p>",Atelier & Canvas,Wall Art,"mid-century bauhaus & modernism wall art, framed canvas print, modern living room art, large statement art, neutral home decor, gallery wall art, bedroom wall decor, minimalist poster, terracotta art print, fine art giclee, sustainable wall art",Size,24x36 in (60x90 cm),Frame Style,Matte Black Solid Wood Frame,framed-poster_flat_wood_black_24x36-in_200-gsm,105.0,TRUE
mid-century-bauhaus-modernism-intersecting-geometric-quadrants-no-7-76b7e9,Mid-Century Bauhaus & Modernism - Intersecting geometric quadrants No. 7,"<p>Transform your living space with Mid-Century Bauhaus & Modernism - Intersecting geometric quadrants No. 7. Printed on museum-grade heavyweight matte paper and encased in premium solid wood frames.</p><p>Created to reflect the calming balance of Mid-Century Bauhaus & Modernism, combining Deep Cobalt, Burnt Vermilion, Mustard Yellow, Matte Black, Warm Parchment tones to anchor modern interiors with refined elegance.</p>",Atelier & Canvas,Wall Art,"mid-century bauhaus & modernism wall art, framed canvas print, modern living room art, large statement art, neutral home decor, gallery wall art, bedroom wall decor, minimalist poster, terracotta art print, fine art giclee, sustainable wall art",Size,24x36 in (60x90 cm),Frame Style,Nordic White Wood Frame,framed-poster_flat_wood_white_24x36-in_200-gsm,105.0,TRUE
mid-century-bauhaus-modernism-intersecting-geometric-quadrants-no-7-76b7e9,Mid-Century Bauhaus & Modernism - Intersecting geometric quadrants No. 7,"<p>Transform your living space with Mid-Century Bauhaus & Modernism - Intersecting geometric quadrants No. 7. Printed on museum-grade heavyweight matte paper and encased in premium solid wood frames.</p><p>Created to reflect the calming balance of Mid-Century Bauhaus & Modernism, combining Deep Cobalt, Burnt Vermilion, Mustard Yellow, Matte Black, Warm Parchment tones to anchor modern interiors with refined elegance.</p>",Atelier & Canvas,Wall Art,"mid-century bauhaus & modernism wall art, framed canvas print, modern living room art, large statement art, neutral home decor, gallery wall art, bedroom wall decor, minimalist poster, terracotta art print, fine art giclee, sustainable wall art",Size,24x36 in (60x90 cm),Frame Style,Gallery Stretched Fine Art Canvas,canvas_slim_24x36-in_wood-frame,98.0,TRUE
mid-century-bauhaus-modernism-intersecting-geometric-quadrants-no-7-76b7e9,Mid-Century Bauhaus & Modernism - Intersecting geometric quadrants No. 7,"<p>Transform your living space with Mid-Century Bauhaus & Modernism - Intersecting geometric quadrants No. 7. Printed on museum-grade heavyweight matte paper and encased in premium solid wood frames.</p><p>Created to reflect the calming balance of Mid-Century Bauhaus & Modernism, combining Deep Cobalt, Burnt Vermilion, Mustard Yellow, Matte Black, Warm Parchment tones to anchor modern interiors with refined elegance.</p>",Atelier & Canvas,Wall Art,"mid-century bauhaus & modernism wall art, framed canvas print, modern living room art, large statement art, neutral home decor, gallery wall art, bedroom wall decor, minimalist poster, terracotta art print, fine art giclee, sustainable wall art",Size,24x36 in (60x90 cm),Frame Style,Museum-Grade Matte Fine Art Print (Unframed),poster_matte_24x36-in_250-gsm,46.0,TRUE
mid-century-bauhaus-modernism-intersecting-geometric-quadrants-no-7-76b7e9,Mid-Century Bauhaus & Modernism - Intersecting geometric quadrants No. 7,"<p>Transform your living space with Mid-Century Bauhaus & Modernism - Intersecting geometric quadrants No. 7. Printed on museum-grade heavyweight matte paper and encased in premium solid wood frames.</p><p>Created to reflect the calming balance of Mid-Century Bauhaus & Modernism, combining Deep Cobalt, Burnt Vermilion, Mustard Yellow, Matte Black, Warm Parchment tones to anchor modern interiors with refined elegance.</p>",Atelier & Canvas,Wall Art,"mid-century bauhaus & modernism wall art, framed canvas print, modern living room art, large statement art, neutral home decor, gallery wall art, bedroom wall decor, minimalist poster, terracotta art print, fine art giclee, sustainable wall art",Size,30x40 in (75x100 cm),Frame Style,Solid Natural Oak Wood Frame,framed-poster_flat_wood_natural_30x40-in_200-gsm,148.0,TRUE
mid-century-bauhaus-modernism-intersecting-geometric-quadrants-no-7-76b7e9,Mid-Century Bauhaus & Modernism - Intersecting geometric quadrants No. 7,"<p>Transform your living space with Mid-Century Bauhaus & Modernism - Intersecting geometric quadrants No. 7. Printed on museum-grade heavyweight matte paper and encased in premium solid wood frames.</p><p>Created to reflect the calming balance of Mid-Century Bauhaus & Modernism, combining Deep Cobalt, Burnt Vermilion, Mustard Yellow, Matte Black, Warm Parchment tones to anchor modern interiors with refined elegance.</p>",Atelier & Canvas,Wall Art,"mid-century bauhaus & modernism wall art, framed canvas print, modern living room art, large statement art, neutral home decor, gallery wall art, bedroom wall decor, minimalist poster, terracotta art print, fine art giclee, sustainable wall art",Size,30x40 in (75x100 cm),Frame Style,Matte Black Solid Wood Frame,framed-poster_flat_wood_black_30x40-in_200-gsm,143.0,TRUE
mid-century-bauhaus-modernism-intersecting-geometric-quadrants-no-7-76b7e9,Mid-Century Bauhaus & Modernism - Intersecting geometric quadrants No. 7,"<p>Transform your living space with Mid-Century Bauhaus & Modernism - Intersecting geometric quadrants No. 7. Printed on museum-grade heavyweight matte paper and encased in premium solid wood frames.</p><p>Created to reflect the calming balance of Mid-Century Bauhaus & Modernism, combining Deep Cobalt, Burnt Vermilion, Mustard Yellow, Matte Black, Warm Parchment tones to anchor modern interiors with refined elegance.</p>",Atelier & Canvas,Wall Art,"mid-century bauhaus & modernism wall art, framed canvas print, modern living room art, large statement art, neutral home decor, gallery wall art, bedroom wall decor, minimalist poster, terracotta art print, fine art giclee, sustainable wall art",Size,30x40 in (75x100 cm),Frame Style,Gallery Stretched Fine Art Canvas,canvas_slim_30x40-in_wood-frame,137.0,TRUE
mid-century-bauhaus-modernism-intersecting-geometric-quadrants-no-7-76b7e9,Mid-Century Bauhaus & Modernism - Intersecting geometric quadrants No. 7,"<p>Transform your living space with Mid-Century Bauhaus & Modernism - Intersecting geometric quadrants No. 7. Printed on museum-grade heavyweight matte paper and encased in premium solid wood frames.</p><p>Created to reflect the calming balance of Mid-Century Bauhaus & Modernism, combining Deep Cobalt, Burnt Vermilion, Mustard Yellow, Matte Black, Warm Parchment tones to anchor modern interiors with refined elegance.</p>",Atelier & Canvas,Wall Art,"mid-century bauhaus & modernism wall art, framed canvas print, modern living room art, large statement art, neutral home decor, gallery wall art, bedroom wall decor, minimalist poster, terracotta art print, fine art giclee, sustainable wall art",Size,30x40 in (75x100 cm),Frame Style,Museum-Grade Matte Fine Art Print (Unframed),poster_matte_30x40-in_250-gsm,59.0,TRUE
japandi-wabi-sabi-minimalism-abstract-zen-brushwork-no-10-cdb0a2,Japandi & Wabi-Sabi Minimalism - Abstract Zen brushwork No. 10,"<p>Transform your living space with Japandi & Wabi-Sabi Minimalism - Abstract Zen brushwork No. 10. Printed on museum-grade heavyweight matte paper and encased in premium solid wood frames.</p><p>Created to reflect the calming balance of Japandi & Wabi-Sabi Minimalism, combining Terracotta, Warm Ochre, Charcoal Slate, Muted Sage, Raw Linen, Sandstone tones to anchor modern interiors with refined elegance.</p>",Atelier & Canvas,Wall Art,"japandi & wabi-sabi minimalism wall art, framed canvas print, modern living room art, large statement art, neutral home decor, gallery wall art, bedroom wall decor, minimalist poster, terracotta art print, fine art giclee, sustainable wall art",Size,12x18 in (30x45 cm),Frame Style,Solid Natural Oak Wood Frame,framed-poster_flat_wood_natural_12x18-in_200-gsm,52.0,TRUE
japandi-wabi-sabi-minimalism-abstract-zen-brushwork-no-10-cdb0a2,Japandi & Wabi-Sabi Minimalism - Abstract Zen brushwork No. 10,"<p>Transform your living space with Japandi & Wabi-Sabi Minimalism - Abstract Zen brushwork No. 10. Printed on museum-grade heavyweight matte paper and encased in premium solid wood frames.</p><p>Created to reflect the calming balance of Japandi & Wabi-Sabi Minimalism, combining Terracotta, Warm Ochre, Charcoal Slate, Muted Sage, Raw Linen, Sandstone tones to anchor modern interiors with refined elegance.</p>",Atelier & Canvas,Wall Art,"japandi & wabi-sabi minimalism wall art, framed canvas print, modern living room art, large statement art, neutral home decor, gallery wall art, bedroom wall decor, minimalist poster, terracotta art print, fine art giclee, sustainable wall art",Size,12x18 in (30x45 cm),Frame Style,Matte Black Solid Wood Frame,framed-poster_flat_wood_black_12x18-in_200-gsm,50.0,TRUE
japandi-wabi-sabi-minimalism-abstract-zen-brushwork-no-10-cdb0a2,Japandi & Wabi-Sabi Minimalism - Abstract Zen brushwork No. 10,"<p>Transform your living space with Japandi & Wabi-Sabi Minimalism - Abstract Zen brushwork No. 10. Printed on museum-grade heavyweight matte paper and encased in premium solid wood frames.</p><p>Created to reflect the calming balance of Japandi & Wabi-Sabi Minimalism, combining Terracotta, Warm Ochre, Charcoal Slate, Muted Sage, Raw Linen, Sandstone tones to anchor modern interiors with refined elegance.</p>",Atelier & Canvas,Wall Art,"japandi & wabi-sabi minimalism wall art, framed canvas print, modern living room art, large statement art, neutral home decor, gallery wall art, bedroom wall decor, minimalist poster, terracotta art print, fine art giclee, sustainable wall art",Size,12x18 in (30x45 cm),Frame Style,Museum-Grade Matte Fine Art Print (Unframed),poster_matte_12x18-in_250-gsm,26.0,TRUE
japandi-wabi-sabi-minimalism-abstract-zen-brushwork-no-10-cdb0a2,Japandi & Wabi-Sabi Minimalism - Abstract Zen brushwork No. 10,"<p>Transform your living space with Japandi & Wabi-Sabi Minimalism - Abstract Zen brushwork No. 10. Printed on museum-grade heavyweight matte paper and encased in premium solid wood frames.</p><p>Created to reflect the calming balance of Japandi & Wabi-Sabi Minimalism, combining Terracotta, Warm Ochre, Charcoal Slate, Muted Sage, Raw Linen, Sandstone tones to anchor modern interiors with refined elegance.</p>",Atelier & Canvas,Wall Art,"japandi & wabi-sabi minimalism wall art, framed canvas print, modern living room art, large statement art, neutral home decor, gallery wall art, bedroom wall decor, minimalist poster, terracotta art print, fine art giclee, sustainable wall art",Size,18x24 in (45x60 cm),Frame Style,Solid Natural Oak Wood Frame,framed-poster_flat_wood_natural_18x24-in_200-gsm,76.0,TRUE
japandi-wabi-sabi-minimalism-abstract-zen-brushwork-no-10-cdb0a2,Japandi & Wabi-Sabi Minimalism - Abstract Zen brushwork No. 10,"<p>Transform your living space with Japandi & Wabi-Sabi Minimalism - Abstract Zen brushwork No. 10. Printed on museum-grade heavyweight matte paper and encased in premium solid wood frames.</p><p>Created to reflect the calming balance of Japandi & Wabi-Sabi Minimalism, combining Terracotta, Warm Ochre, Charcoal Slate, Muted Sage, Raw Linen, Sandstone tones to anchor modern interiors with refined elegance.</p>",Atelier & Canvas,Wall Art,"japandi & wabi-sabi minimalism wall art, framed canvas print, modern living room art, large statement art, neutral home decor, gallery wall art, bedroom wall decor, minimalist poster, terracotta art print, fine art giclee, sustainable wall art",Size,18x24 in (45x60 cm),Frame Style,Matte Black Solid Wood Frame,framed-poster_flat_wood_black_18x24-in_200-gsm,73.0,TRUE
japandi-wabi-sabi-minimalism-abstract-zen-brushwork-no-10-cdb0a2,Japandi & Wabi-Sabi Minimalism - Abstract Zen brushwork No. 10,"<p>Transform your living space with Japandi & Wabi-Sabi Minimalism - Abstract Zen brushwork No. 10. Printed on museum-grade heavyweight matte paper and encased in premium solid wood frames.</p><p>Created to reflect the calming balance of Japandi & Wabi-Sabi Minimalism, combining Terracotta, Warm Ochre, Charcoal Slate, Muted Sage, Raw Linen, Sandstone tones to anchor modern interiors with refined elegance.</p>",Atelier & Canvas,Wall Art,"japandi & wabi-sabi minimalism wall art, framed canvas print, modern living room art, large statement art, neutral home decor, gallery wall art, bedroom wall decor, minimalist poster, terracotta art print, fine art giclee, sustainable wall art",Size,18x24 in (45x60 cm),Frame Style,Nordic White Wood Frame,framed-poster_flat_wood_white_18x24-in_200-gsm,73.0,TRUE
japandi-wabi-sabi-minimalism-abstract-zen-brushwork-no-10-cdb0a2,Japandi & Wabi-Sabi Minimalism - Abstract Zen brushwork No. 10,"<p>Transform your living space with Japandi & Wabi-Sabi Minimalism - Abstract Zen brushwork No. 10. Printed on museum-grade heavyweight matte paper and encased in premium solid wood frames.</p><p>Created to reflect the calming balance of Japandi & Wabi-Sabi Minimalism, combining Terracotta, Warm Ochre, Charcoal Slate, Muted Sage, Raw Linen, Sandstone tones to anchor modern interiors with refined elegance.</p>",Atelier & Canvas,Wall Art,"japandi & wabi-sabi minimalism wall art, framed canvas print, modern living room art, large statement art, neutral home decor, gallery wall art, bedroom wall decor, minimalist poster, terracotta art print, fine art giclee, sustainable wall art",Size,18x24 in (45x60 cm),Frame Style,Gallery Stretched Fine Art Canvas,canvas_slim_18x24-in_wood-frame,68.0,TRUE
japandi-wabi-sabi-minimalism-abstract-zen-brushwork-no-10-cdb0a2,Japandi & Wabi-Sabi Minimalism - Abstract Zen brushwork No. 10,"<p>Transform your living space with Japandi & Wabi-Sabi Minimalism - Abstract Zen brushwork No. 10. Printed on museum-grade heavyweight matte paper and encased in premium solid wood frames.</p><p>Created to reflect the calming balance of Japandi & Wabi-Sabi Minimalism, combining Terracotta, Warm Ochre, Charcoal Slate, Muted Sage, Raw Linen, Sandstone tones to anchor modern interiors with refined elegance.</p>",Atelier & Canvas,Wall Art,"japandi & wabi-sabi minimalism wall art, framed canvas print, modern living room art, large statement art, neutral home decor, gallery wall art, bedroom wall decor, minimalist poster, terracotta art print, fine art giclee, sustainable wall art",Size,18x24 in (45x60 cm),Frame Style,Museum-Grade Matte Fine Art Print (Unframed),poster_matte_18x24-in_250-gsm,33.0,TRUE
japandi-wabi-sabi-minimalism-abstract-zen-brushwork-no-10-cdb0a2,Japandi & Wabi-Sabi Minimalism - Abstract Zen brushwork No. 10,"<p>Transform your living space with Japandi & Wabi-Sabi Minimalism - Abstract Zen brushwork No. 10. Printed on museum-grade heavyweight matte paper and encased in premium solid wood frames.</p><p>Created to reflect the calming balance of Japandi & Wabi-Sabi Minimalism, combining Terracotta, Warm Ochre, Charcoal Slate, Muted Sage, Raw Linen, Sandstone tones to anchor modern interiors with refined elegance.</p>",Atelier & Canvas,Wall Art,"japandi & wabi-sabi minimalism wall art, framed canvas print, modern living room art, large statement art, neutral home decor, gallery wall art, bedroom wall decor, minimalist poster, terracotta art print, fine art giclee, sustainable wall art",Size,24x36 in (60x90 cm),Frame Style,Solid Natural Oak Wood Frame,framed-poster_flat_wood_natural_24x36-in_200-gsm,110.0,TRUE
japandi-wabi-sabi-minimalism-abstract-zen-brushwork-no-10-cdb0a2,Japandi & Wabi-Sabi Minimalism - Abstract Zen brushwork No. 10,"<p>Transform your living space with Japandi & Wabi-Sabi Minimalism - Abstract Zen brushwork No. 10. Printed on museum-grade heavyweight matte paper and encased in premium solid wood frames.</p><p>Created to reflect the calming balance of Japandi & Wabi-Sabi Minimalism, combining Terracotta, Warm Ochre, Charcoal Slate, Muted Sage, Raw Linen, Sandstone tones to anchor modern interiors with refined elegance.</p>",Atelier & Canvas,Wall Art,"japandi & wabi-sabi minimalism wall art, framed canvas print, modern living room art, large statement art, neutral home decor, gallery wall art, bedroom wall decor, minimalist poster, terracotta art print, fine art giclee, sustainable wall art",Size,24x36 in (60x90 cm),Frame Style,Matte Black Solid Wood Frame,framed-poster_flat_wood_black_24x36-in_200-gsm,105.0,TRUE
japandi-wabi-sabi-minimalism-abstract-zen-brushwork-no-10-cdb0a2,Japandi & Wabi-Sabi Minimalism - Abstract Zen brushwork No. 10,"<p>Transform your living space with Japandi & Wabi-Sabi Minimalism - Abstract Zen brushwork No. 10. Printed on museum-grade heavyweight matte paper and encased in premium solid wood frames.</p><p>Created to reflect the calming balance of Japandi & Wabi-Sabi Minimalism, combining Terracotta, Warm Ochre, Charcoal Slate, Muted Sage, Raw Linen, Sandstone tones to anchor modern interiors with refined elegance.</p>",Atelier & Canvas,Wall Art,"japandi & wabi-sabi minimalism wall art, framed canvas print, modern living room art, large statement art, neutral home decor, gallery wall art, bedroom wall decor, minimalist poster, terracotta art print, fine art giclee, sustainable wall art",Size,24x36 in (60x90 cm),Frame Style,Nordic White Wood Frame,framed-poster_flat_wood_white_24x36-in_200-gsm,105.0,TRUE
japandi-wabi-sabi-minimalism-abstract-zen-brushwork-no-10-cdb0a2,Japandi & Wabi-Sabi Minimalism - Abstract Zen brushwork No. 10,"<p>Transform your living space with Japandi & Wabi-Sabi Minimalism - Abstract Zen brushwork No. 10. Printed on museum-grade heavyweight matte paper and encased in premium solid wood frames.</p><p>Created to reflect the calming balance of Japandi & Wabi-Sabi Minimalism, combining Terracotta, Warm Ochre, Charcoal Slate, Muted Sage, Raw Linen, Sandstone tones to anchor modern interiors with refined elegance.</p>",Atelier & Canvas,Wall Art,"japandi & wabi-sabi minimalism wall art, framed canvas print, modern living room art, large statement art, neutral home decor, gallery wall art, bedroom wall decor, minimalist poster, terracotta art print, fine art giclee, sustainable wall art",Size,24x36 in (60x90 cm),Frame Style,Gallery Stretched Fine Art Canvas,canvas_slim_24x36-in_wood-frame,98.0,TRUE
japandi-wabi-sabi-minimalism-abstract-zen-brushwork-no-10-cdb0a2,Japandi & Wabi-Sabi Minimalism - Abstract Zen brushwork No. 10,"<p>Transform your living space with Japandi & Wabi-Sabi Minimalism - Abstract Zen brushwork No. 10. Printed on museum-grade heavyweight matte paper and encased in premium solid wood frames.</p><p>Created to reflect the calming balance of Japandi & Wabi-Sabi Minimalism, combining Terracotta, Warm Ochre, Charcoal Slate, Muted Sage, Raw Linen, Sandstone tones to anchor modern interiors with refined elegance.</p>",Atelier & Canvas,Wall Art,"japandi & wabi-sabi minimalism wall art, framed canvas print, modern living room art, large statement art, neutral home decor, gallery wall art, bedroom wall decor, minimalist poster, terracotta art print, fine art giclee, sustainable wall art",Size,24x36 in (60x90 cm),Frame Style,Museum-Grade Matte Fine Art Print (Unframed),poster_matte_24x36-in_250-gsm,46.0,TRUE
japandi-wabi-sabi-minimalism-abstract-zen-brushwork-no-10-cdb0a2,Japandi & Wabi-Sabi Minimalism - Abstract Zen brushwork No. 10,"<p>Transform your living space with Japandi & Wabi-Sabi Minimalism - Abstract Zen brushwork No. 10. Printed on museum-grade heavyweight matte paper and encased in premium solid wood frames.</p><p>Created to reflect the calming balance of Japandi & Wabi-Sabi Minimalism, combining Terracotta, Warm Ochre, Charcoal Slate, Muted Sage, Raw Linen, Sandstone tones to anchor modern interiors with refined elegance.</p>",Atelier & Canvas,Wall Art,"japandi & wabi-sabi minimalism wall art, framed canvas print, modern living room art, large statement art, neutral home decor, gallery wall art, bedroom wall decor, minimalist poster, terracotta art print, fine art giclee, sustainable wall art",Size,30x40 in (75x100 cm),Frame Style,Solid Natural Oak Wood Frame,framed-poster_flat_wood_natural_30x40-in_200-gsm,148.0,TRUE
japandi-wabi-sabi-minimalism-abstract-zen-brushwork-no-10-cdb0a2,Japandi & Wabi-Sabi Minimalism - Abstract Zen brushwork No. 10,"<p>Transform your living space with Japandi & Wabi-Sabi Minimalism - Abstract Zen brushwork No. 10. Printed on museum-grade heavyweight matte paper and encased in premium solid wood frames.</p><p>Created to reflect the calming balance of Japandi & Wabi-Sabi Minimalism, combining Terracotta, Warm Ochre, Charcoal Slate, Muted Sage, Raw Linen, Sandstone tones to anchor modern interiors with refined elegance.</p>",Atelier & Canvas,Wall Art,"japandi & wabi-sabi minimalism wall art, framed canvas print, modern living room art, large statement art, neutral home decor, gallery wall art, bedroom wall decor, minimalist poster, terracotta art print, fine art giclee, sustainable wall art",Size,30x40 in (75x100 cm),Frame Style,Matte Black Solid Wood Frame,framed-poster_flat_wood_black_30x40-in_200-gsm,143.0,TRUE
japandi-wabi-sabi-minimalism-abstract-zen-brushwork-no-10-cdb0a2,Japandi & Wabi-Sabi Minimalism - Abstract Zen brushwork No. 10,"<p>Transform your living space with Japandi & Wabi-Sabi Minimalism - Abstract Zen brushwork No. 10. Printed on museum-grade heavyweight matte paper and encased in premium solid wood frames.</p><p>Created to reflect the calming balance of Japandi & Wabi-Sabi Minimalism, combining Terracotta, Warm Ochre, Charcoal Slate, Muted Sage, Raw Linen, Sandstone tones to anchor modern interiors with refined elegance.</p>",Atelier & Canvas,Wall Art,"japandi & wabi-sabi minimalism wall art, framed canvas print, modern living room art, large statement art, neutral home decor, gallery wall art, bedroom wall decor, minimalist poster, terracotta art print, fine art giclee, sustainable wall art",Size,30x40 in (75x100 cm),Frame Style,Gallery Stretched Fine Art Canvas,canvas_slim_30x40-in_wood-frame,137.0,TRUE
japandi-wabi-sabi-minimalism-abstract-zen-brushwork-no-10-cdb0a2,Japandi & Wabi-Sabi Minimalism - Abstract Zen brushwork No. 10,"<p>Transform your living space with Japandi & Wabi-Sabi Minimalism - Abstract Zen brushwork No. 10. Printed on museum-grade heavyweight matte paper and encased in premium solid wood frames.</p><p>Created to reflect the calming balance of Japandi & Wabi-Sabi Minimalism, combining Terracotta, Warm Ochre, Charcoal Slate, Muted Sage, Raw Linen, Sandstone tones to anchor modern interiors with refined elegance.</p>",Atelier & Canvas,Wall Art,"japandi & wabi-sabi minimalism wall art, framed canvas print, modern living room art, large statement art, neutral home decor, gallery wall art, bedroom wall decor, minimalist poster, terracotta art print, fine art giclee, sustainable wall art",Size,30x40 in (75x100 cm),Frame Style,Museum-Grade Matte Fine Art Print (Unframed),poster_matte_30x40-in_250-gsm,59.0,TRUE
japandi-wabi-sabi-minimalism-abstract-zen-brushwork-no-11-abb6b8,Japandi & Wabi-Sabi Minimalism - Abstract Zen brushwork No. 11,"<p>Transform your living space with Japandi & Wabi-Sabi Minimalism - Abstract Zen brushwork No. 11. Printed on museum-grade heavyweight matte paper and encased in premium solid wood frames.</p><p>Created to reflect the calming balance of Japandi & Wabi-Sabi Minimalism, combining Terracotta, Warm Ochre, Charcoal Slate, Muted Sage, Raw Linen, Sandstone tones to anchor modern interiors with refined elegance.</p>",Atelier & Canvas,Wall Art,"japandi & wabi-sabi minimalism wall art, framed canvas print, modern living room art, large statement art, neutral home decor, gallery wall art, bedroom wall decor, minimalist poster, terracotta art print, fine art giclee, sustainable wall art",Size,12x18 in (30x45 cm),Frame Style,Solid Natural Oak Wood Frame,framed-poster_flat_wood_natural_12x18-in_200-gsm,52.0,TRUE
japandi-wabi-sabi-minimalism-abstract-zen-brushwork-no-11-abb6b8,Japandi & Wabi-Sabi Minimalism - Abstract Zen brushwork No. 11,"<p>Transform your living space with Japandi & Wabi-Sabi Minimalism - Abstract Zen brushwork No. 11. Printed on museum-grade heavyweight matte paper and encased in premium solid wood frames.</p><p>Created to reflect the calming balance of Japandi & Wabi-Sabi Minimalism, combining Terracotta, Warm Ochre, Charcoal Slate, Muted Sage, Raw Linen, Sandstone tones to anchor modern interiors with refined elegance.</p>",Atelier & Canvas,Wall Art,"japandi & wabi-sabi minimalism wall art, framed canvas print, modern living room art, large statement art, neutral home decor, gallery wall art, bedroom wall decor, minimalist poster, terracotta art print, fine art giclee, sustainable wall art",Size,12x18 in (30x45 cm),Frame Style,Matte Black Solid Wood Frame,framed-poster_flat_wood_black_12x18-in_200-gsm,50.0,TRUE
japandi-wabi-sabi-minimalism-abstract-zen-brushwork-no-11-abb6b8,Japandi & Wabi-Sabi Minimalism - Abstract Zen brushwork No. 11,"<p>Transform your living space with Japandi & Wabi-Sabi Minimalism - Abstract Zen brushwork No. 11. Printed on museum-grade heavyweight matte paper and encased in premium solid wood frames.</p><p>Created to reflect the calming balance of Japandi & Wabi-Sabi Minimalism, combining Terracotta, Warm Ochre, Charcoal Slate, Muted Sage, Raw Linen, Sandstone tones to anchor modern interiors with refined elegance.</p>",Atelier & Canvas,Wall Art,"japandi & wabi-sabi minimalism wall art, framed canvas print, modern living room art, large statement art, neutral home decor, gallery wall art, bedroom wall decor, minimalist poster, terracotta art print, fine art giclee, sustainable wall art",Size,12x18 in (30x45 cm),Frame Style,Museum-Grade Matte Fine Art Print (Unframed),poster_matte_12x18-in_250-gsm,26.0,TRUE
japandi-wabi-sabi-minimalism-abstract-zen-brushwork-no-11-abb6b8,Japandi & Wabi-Sabi Minimalism - Abstract Zen brushwork No. 11,"<p>Transform your living space with Japandi & Wabi-Sabi Minimalism - Abstract Zen brushwork No. 11. Printed on museum-grade heavyweight matte paper and encased in premium solid wood frames.</p><p>Created to reflect the calming balance of Japandi & Wabi-Sabi Minimalism, combining Terracotta, Warm Ochre, Charcoal Slate, Muted Sage, Raw Linen, Sandstone tones to anchor modern interiors with refined elegance.</p>",Atelier & Canvas,Wall Art,"japandi & wabi-sabi minimalism wall art, framed canvas print, modern living room art, large statement art, neutral home decor, gallery wall art, bedroom wall decor, minimalist poster, terracotta art print, fine art giclee, sustainable wall art",Size,18x24 in (45x60 cm),Frame Style,Solid Natural Oak Wood Frame,framed-poster_flat_wood_natural_18x24-in_200-gsm,76.0,TRUE
japandi-wabi-sabi-minimalism-abstract-zen-brushwork-no-11-abb6b8,Japandi & Wabi-Sabi Minimalism - Abstract Zen brushwork No. 11,"<p>Transform your living space with Japandi & Wabi-Sabi Minimalism - Abstract Zen brushwork No. 11. Printed on museum-grade heavyweight matte paper and encased in premium solid wood frames.</p><p>Created to reflect the calming balance of Japandi & Wabi-Sabi Minimalism, combining Terracotta, Warm Ochre, Charcoal Slate, Muted Sage, Raw Linen, Sandstone tones to anchor modern interiors with refined elegance.</p>",Atelier & Canvas,Wall Art,"japandi & wabi-sabi minimalism wall art, framed canvas print, modern living room art, large statement art, neutral home decor, gallery wall art, bedroom wall decor, minimalist poster, terracotta art print, fine art giclee, sustainable wall art",Size,18x24 in (45x60 cm),Frame Style,Matte Black Solid Wood Frame,framed-poster_flat_wood_black_18x24-in_200-gsm,73.0,TRUE
japandi-wabi-sabi-minimalism-abstract-zen-brushwork-no-11-abb6b8,Japandi & Wabi-Sabi Minimalism - Abstract Zen brushwork No. 11,"<p>Transform your living space with Japandi & Wabi-Sabi Minimalism - Abstract Zen brushwork No. 11. Printed on museum-grade heavyweight matte paper and encased in premium solid wood frames.</p><p>Created to reflect the calming balance of Japandi & Wabi-Sabi Minimalism, combining Terracotta, Warm Ochre, Charcoal Slate, Muted Sage, Raw Linen, Sandstone tones to anchor modern interiors with refined elegance.</p>",Atelier & Canvas,Wall Art,"japandi & wabi-sabi minimalism wall art, framed canvas print, modern living room art, large statement art, neutral home decor, gallery wall art, bedroom wall decor, minimalist poster, terracotta art print, fine art giclee, sustainable wall art",Size,18x24 in (45x60 cm),Frame Style,Nordic White Wood Frame,framed-poster_flat_wood_white_18x24-in_200-gsm,73.0,TRUE
japandi-wabi-sabi-minimalism-abstract-zen-brushwork-no-11-abb6b8,Japandi & Wabi-Sabi Minimalism - Abstract Zen brushwork No. 11,"<p>Transform your living space with Japandi & Wabi-Sabi Minimalism - Abstract Zen brushwork No. 11. Printed on museum-grade heavyweight matte paper and encased in premium solid wood frames.</p><p>Created to reflect the calming balance of Japandi & Wabi-Sabi Minimalism, combining Terracotta, Warm Ochre, Charcoal Slate, Muted Sage, Raw Linen, Sandstone tones to anchor modern interiors with refined elegance.</p>",Atelier & Canvas,Wall Art,"japandi & wabi-sabi minimalism wall art, framed canvas print, modern living room art, large statement art, neutral home decor, gallery wall art, bedroom wall decor, minimalist poster, terracotta art print, fine art giclee, sustainable wall art",Size,18x24 in (45x60 cm),Frame Style,Gallery Stretched Fine Art Canvas,canvas_slim_18x24-in_wood-frame,68.0,TRUE
japandi-wabi-sabi-minimalism-abstract-zen-brushwork-no-11-abb6b8,Japandi & Wabi-Sabi Minimalism - Abstract Zen brushwork No. 11,"<p>Transform your living space with Japandi & Wabi-Sabi Minimalism - Abstract Zen brushwork No. 11. Printed on museum-grade heavyweight matte paper and encased in premium solid wood frames.</p><p>Created to reflect the calming balance of Japandi & Wabi-Sabi Minimalism, combining Terracotta, Warm Ochre, Charcoal Slate, Muted Sage, Raw Linen, Sandstone tones to anchor modern interiors with refined elegance.</p>",Atelier & Canvas,Wall Art,"japandi & wabi-sabi minimalism wall art, framed canvas print, modern living room art, large statement art, neutral home decor, gallery wall art, bedroom wall decor, minimalist poster, terracotta art print, fine art giclee, sustainable wall art",Size,18x24 in (45x60 cm),Frame Style,Museum-Grade Matte Fine Art Print (Unframed),poster_matte_18x24-in_250-gsm,33.0,TRUE
japandi-wabi-sabi-minimalism-abstract-zen-brushwork-no-11-abb6b8,Japandi & Wabi-Sabi Minimalism - Abstract Zen brushwork No. 11,"<p>Transform your living space with Japandi & Wabi-Sabi Minimalism - Abstract Zen brushwork No. 11. Printed on museum-grade heavyweight matte paper and encased in premium solid wood frames.</p><p>Created to reflect the calming balance of Japandi & Wabi-Sabi Minimalism, combining Terracotta, Warm Ochre, Charcoal Slate, Muted Sage, Raw Linen, Sandstone tones to anchor modern interiors with refined elegance.</p>",Atelier & Canvas,Wall Art,"japandi & wabi-sabi minimalism wall art, framed canvas print, modern living room art, large statement art, neutral home decor, gallery wall art, bedroom wall decor, minimalist poster, terracotta art print, fine art giclee, sustainable wall art",Size,24x36 in (60x90 cm),Frame Style,Solid Natural Oak Wood Frame,framed-poster_flat_wood_natural_24x36-in_200-gsm,110.0,TRUE
japandi-wabi-sabi-minimalism-abstract-zen-brushwork-no-11-abb6b8,Japandi & Wabi-Sabi Minimalism - Abstract Zen brushwork No. 11,"<p>Transform your living space with Japandi & Wabi-Sabi Minimalism - Abstract Zen brushwork No. 11. Printed on museum-grade heavyweight matte paper and encased in premium solid wood frames.</p><p>Created to reflect the calming balance of Japandi & Wabi-Sabi Minimalism, combining Terracotta, Warm Ochre, Charcoal Slate, Muted Sage, Raw Linen, Sandstone tones to anchor modern interiors with refined elegance.</p>",Atelier & Canvas,Wall Art,"japandi & wabi-sabi minimalism wall art, framed canvas print, modern living room art, large statement art, neutral home decor, gallery wall art, bedroom wall decor, minimalist poster, terracotta art print, fine art giclee, sustainable wall art",Size,24x36 in (60x90 cm),Frame Style,Matte Black Solid Wood Frame,framed-poster_flat_wood_black_24x36-in_200-gsm,105.0,TRUE
japandi-wabi-sabi-minimalism-abstract-zen-brushwork-no-11-abb6b8,Japandi & Wabi-Sabi Minimalism - Abstract Zen brushwork No. 11,"<p>Transform your living space with Japandi & Wabi-Sabi Minimalism - Abstract Zen brushwork No. 11. Printed on museum-grade heavyweight matte paper and encased in premium solid wood frames.</p><p>Created to reflect the calming balance of Japandi & Wabi-Sabi Minimalism, combining Terracotta, Warm Ochre, Charcoal Slate, Muted Sage, Raw Linen, Sandstone tones to anchor modern interiors with refined elegance.</p>",Atelier & Canvas,Wall Art,"japandi & wabi-sabi minimalism wall art, framed canvas print, modern living room art, large statement art, neutral home decor, gallery wall art, bedroom wall decor, minimalist poster, terracotta art print, fine art giclee, sustainable wall art",Size,24x36 in (60x90 cm),Frame Style,Nordic White Wood Frame,framed-poster_flat_wood_white_24x36-in_200-gsm,105.0,TRUE
japandi-wabi-sabi-minimalism-abstract-zen-brushwork-no-11-abb6b8,Japandi & Wabi-Sabi Minimalism - Abstract Zen brushwork No. 11,"<p>Transform your living space with Japandi & Wabi-Sabi Minimalism - Abstract Zen brushwork No. 11. Printed on museum-grade heavyweight matte paper and encased in premium solid wood frames.</p><p>Created to reflect the calming balance of Japandi & Wabi-Sabi Minimalism, combining Terracotta, Warm Ochre, Charcoal Slate, Muted Sage, Raw Linen, Sandstone tones to anchor modern interiors with refined elegance.</p>",Atelier & Canvas,Wall Art,"japandi & wabi-sabi minimalism wall art, framed canvas print, modern living room art, large statement art, neutral home decor, gallery wall art, bedroom wall decor, minimalist poster, terracotta art print, fine art giclee, sustainable wall art",Size,24x36 in (60x90 cm),Frame Style,Gallery Stretched Fine Art Canvas,canvas_slim_24x36-in_wood-frame,98.0,TRUE
japandi-wabi-sabi-minimalism-abstract-zen-brushwork-no-11-abb6b8,Japandi & Wabi-Sabi Minimalism - Abstract Zen brushwork No. 11,"<p>Transform your living space with Japandi & Wabi-Sabi Minimalism - Abstract Zen brushwork No. 11. Printed on museum-grade heavyweight matte paper and encased in premium solid wood frames.</p><p>Created to reflect the calming balance of Japandi & Wabi-Sabi Minimalism, combining Terracotta, Warm Ochre, Charcoal Slate, Muted Sage, Raw Linen, Sandstone tones to anchor modern interiors with refined elegance.</p>",Atelier & Canvas,Wall Art,"japandi & wabi-sabi minimalism wall art, framed canvas print, modern living room art, large statement art, neutral home decor, gallery wall art, bedroom wall decor, minimalist poster, terracotta art print, fine art giclee, sustainable wall art",Size,24x36 in (60x90 cm),Frame Style,Museum-Grade Matte Fine Art Print (Unframed),poster_matte_24x36-in_250-gsm,46.0,TRUE
japandi-wabi-sabi-minimalism-abstract-zen-brushwork-no-11-abb6b8,Japandi & Wabi-Sabi Minimalism - Abstract Zen brushwork No. 11,"<p>Transform your living space with Japandi & Wabi-Sabi Minimalism - Abstract Zen brushwork No. 11. Printed on museum-grade heavyweight matte paper and encased in premium solid wood frames.</p><p>Created to reflect the calming balance of Japandi & Wabi-Sabi Minimalism, combining Terracotta, Warm Ochre, Charcoal Slate, Muted Sage, Raw Linen, Sandstone tones to anchor modern interiors with refined elegance.</p>",Atelier & Canvas,Wall Art,"japandi & wabi-sabi minimalism wall art, framed canvas print, modern living room art, large statement art, neutral home decor, gallery wall art, bedroom wall decor, minimalist poster, terracotta art print, fine art giclee, sustainable wall art",Size,30x40 in (75x100 cm),Frame Style,Solid Natural Oak Wood Frame,framed-poster_flat_wood_natural_30x40-in_200-gsm,148.0,TRUE
japandi-wabi-sabi-minimalism-abstract-zen-brushwork-no-11-abb6b8,Japandi & Wabi-Sabi Minimalism - Abstract Zen brushwork No. 11,"<p>Transform your living space with Japandi & Wabi-Sabi Minimalism - Abstract Zen brushwork No. 11. Printed on museum-grade heavyweight matte paper and encased in premium solid wood frames.</p><p>Created to reflect the calming balance of Japandi & Wabi-Sabi Minimalism, combining Terracotta, Warm Ochre, Charcoal Slate, Muted Sage, Raw Linen, Sandstone tones to anchor modern interiors with refined elegance.</p>",Atelier & Canvas,Wall Art,"japandi & wabi-sabi minimalism wall art, framed canvas print, modern living room art, large statement art, neutral home decor, gallery wall art, bedroom wall decor, minimalist poster, terracotta art print, fine art giclee, sustainable wall art",Size,30x40 in (75x100 cm),Frame Style,Matte Black Solid Wood Frame,framed-poster_flat_wood_black_30x40-in_200-gsm,143.0,TRUE
japandi-wabi-sabi-minimalism-abstract-zen-brushwork-no-11-abb6b8,Japandi & Wabi-Sabi Minimalism - Abstract Zen brushwork No. 11,"<p>Transform your living space with Japandi & Wabi-Sabi Minimalism - Abstract Zen brushwork No. 11. Printed on museum-grade heavyweight matte paper and encased in premium solid wood frames.</p><p>Created to reflect the calming balance of Japandi & Wabi-Sabi Minimalism, combining Terracotta, Warm Ochre, Charcoal Slate, Muted Sage, Raw Linen, Sandstone tones to anchor modern interiors with refined elegance.</p>",Atelier & Canvas,Wall Art,"japandi & wabi-sabi minimalism wall art, framed canvas print, modern living room art, large statement art, neutral home decor, gallery wall art, bedroom wall decor, minimalist poster, terracotta art print, fine art giclee, sustainable wall art",Size,30x40 in (75x100 cm),Frame Style,Gallery Stretched Fine Art Canvas,canvas_slim_30x40-in_wood-frame,137.0,TRUE
japandi-wabi-sabi-minimalism-abstract-zen-brushwork-no-11-abb6b8,Japandi & Wabi-Sabi Minimalism - Abstract Zen brushwork No. 11,"<p>Transform your living space with Japandi & Wabi-Sabi Minimalism - Abstract Zen brushwork No. 11. Printed on museum-grade heavyweight matte paper and encased in premium solid wood frames.</p><p>Created to reflect the calming balance of Japandi & Wabi-Sabi Minimalism, combining Terracotta, Warm Ochre, Charcoal Slate, Muted Sage, Raw Linen, Sandstone tones to anchor modern interiors with refined elegance.</p>",Atelier & Canvas,Wall Art,"japandi & wabi-sabi minimalism wall art, framed canvas print, modern living room art, large statement art, neutral home decor, gallery wall art, bedroom wall decor, minimalist poster, terracotta art print, fine art giclee, sustainable wall art",Size,30x40 in (75x100 cm),Frame Style,Museum-Grade Matte Fine Art Print (Unframed),poster_matte_30x40-in_250-gsm,59.0,TRUE
mid-century-bauhaus-modernism-curved-constructivist-arches-no-11-ecad09,Mid-Century Bauhaus & Modernism - Curved constructivist arches No. 11,"<p>Transform your living space with Mid-Century Bauhaus & Modernism - Curved constructivist arches No. 11. Printed on museum-grade heavyweight matte paper and encased in premium solid wood frames.</p><p>Created to reflect the calming balance of Mid-Century Bauhaus & Modernism, combining Deep Cobalt, Burnt Vermilion, Mustard Yellow, Matte Black, Warm Parchment tones to anchor modern interiors with refined elegance.</p>",Atelier & Canvas,Wall Art,"mid-century bauhaus & modernism wall art, framed canvas print, modern living room art, large statement art, neutral home decor, gallery wall art, bedroom wall decor, minimalist poster, terracotta art print, fine art giclee, sustainable wall art",Size,12x18 in (30x45 cm),Frame Style,Solid Natural Oak Wood Frame,framed-poster_flat_wood_natural_12x18-in_200-gsm,52.0,TRUE
mid-century-bauhaus-modernism-curved-constructivist-arches-no-11-ecad09,Mid-Century Bauhaus & Modernism - Curved constructivist arches No. 11,"<p>Transform your living space with Mid-Century Bauhaus & Modernism - Curved constructivist arches No. 11. Printed on museum-grade heavyweight matte paper and encased in premium solid wood frames.</p><p>Created to reflect the calming balance of Mid-Century Bauhaus & Modernism, combining Deep Cobalt, Burnt Vermilion, Mustard Yellow, Matte Black, Warm Parchment tones to anchor modern interiors with refined elegance.</p>",Atelier & Canvas,Wall Art,"mid-century bauhaus & modernism wall art, framed canvas print, modern living room art, large statement art, neutral home decor, gallery wall art, bedroom wall decor, minimalist poster, terracotta art print, fine art giclee, sustainable wall art",Size,12x18 in (30x45 cm),Frame Style,Matte Black Solid Wood Frame,framed-poster_flat_wood_black_12x18-in_200-gsm,50.0,TRUE
mid-century-bauhaus-modernism-curved-constructivist-arches-no-11-ecad09,Mid-Century Bauhaus & Modernism - Curved constructivist arches No. 11,"<p>Transform your living space with Mid-Century Bauhaus & Modernism - Curved constructivist arches No. 11. Printed on museum-grade heavyweight matte paper and encased in premium solid wood frames.</p><p>Created to reflect the calming balance of Mid-Century Bauhaus & Modernism, combining Deep Cobalt, Burnt Vermilion, Mustard Yellow, Matte Black, Warm Parchment tones to anchor modern interiors with refined elegance.</p>",Atelier & Canvas,Wall Art,"mid-century bauhaus & modernism wall art, framed canvas print, modern living room art, large statement art, neutral home decor, gallery wall art, bedroom wall decor, minimalist poster, terracotta art print, fine art giclee, sustainable wall art",Size,12x18 in (30x45 cm),Frame Style,Museum-Grade Matte Fine Art Print (Unframed),poster_matte_12x18-in_250-gsm,26.0,TRUE
mid-century-bauhaus-modernism-curved-constructivist-arches-no-11-ecad09,Mid-Century Bauhaus & Modernism - Curved constructivist arches No. 11,"<p>Transform your living space with Mid-Century Bauhaus & Modernism - Curved constructivist arches No. 11. Printed on museum-grade heavyweight matte paper and encased in premium solid wood frames.</p><p>Created to reflect the calming balance of Mid-Century Bauhaus & Modernism, combining Deep Cobalt, Burnt Vermilion, Mustard Yellow, Matte Black, Warm Parchment tones to anchor modern interiors with refined elegance.</p>",Atelier & Canvas,Wall Art,"mid-century bauhaus & modernism wall art, framed canvas print, modern living room art, large statement art, neutral home decor, gallery wall art, bedroom wall decor, minimalist poster, terracotta art print, fine art giclee, sustainable wall art",Size,18x24 in (45x60 cm),Frame Style,Solid Natural Oak Wood Frame,framed-poster_flat_wood_natural_18x24-in_200-gsm,76.0,TRUE
mid-century-bauhaus-modernism-curved-constructivist-arches-no-11-ecad09,Mid-Century Bauhaus & Modernism - Curved constructivist arches No. 11,"<p>Transform your living space with Mid-Century Bauhaus & Modernism - Curved constructivist arches No. 11. Printed on museum-grade heavyweight matte paper and encased in premium solid wood frames.</p><p>Created to reflect the calming balance of Mid-Century Bauhaus & Modernism, combining Deep Cobalt, Burnt Vermilion, Mustard Yellow, Matte Black, Warm Parchment tones to anchor modern interiors with refined elegance.</p>",Atelier & Canvas,Wall Art,"mid-century bauhaus & modernism wall art, framed canvas print, modern living room art, large statement art, neutral home decor, gallery wall art, bedroom wall decor, minimalist poster, terracotta art print, fine art giclee, sustainable wall art",Size,18x24 in (45x60 cm),Frame Style,Matte Black Solid Wood Frame,framed-poster_flat_wood_black_18x24-in_200-gsm,73.0,TRUE
mid-century-bauhaus-modernism-curved-constructivist-arches-no-11-ecad09,Mid-Century Bauhaus & Modernism - Curved constructivist arches No. 11,"<p>Transform your living space with Mid-Century Bauhaus & Modernism - Curved constructivist arches No. 11. Printed on museum-grade heavyweight matte paper and encased in premium solid wood frames.</p><p>Created to reflect the calming balance of Mid-Century Bauhaus & Modernism, combining Deep Cobalt, Burnt Vermilion, Mustard Yellow, Matte Black, Warm Parchment tones to anchor modern interiors with refined elegance.</p>",Atelier & Canvas,Wall Art,"mid-century bauhaus & modernism wall art, framed canvas print, modern living room art, large statement art, neutral home decor, gallery wall art, bedroom wall decor, minimalist poster, terracotta art print, fine art giclee, sustainable wall art",Size,18x24 in (45x60 cm),Frame Style,Nordic White Wood Frame,framed-poster_flat_wood_white_18x24-in_200-gsm,73.0,TRUE
mid-century-bauhaus-modernism-curved-constructivist-arches-no-11-ecad09,Mid-Century Bauhaus & Modernism - Curved constructivist arches No. 11,"<p>Transform your living space with Mid-Century Bauhaus & Modernism - Curved constructivist arches No. 11. Printed on museum-grade heavyweight matte paper and encased in premium solid wood frames.</p><p>Created to reflect the calming balance of Mid-Century Bauhaus & Modernism, combining Deep Cobalt, Burnt Vermilion, Mustard Yellow, Matte Black, Warm Parchment tones to anchor modern interiors with refined elegance.</p>",Atelier & Canvas,Wall Art,"mid-century bauhaus & modernism wall art, framed canvas print, modern living room art, large statement art, neutral home decor, gallery wall art, bedroom wall decor, minimalist poster, terracotta art print, fine art giclee, sustainable wall art",Size,18x24 in (45x60 cm),Frame Style,Gallery Stretched Fine Art Canvas,canvas_slim_18x24-in_wood-frame,68.0,TRUE
mid-century-bauhaus-modernism-curved-constructivist-arches-no-11-ecad09,Mid-Century Bauhaus & Modernism - Curved constructivist arches No. 11,"<p>Transform your living space with Mid-Century Bauhaus & Modernism - Curved constructivist arches No. 11. Printed on museum-grade heavyweight matte paper and encased in premium solid wood frames.</p><p>Created to reflect the calming balance of Mid-Century Bauhaus & Modernism, combining Deep Cobalt, Burnt Vermilion, Mustard Yellow, Matte Black, Warm Parchment tones to anchor modern interiors with refined elegance.</p>",Atelier & Canvas,Wall Art,"mid-century bauhaus & modernism wall art, framed canvas print, modern living room art, large statement art, neutral home decor, gallery wall art, bedroom wall decor, minimalist poster, terracotta art print, fine art giclee, sustainable wall art",Size,18x24 in (45x60 cm),Frame Style,Museum-Grade Matte Fine Art Print (Unframed),poster_matte_18x24-in_250-gsm,33.0,TRUE
mid-century-bauhaus-modernism-curved-constructivist-arches-no-11-ecad09,Mid-Century Bauhaus & Modernism - Curved constructivist arches No. 11,"<p>Transform your living space with Mid-Century Bauhaus & Modernism - Curved constructivist arches No. 11. Printed on museum-grade heavyweight matte paper and encased in premium solid wood frames.</p><p>Created to reflect the calming balance of Mid-Century Bauhaus & Modernism, combining Deep Cobalt, Burnt Vermilion, Mustard Yellow, Matte Black, Warm Parchment tones to anchor modern interiors with refined elegance.</p>",Atelier & Canvas,Wall Art,"mid-century bauhaus & modernism wall art, framed canvas print, modern living room art, large statement art, neutral home decor, gallery wall art, bedroom wall decor, minimalist poster, terracotta art print, fine art giclee, sustainable wall art",Size,24x36 in (60x90 cm),Frame Style,Solid Natural Oak Wood Frame,framed-poster_flat_wood_natural_24x36-in_200-gsm,110.0,TRUE
mid-century-bauhaus-modernism-curved-constructivist-arches-no-11-ecad09,Mid-Century Bauhaus & Modernism - Curved constructivist arches No. 11,"<p>Transform your living space with Mid-Century Bauhaus & Modernism - Curved constructivist arches No. 11. Printed on museum-grade heavyweight matte paper and encased in premium solid wood frames.</p><p>Created to reflect the calming balance of Mid-Century Bauhaus & Modernism, combining Deep Cobalt, Burnt Vermilion, Mustard Yellow, Matte Black, Warm Parchment tones to anchor modern interiors with refined elegance.</p>",Atelier & Canvas,Wall Art,"mid-century bauhaus & modernism wall art, framed canvas print, modern living room art, large statement art, neutral home decor, gallery wall art, bedroom wall decor, minimalist poster, terracotta art print, fine art giclee, sustainable wall art",Size,24x36 in (60x90 cm),Frame Style,Matte Black Solid Wood Frame,framed-poster_flat_wood_black_24x36-in_200-gsm,105.0,TRUE
mid-century-bauhaus-modernism-curved-constructivist-arches-no-11-ecad09,Mid-Century Bauhaus & Modernism - Curved constructivist arches No. 11,"<p>Transform your living space with Mid-Century Bauhaus & Modernism - Curved constructivist arches No. 11. Printed on museum-grade heavyweight matte paper and encased in premium solid wood frames.</p><p>Created to reflect the calming balance of Mid-Century Bauhaus & Modernism, combining Deep Cobalt, Burnt Vermilion, Mustard Yellow, Matte Black, Warm Parchment tones to anchor modern interiors with refined elegance.</p>",Atelier & Canvas,Wall Art,"mid-century bauhaus & modernism wall art, framed canvas print, modern living room art, large statement art, neutral home decor, gallery wall art, bedroom wall decor, minimalist poster, terracotta art print, fine art giclee, sustainable wall art",Size,24x36 in (60x90 cm),Frame Style,Nordic White Wood Frame,framed-poster_flat_wood_white_24x36-in_200-gsm,105.0,TRUE
mid-century-bauhaus-modernism-curved-constructivist-arches-no-11-ecad09,Mid-Century Bauhaus & Modernism - Curved constructivist arches No. 11,"<p>Transform your living space with Mid-Century Bauhaus & Modernism - Curved constructivist arches No. 11. Printed on museum-grade heavyweight matte paper and encased in premium solid wood frames.</p><p>Created to reflect the calming balance of Mid-Century Bauhaus & Modernism, combining Deep Cobalt, Burnt Vermilion, Mustard Yellow, Matte Black, Warm Parchment tones to anchor modern interiors with refined elegance.</p>",Atelier & Canvas,Wall Art,"mid-century bauhaus & modernism wall art, framed canvas print, modern living room art, large statement art, neutral home decor, gallery wall art, bedroom wall decor, minimalist poster, terracotta art print, fine art giclee, sustainable wall art",Size,24x36 in (60x90 cm),Frame Style,Gallery Stretched Fine Art Canvas,canvas_slim_24x36-in_wood-frame,98.0,TRUE
mid-century-bauhaus-modernism-curved-constructivist-arches-no-11-ecad09,Mid-Century Bauhaus & Modernism - Curved constructivist arches No. 11,"<p>Transform your living space with Mid-Century Bauhaus & Modernism - Curved constructivist arches No. 11. Printed on museum-grade heavyweight matte paper and encased in premium solid wood frames.</p><p>Created to reflect the calming balance of Mid-Century Bauhaus & Modernism, combining Deep Cobalt, Burnt Vermilion, Mustard Yellow, Matte Black, Warm Parchment tones to anchor modern interiors with refined elegance.</p>",Atelier & Canvas,Wall Art,"mid-century bauhaus & modernism wall art, framed canvas print, modern living room art, large statement art, neutral home decor, gallery wall art, bedroom wall decor, minimalist poster, terracotta art print, fine art giclee, sustainable wall art",Size,24x36 in (60x90 cm),Frame Style,Museum-Grade Matte Fine Art Print (Unframed),poster_matte_24x36-in_250-gsm,46.0,TRUE
mid-century-bauhaus-modernism-curved-constructivist-arches-no-11-ecad09,Mid-Century Bauhaus & Modernism - Curved constructivist arches No. 11,"<p>Transform your living space with Mid-Century Bauhaus & Modernism - Curved constructivist arches No. 11. Printed on museum-grade heavyweight matte paper and encased in premium solid wood frames.</p><p>Created to reflect the calming balance of Mid-Century Bauhaus & Modernism, combining Deep Cobalt, Burnt Vermilion, Mustard Yellow, Matte Black, Warm Parchment tones to anchor modern interiors with refined elegance.</p>",Atelier & Canvas,Wall Art,"mid-century bauhaus & modernism wall art, framed canvas print, modern living room art, large statement art, neutral home decor, gallery wall art, bedroom wall decor, minimalist poster, terracotta art print, fine art giclee, sustainable wall art",Size,30x40 in (75x100 cm),Frame Style,Solid Natural Oak Wood Frame,framed-poster_flat_wood_natural_30x40-in_200-gsm,148.0,TRUE
mid-century-bauhaus-modernism-curved-constructivist-arches-no-11-ecad09,Mid-Century Bauhaus & Modernism - Curved constructivist arches No. 11,"<p>Transform your living space with Mid-Century Bauhaus & Modernism - Curved constructivist arches No. 11. Printed on museum-grade heavyweight matte paper and encased in premium solid wood frames.</p><p>Created to reflect the calming balance of Mid-Century Bauhaus & Modernism, combining Deep Cobalt, Burnt Vermilion, Mustard Yellow, Matte Black, Warm Parchment tones to anchor modern interiors with refined elegance.</p>",Atelier & Canvas,Wall Art,"mid-century bauhaus & modernism wall art, framed canvas print, modern living room art, large statement art, neutral home decor, gallery wall art, bedroom wall decor, minimalist poster, terracotta art print, fine art giclee, sustainable wall art",Size,30x40 in (75x100 cm),Frame Style,Matte Black Solid Wood Frame,framed-poster_flat_wood_black_30x40-in_200-gsm,143.0,TRUE
mid-century-bauhaus-modernism-curved-constructivist-arches-no-11-ecad09,Mid-Century Bauhaus & Modernism - Curved constructivist arches No. 11,"<p>Transform your living space with Mid-Century Bauhaus & Modernism - Curved constructivist arches No. 11. Printed on museum-grade heavyweight matte paper and encased in premium solid wood frames.</p><p>Created to reflect the calming balance of Mid-Century Bauhaus & Modernism, combining Deep Cobalt, Burnt Vermilion, Mustard Yellow, Matte Black, Warm Parchment tones to anchor modern interiors with refined elegance.</p>",Atelier & Canvas,Wall Art,"mid-century bauhaus & modernism wall art, framed canvas print, modern living room art, large statement art, neutral home decor, gallery wall art, bedroom wall decor, minimalist poster, terracotta art print, fine art giclee, sustainable wall art",Size,30x40 in (75x100 cm),Frame Style,Gallery Stretched Fine Art Canvas,canvas_slim_30x40-in_wood-frame,137.0,TRUE
mid-century-bauhaus-modernism-curved-constructivist-arches-no-11-ecad09,Mid-Century Bauhaus & Modernism - Curved constructivist arches No. 11,"<p>Transform your living space with Mid-Century Bauhaus & Modernism - Curved constructivist arches No. 11. Printed on museum-grade heavyweight matte paper and encased in premium solid wood frames.</p><p>Created to reflect the calming balance of Mid-Century Bauhaus & Modernism, combining Deep Cobalt, Burnt Vermilion, Mustard Yellow, Matte Black, Warm Parchment tones to anchor modern interiors with refined elegance.</p>",Atelier & Canvas,Wall Art,"mid-century bauhaus & modernism wall art, framed canvas print, modern living room art, large statement art, neutral home decor, gallery wall art, bedroom wall decor, minimalist poster, terracotta art print, fine art giclee, sustainable wall art",Size,30x40 in (75x100 cm),Frame Style,Museum-Grade Matte Fine Art Print (Unframed),poster_matte_30x40-in_250-gsm,59.0,TRUE
japandi-wabi-sabi-minimalism-botanical-branch-shadows-no-5-5e152e,Japandi & Wabi-Sabi Minimalism - Botanical branch shadows No. 5,"<p>Transform your living space with Japandi & Wabi-Sabi Minimalism - Botanical branch shadows No. 5. Printed on museum-grade heavyweight matte paper and encased in premium solid wood frames.</p><p>Created to reflect the calming balance of Japandi & Wabi-Sabi Minimalism, combining Terracotta, Warm Ochre, Charcoal Slate, Muted Sage, Raw Linen, Sandstone tones to anchor modern interiors with refined elegance.</p>",Atelier & Canvas,Wall Art,"japandi & wabi-sabi minimalism wall art, framed canvas print, modern living room art, large statement art, neutral home decor, gallery wall art, bedroom wall decor, minimalist poster, terracotta art print, fine art giclee, sustainable wall art",Size,12x18 in (30x45 cm),Frame Style,Solid Natural Oak Wood Frame,framed-poster_flat_wood_natural_12x18-in_200-gsm,52.0,TRUE
japandi-wabi-sabi-minimalism-botanical-branch-shadows-no-5-5e152e,Japandi & Wabi-Sabi Minimalism - Botanical branch shadows No. 5,"<p>Transform your living space with Japandi & Wabi-Sabi Minimalism - Botanical branch shadows No. 5. Printed on museum-grade heavyweight matte paper and encased in premium solid wood frames.</p><p>Created to reflect the calming balance of Japandi & Wabi-Sabi Minimalism, combining Terracotta, Warm Ochre, Charcoal Slate, Muted Sage, Raw Linen, Sandstone tones to anchor modern interiors with refined elegance.</p>",Atelier & Canvas,Wall Art,"japandi & wabi-sabi minimalism wall art, framed canvas print, modern living room art, large statement art, neutral home decor, gallery wall art, bedroom wall decor, minimalist poster, terracotta art print, fine art giclee, sustainable wall art",Size,12x18 in (30x45 cm),Frame Style,Matte Black Solid Wood Frame,framed-poster_flat_wood_black_12x18-in_200-gsm,50.0,TRUE
japandi-wabi-sabi-minimalism-botanical-branch-shadows-no-5-5e152e,Japandi & Wabi-Sabi Minimalism - Botanical branch shadows No. 5,"<p>Transform your living space with Japandi & Wabi-Sabi Minimalism - Botanical branch shadows No. 5. Printed on museum-grade heavyweight matte paper and encased in premium solid wood frames.</p><p>Created to reflect the calming balance of Japandi & Wabi-Sabi Minimalism, combining Terracotta, Warm Ochre, Charcoal Slate, Muted Sage, Raw Linen, Sandstone tones to anchor modern interiors with refined elegance.</p>",Atelier & Canvas,Wall Art,"japandi & wabi-sabi minimalism wall art, framed canvas print, modern living room art, large statement art, neutral home decor, gallery wall art, bedroom wall decor, minimalist poster, terracotta art print, fine art giclee, sustainable wall art",Size,12x18 in (30x45 cm),Frame Style,Museum-Grade Matte Fine Art Print (Unframed),poster_matte_12x18-in_250-gsm,26.0,TRUE
japandi-wabi-sabi-minimalism-botanical-branch-shadows-no-5-5e152e,Japandi & Wabi-Sabi Minimalism - Botanical branch shadows No. 5,"<p>Transform your living space with Japandi & Wabi-Sabi Minimalism - Botanical branch shadows No. 5. Printed on museum-grade heavyweight matte paper and encased in premium solid wood frames.</p><p>Created to reflect the calming balance of Japandi & Wabi-Sabi Minimalism, combining Terracotta, Warm Ochre, Charcoal Slate, Muted Sage, Raw Linen, Sandstone tones to anchor modern interiors with refined elegance.</p>",Atelier & Canvas,Wall Art,"japandi & wabi-sabi minimalism wall art, framed canvas print, modern living room art, large statement art, neutral home decor, gallery wall art, bedroom wall decor, minimalist poster, terracotta art print, fine art giclee, sustainable wall art",Size,18x24 in (45x60 cm),Frame Style,Solid Natural Oak Wood Frame,framed-poster_flat_wood_natural_18x24-in_200-gsm,76.0,TRUE
japandi-wabi-sabi-minimalism-botanical-branch-shadows-no-5-5e152e,Japandi & Wabi-Sabi Minimalism - Botanical branch shadows No. 5,"<p>Transform your living space with Japandi & Wabi-Sabi Minimalism - Botanical branch shadows No. 5. Printed on museum-grade heavyweight matte paper and encased in premium solid wood frames.</p><p>Created to reflect the calming balance of Japandi & Wabi-Sabi Minimalism, combining Terracotta, Warm Ochre, Charcoal Slate, Muted Sage, Raw Linen, Sandstone tones to anchor modern interiors with refined elegance.</p>",Atelier & Canvas,Wall Art,"japandi & wabi-sabi minimalism wall art, framed canvas print, modern living room art, large statement art, neutral home decor, gallery wall art, bedroom wall decor, minimalist poster, terracotta art print, fine art giclee, sustainable wall art",Size,18x24 in (45x60 cm),Frame Style,Matte Black Solid Wood Frame,framed-poster_flat_wood_black_18x24-in_200-gsm,73.0,TRUE
japandi-wabi-sabi-minimalism-botanical-branch-shadows-no-5-5e152e,Japandi & Wabi-Sabi Minimalism - Botanical branch shadows No. 5,"<p>Transform your living space with Japandi & Wabi-Sabi Minimalism - Botanical branch shadows No. 5. Printed on museum-grade heavyweight matte paper and encased in premium solid wood frames.</p><p>Created to reflect the calming balance of Japandi & Wabi-Sabi Minimalism, combining Terracotta, Warm Ochre, Charcoal Slate, Muted Sage, Raw Linen, Sandstone tones to anchor modern interiors with refined elegance.</p>",Atelier & Canvas,Wall Art,"japandi & wabi-sabi minimalism wall art, framed canvas print, modern living room art, large statement art, neutral home decor, gallery wall art, bedroom wall decor, minimalist poster, terracotta art print, fine art giclee, sustainable wall art",Size,18x24 in (45x60 cm),Frame Style,Nordic White Wood Frame,framed-poster_flat_wood_white_18x24-in_200-gsm,73.0,TRUE
japandi-wabi-sabi-minimalism-botanical-branch-shadows-no-5-5e152e,Japandi & Wabi-Sabi Minimalism - Botanical branch shadows No. 5,"<p>Transform your living space with Japandi & Wabi-Sabi Minimalism - Botanical branch shadows No. 5. Printed on museum-grade heavyweight matte paper and encased in premium solid wood frames.</p><p>Created to reflect the calming balance of Japandi & Wabi-Sabi Minimalism, combining Terracotta, Warm Ochre, Charcoal Slate, Muted Sage, Raw Linen, Sandstone tones to anchor modern interiors with refined elegance.</p>",Atelier & Canvas,Wall Art,"japandi & wabi-sabi minimalism wall art, framed canvas print, modern living room art, large statement art, neutral home decor, gallery wall art, bedroom wall decor, minimalist poster, terracotta art print, fine art giclee, sustainable wall art",Size,18x24 in (45x60 cm),Frame Style,Gallery Stretched Fine Art Canvas,canvas_slim_18x24-in_wood-frame,68.0,TRUE
japandi-wabi-sabi-minimalism-botanical-branch-shadows-no-5-5e152e,Japandi & Wabi-Sabi Minimalism - Botanical branch shadows No. 5,"<p>Transform your living space with Japandi & Wabi-Sabi Minimalism - Botanical branch shadows No. 5. Printed on museum-grade heavyweight matte paper and encased in premium solid wood frames.</p><p>Created to reflect the calming balance of Japandi & Wabi-Sabi Minimalism, combining Terracotta, Warm Ochre, Charcoal Slate, Muted Sage, Raw Linen, Sandstone tones to anchor modern interiors with refined elegance.</p>",Atelier & Canvas,Wall Art,"japandi & wabi-sabi minimalism wall art, framed canvas print, modern living room art, large statement art, neutral home decor, gallery wall art, bedroom wall decor, minimalist poster, terracotta art print, fine art giclee, sustainable wall art",Size,18x24 in (45x60 cm),Frame Style,Museum-Grade Matte Fine Art Print (Unframed),poster_matte_18x24-in_250-gsm,33.0,TRUE
japandi-wabi-sabi-minimalism-botanical-branch-shadows-no-5-5e152e,Japandi & Wabi-Sabi Minimalism - Botanical branch shadows No. 5,"<p>Transform your living space with Japandi & Wabi-Sabi Minimalism - Botanical branch shadows No. 5. Printed on museum-grade heavyweight matte paper and encased in premium solid wood frames.</p><p>Created to reflect the calming balance of Japandi & Wabi-Sabi Minimalism, combining Terracotta, Warm Ochre, Charcoal Slate, Muted Sage, Raw Linen, Sandstone tones to anchor modern interiors with refined elegance.</p>",Atelier & Canvas,Wall Art,"japandi & wabi-sabi minimalism wall art, framed canvas print, modern living room art, large statement art, neutral home decor, gallery wall art, bedroom wall decor, minimalist poster, terracotta art print, fine art giclee, sustainable wall art",Size,24x36 in (60x90 cm),Frame Style,Solid Natural Oak Wood Frame,framed-poster_flat_wood_natural_24x36-in_200-gsm,110.0,TRUE
japandi-wabi-sabi-minimalism-botanical-branch-shadows-no-5-5e152e,Japandi & Wabi-Sabi Minimalism - Botanical branch shadows No. 5,"<p>Transform your living space with Japandi & Wabi-Sabi Minimalism - Botanical branch shadows No. 5. Printed on museum-grade heavyweight matte paper and encased in premium solid wood frames.</p><p>Created to reflect the calming balance of Japandi & Wabi-Sabi Minimalism, combining Terracotta, Warm Ochre, Charcoal Slate, Muted Sage, Raw Linen, Sandstone tones to anchor modern interiors with refined elegance.</p>",Atelier & Canvas,Wall Art,"japandi & wabi-sabi minimalism wall art, framed canvas print, modern living room art, large statement art, neutral home decor, gallery wall art, bedroom wall decor, minimalist poster, terracotta art print, fine art giclee, sustainable wall art",Size,24x36 in (60x90 cm),Frame Style,Matte Black Solid Wood Frame,framed-poster_flat_wood_black_24x36-in_200-gsm,105.0,TRUE
japandi-wabi-sabi-minimalism-botanical-branch-shadows-no-5-5e152e,Japandi & Wabi-Sabi Minimalism - Botanical branch shadows No. 5,"<p>Transform your living space with Japandi & Wabi-Sabi Minimalism - Botanical branch shadows No. 5. Printed on museum-grade heavyweight matte paper and encased in premium solid wood frames.</p><p>Created to reflect the calming balance of Japandi & Wabi-Sabi Minimalism, combining Terracotta, Warm Ochre, Charcoal Slate, Muted Sage, Raw Linen, Sandstone tones to anchor modern interiors with refined elegance.</p>",Atelier & Canvas,Wall Art,"japandi & wabi-sabi minimalism wall art, framed canvas print, modern living room art, large statement art, neutral home decor, gallery wall art, bedroom wall decor, minimalist poster, terracotta art print, fine art giclee, sustainable wall art",Size,24x36 in (60x90 cm),Frame Style,Nordic White Wood Frame,framed-poster_flat_wood_white_24x36-in_200-gsm,105.0,TRUE
japandi-wabi-sabi-minimalism-botanical-branch-shadows-no-5-5e152e,Japandi & Wabi-Sabi Minimalism - Botanical branch shadows No. 5,"<p>Transform your living space with Japandi & Wabi-Sabi Minimalism - Botanical branch shadows No. 5. Printed on museum-grade heavyweight matte paper and encased in premium solid wood frames.</p><p>Created to reflect the calming balance of Japandi & Wabi-Sabi Minimalism, combining Terracotta, Warm Ochre, Charcoal Slate, Muted Sage, Raw Linen, Sandstone tones to anchor modern interiors with refined elegance.</p>",Atelier & Canvas,Wall Art,"japandi & wabi-sabi minimalism wall art, framed canvas print, modern living room art, large statement art, neutral home decor, gallery wall art, bedroom wall decor, minimalist poster, terracotta art print, fine art giclee, sustainable wall art",Size,24x36 in (60x90 cm),Frame Style,Gallery Stretched Fine Art Canvas,canvas_slim_24x36-in_wood-frame,98.0,TRUE
japandi-wabi-sabi-minimalism-botanical-branch-shadows-no-5-5e152e,Japandi & Wabi-Sabi Minimalism - Botanical branch shadows No. 5,"<p>Transform your living space with Japandi & Wabi-Sabi Minimalism - Botanical branch shadows No. 5. Printed on museum-grade heavyweight matte paper and encased in premium solid wood frames.</p><p>Created to reflect the calming balance of Japandi & Wabi-Sabi Minimalism, combining Terracotta, Warm Ochre, Charcoal Slate, Muted Sage, Raw Linen, Sandstone tones to anchor modern interiors with refined elegance.</p>",Atelier & Canvas,Wall Art,"japandi & wabi-sabi minimalism wall art, framed canvas print, modern living room art, large statement art, neutral home decor, gallery wall art, bedroom wall decor, minimalist poster, terracotta art print, fine art giclee, sustainable wall art",Size,24x36 in (60x90 cm),Frame Style,Museum-Grade Matte Fine Art Print (Unframed),poster_matte_24x36-in_250-gsm,46.0,TRUE
japandi-wabi-sabi-minimalism-botanical-branch-shadows-no-5-5e152e,Japandi & Wabi-Sabi Minimalism - Botanical branch shadows No. 5,"<p>Transform your living space with Japandi & Wabi-Sabi Minimalism - Botanical branch shadows No. 5. Printed on museum-grade heavyweight matte paper and encased in premium solid wood frames.</p><p>Created to reflect the calming balance of Japandi & Wabi-Sabi Minimalism, combining Terracotta, Warm Ochre, Charcoal Slate, Muted Sage, Raw Linen, Sandstone tones to anchor modern interiors with refined elegance.</p>",Atelier & Canvas,Wall Art,"japandi & wabi-sabi minimalism wall art, framed canvas print, modern living room art, large statement art, neutral home decor, gallery wall art, bedroom wall decor, minimalist poster, terracotta art print, fine art giclee, sustainable wall art",Size,30x40 in (75x100 cm),Frame Style,Solid Natural Oak Wood Frame,framed-poster_flat_wood_natural_30x40-in_200-gsm,148.0,TRUE
japandi-wabi-sabi-minimalism-botanical-branch-shadows-no-5-5e152e,Japandi & Wabi-Sabi Minimalism - Botanical branch shadows No. 5,"<p>Transform your living space with Japandi & Wabi-Sabi Minimalism - Botanical branch shadows No. 5. Printed on museum-grade heavyweight matte paper and encased in premium solid wood frames.</p><p>Created to reflect the calming balance of Japandi & Wabi-Sabi Minimalism, combining Terracotta, Warm Ochre, Charcoal Slate, Muted Sage, Raw Linen, Sandstone tones to anchor modern interiors with refined elegance.</p>",Atelier & Canvas,Wall Art,"japandi & wabi-sabi minimalism wall art, framed canvas print, modern living room art, large statement art, neutral home decor, gallery wall art, bedroom wall decor, minimalist poster, terracotta art print, fine art giclee, sustainable wall art",Size,30x40 in (75x100 cm),Frame Style,Matte Black Solid Wood Frame,framed-poster_flat_wood_black_30x40-in_200-gsm,143.0,TRUE
japandi-wabi-sabi-minimalism-botanical-branch-shadows-no-5-5e152e,Japandi & Wabi-Sabi Minimalism - Botanical branch shadows No. 5,"<p>Transform your living space with Japandi & Wabi-Sabi Minimalism - Botanical branch shadows No. 5. Printed on museum-grade heavyweight matte paper and encased in premium solid wood frames.</p><p>Created to reflect the calming balance of Japandi & Wabi-Sabi Minimalism, combining Terracotta, Warm Ochre, Charcoal Slate, Muted Sage, Raw Linen, Sandstone tones to anchor modern interiors with refined elegance.</p>",Atelier & Canvas,Wall Art,"japandi & wabi-sabi minimalism wall art, framed canvas print, modern living room art, large statement art, neutral home decor, gallery wall art, bedroom wall decor, minimalist poster, terracotta art print, fine art giclee, sustainable wall art",Size,30x40 in (75x100 cm),Frame Style,Gallery Stretched Fine Art Canvas,canvas_slim_30x40-in_wood-frame,137.0,TRUE
japandi-wabi-sabi-minimalism-botanical-branch-shadows-no-5-5e152e,Japandi & Wabi-Sabi Minimalism - Botanical branch shadows No. 5,"<p>Transform your living space with Japandi & Wabi-Sabi Minimalism - Botanical branch shadows No. 5. Printed on museum-grade heavyweight matte paper and encased in premium solid wood frames.</p><p>Created to reflect the calming balance of Japandi & Wabi-Sabi Minimalism, combining Terracotta, Warm Ochre, Charcoal Slate, Muted Sage, Raw Linen, Sandstone tones to anchor modern interiors with refined elegance.</p>",Atelier & Canvas,Wall Art,"japandi & wabi-sabi minimalism wall art, framed canvas print, modern living room art, large statement art, neutral home decor, gallery wall art, bedroom wall decor, minimalist poster, terracotta art print, fine art giclee, sustainable wall art",Size,30x40 in (75x100 cm),Frame Style,Museum-Grade Matte Fine Art Print (Unframed),poster_matte_30x40-in_250-gsm,59.0,TRUE
dark-academia-textured-renaissance-atmospheric-misty-mountain-pines-no-5-f7522e,Dark Academia & Textured Renaissance - Atmospheric misty mountain pines No. 5,"<p>Transform your living space with Dark Academia & Textured Renaissance - Atmospheric misty mountain pines No. 5. Printed on museum-grade heavyweight matte paper and encased in premium solid wood frames.</p><p>Created to reflect the calming balance of Dark Academia & Textured Renaissance, combining Deep Obsidian, Burnished Gold, Burgundy Wine, Espresso Umber, Smoky Indigo tones to anchor modern interiors with refined elegance.</p>",Atelier & Canvas,Wall Art,"dark academia & textured renaissance wall art, framed canvas print, modern living room art, large statement art, neutral home decor, gallery wall art, bedroom wall decor, minimalist poster, terracotta art print, fine art giclee, sustainable wall art",Size,12x18 in (30x45 cm),Frame Style,Solid Natural Oak Wood Frame,framed-poster_flat_wood_natural_12x18-in_200-gsm,52.0,TRUE
dark-academia-textured-renaissance-atmospheric-misty-mountain-pines-no-5-f7522e,Dark Academia & Textured Renaissance - Atmospheric misty mountain pines No. 5,"<p>Transform your living space with Dark Academia & Textured Renaissance - Atmospheric misty mountain pines No. 5. Printed on museum-grade heavyweight matte paper and encased in premium solid wood frames.</p><p>Created to reflect the calming balance of Dark Academia & Textured Renaissance, combining Deep Obsidian, Burnished Gold, Burgundy Wine, Espresso Umber, Smoky Indigo tones to anchor modern interiors with refined elegance.</p>",Atelier & Canvas,Wall Art,"dark academia & textured renaissance wall art, framed canvas print, modern living room art, large statement art, neutral home decor, gallery wall art, bedroom wall decor, minimalist poster, terracotta art print, fine art giclee, sustainable wall art",Size,12x18 in (30x45 cm),Frame Style,Matte Black Solid Wood Frame,framed-poster_flat_wood_black_12x18-in_200-gsm,50.0,TRUE
dark-academia-textured-renaissance-atmospheric-misty-mountain-pines-no-5-f7522e,Dark Academia & Textured Renaissance - Atmospheric misty mountain pines No. 5,"<p>Transform your living space with Dark Academia & Textured Renaissance - Atmospheric misty mountain pines No. 5. Printed on museum-grade heavyweight matte paper and encased in premium solid wood frames.</p><p>Created to reflect the calming balance of Dark Academia & Textured Renaissance, combining Deep Obsidian, Burnished Gold, Burgundy Wine, Espresso Umber, Smoky Indigo tones to anchor modern interiors with refined elegance.</p>",Atelier & Canvas,Wall Art,"dark academia & textured renaissance wall art, framed canvas print, modern living room art, large statement art, neutral home decor, gallery wall art, bedroom wall decor, minimalist poster, terracotta art print, fine art giclee, sustainable wall art",Size,12x18 in (30x45 cm),Frame Style,Museum-Grade Matte Fine Art Print (Unframed),poster_matte_12x18-in_250-gsm,26.0,TRUE
dark-academia-textured-renaissance-atmospheric-misty-mountain-pines-no-5-f7522e,Dark Academia & Textured Renaissance - Atmospheric misty mountain pines No. 5,"<p>Transform your living space with Dark Academia & Textured Renaissance - Atmospheric misty mountain pines No. 5. Printed on museum-grade heavyweight matte paper and encased in premium solid wood frames.</p><p>Created to reflect the calming balance of Dark Academia & Textured Renaissance, combining Deep Obsidian, Burnished Gold, Burgundy Wine, Espresso Umber, Smoky Indigo tones to anchor modern interiors with refined elegance.</p>",Atelier & Canvas,Wall Art,"dark academia & textured renaissance wall art, framed canvas print, modern living room art, large statement art, neutral home decor, gallery wall art, bedroom wall decor, minimalist poster, terracotta art print, fine art giclee, sustainable wall art",Size,18x24 in (45x60 cm),Frame Style,Solid Natural Oak Wood Frame,framed-poster_flat_wood_natural_18x24-in_200-gsm,76.0,TRUE
dark-academia-textured-renaissance-atmospheric-misty-mountain-pines-no-5-f7522e,Dark Academia & Textured Renaissance - Atmospheric misty mountain pines No. 5,"<p>Transform your living space with Dark Academia & Textured Renaissance - Atmospheric misty mountain pines No. 5. Printed on museum-grade heavyweight matte paper and encased in premium solid wood frames.</p><p>Created to reflect the calming balance of Dark Academia & Textured Renaissance, combining Deep Obsidian, Burnished Gold, Burgundy Wine, Espresso Umber, Smoky Indigo tones to anchor modern interiors with refined elegance.</p>",Atelier & Canvas,Wall Art,"dark academia & textured renaissance wall art, framed canvas print, modern living room art, large statement art, neutral home decor, gallery wall art, bedroom wall decor, minimalist poster, terracotta art print, fine art giclee, sustainable wall art",Size,18x24 in (45x60 cm),Frame Style,Matte Black Solid Wood Frame,framed-poster_flat_wood_black_18x24-in_200-gsm,73.0,TRUE
dark-academia-textured-renaissance-atmospheric-misty-mountain-pines-no-5-f7522e,Dark Academia & Textured Renaissance - Atmospheric misty mountain pines No. 5,"<p>Transform your living space with Dark Academia & Textured Renaissance - Atmospheric misty mountain pines No. 5. Printed on museum-grade heavyweight matte paper and encased in premium solid wood frames.</p><p>Created to reflect the calming balance of Dark Academia & Textured Renaissance, combining Deep Obsidian, Burnished Gold, Burgundy Wine, Espresso Umber, Smoky Indigo tones to anchor modern interiors with refined elegance.</p>",Atelier & Canvas,Wall Art,"dark academia & textured renaissance wall art, framed canvas print, modern living room art, large statement art, neutral home decor, gallery wall art, bedroom wall decor, minimalist poster, terracotta art print, fine art giclee, sustainable wall art",Size,18x24 in (45x60 cm),Frame Style,Nordic White Wood Frame,framed-poster_flat_wood_white_18x24-in_200-gsm,73.0,TRUE
dark-academia-textured-renaissance-atmospheric-misty-mountain-pines-no-5-f7522e,Dark Academia & Textured Renaissance - Atmospheric misty mountain pines No. 5,"<p>Transform your living space with Dark Academia & Textured Renaissance - Atmospheric misty mountain pines No. 5. Printed on museum-grade heavyweight matte paper and encased in premium solid wood frames.</p><p>Created to reflect the calming balance of Dark Academia & Textured Renaissance, combining Deep Obsidian, Burnished Gold, Burgundy Wine, Espresso Umber, Smoky Indigo tones to anchor modern interiors with refined elegance.</p>",Atelier & Canvas,Wall Art,"dark academia & textured renaissance wall art, framed canvas print, modern living room art, large statement art, neutral home decor, gallery wall art, bedroom wall decor, minimalist poster, terracotta art print, fine art giclee, sustainable wall art",Size,18x24 in (45x60 cm),Frame Style,Gallery Stretched Fine Art Canvas,canvas_slim_18x24-in_wood-frame,68.0,TRUE
dark-academia-textured-renaissance-atmospheric-misty-mountain-pines-no-5-f7522e,Dark Academia & Textured Renaissance - Atmospheric misty mountain pines No. 5,"<p>Transform your living space with Dark Academia & Textured Renaissance - Atmospheric misty mountain pines No. 5. Printed on museum-grade heavyweight matte paper and encased in premium solid wood frames.</p><p>Created to reflect the calming balance of Dark Academia & Textured Renaissance, combining Deep Obsidian, Burnished Gold, Burgundy Wine, Espresso Umber, Smoky Indigo tones to anchor modern interiors with refined elegance.</p>",Atelier & Canvas,Wall Art,"dark academia & textured renaissance wall art, framed canvas print, modern living room art, large statement art, neutral home decor, gallery wall art, bedroom wall decor, minimalist poster, terracotta art print, fine art giclee, sustainable wall art",Size,18x24 in (45x60 cm),Frame Style,Museum-Grade Matte Fine Art Print (Unframed),poster_matte_18x24-in_250-gsm,33.0,TRUE
dark-academia-textured-renaissance-atmospheric-misty-mountain-pines-no-5-f7522e,Dark Academia & Textured Renaissance - Atmospheric misty mountain pines No. 5,"<p>Transform your living space with Dark Academia & Textured Renaissance - Atmospheric misty mountain pines No. 5. Printed on museum-grade heavyweight matte paper and encased in premium solid wood frames.</p><p>Created to reflect the calming balance of Dark Academia & Textured Renaissance, combining Deep Obsidian, Burnished Gold, Burgundy Wine, Espresso Umber, Smoky Indigo tones to anchor modern interiors with refined elegance.</p>",Atelier & Canvas,Wall Art,"dark academia & textured renaissance wall art, framed canvas print, modern living room art, large statement art, neutral home decor, gallery wall art, bedroom wall decor, minimalist poster, terracotta art print, fine art giclee, sustainable wall art",Size,24x36 in (60x90 cm),Frame Style,Solid Natural Oak Wood Frame,framed-poster_flat_wood_natural_24x36-in_200-gsm,110.0,TRUE
dark-academia-textured-renaissance-atmospheric-misty-mountain-pines-no-5-f7522e,Dark Academia & Textured Renaissance - Atmospheric misty mountain pines No. 5,"<p>Transform your living space with Dark Academia & Textured Renaissance - Atmospheric misty mountain pines No. 5. Printed on museum-grade heavyweight matte paper and encased in premium solid wood frames.</p><p>Created to reflect the calming balance of Dark Academia & Textured Renaissance, combining Deep Obsidian, Burnished Gold, Burgundy Wine, Espresso Umber, Smoky Indigo tones to anchor modern interiors with refined elegance.</p>",Atelier & Canvas,Wall Art,"dark academia & textured renaissance wall art, framed canvas print, modern living room art, large statement art, neutral home decor, gallery wall art, bedroom wall decor, minimalist poster, terracotta art print, fine art giclee, sustainable wall art",Size,24x36 in (60x90 cm),Frame Style,Matte Black Solid Wood Frame,framed-poster_flat_wood_black_24x36-in_200-gsm,105.0,TRUE
dark-academia-textured-renaissance-atmospheric-misty-mountain-pines-no-5-f7522e,Dark Academia & Textured Renaissance - Atmospheric misty mountain pines No. 5,"<p>Transform your living space with Dark Academia & Textured Renaissance - Atmospheric misty mountain pines No. 5. Printed on museum-grade heavyweight matte paper and encased in premium solid wood frames.</p><p>Created to reflect the calming balance of Dark Academia & Textured Renaissance, combining Deep Obsidian, Burnished Gold, Burgundy Wine, Espresso Umber, Smoky Indigo tones to anchor modern interiors with refined elegance.</p>",Atelier & Canvas,Wall Art,"dark academia & textured renaissance wall art, framed canvas print, modern living room art, large statement art, neutral home decor, gallery wall art, bedroom wall decor, minimalist poster, terracotta art print, fine art giclee, sustainable wall art",Size,24x36 in (60x90 cm),Frame Style,Nordic White Wood Frame,framed-poster_flat_wood_white_24x36-in_200-gsm,105.0,TRUE
dark-academia-textured-renaissance-atmospheric-misty-mountain-pines-no-5-f7522e,Dark Academia & Textured Renaissance - Atmospheric misty mountain pines No. 5,"<p>Transform your living space with Dark Academia & Textured Renaissance - Atmospheric misty mountain pines No. 5. Printed on museum-grade heavyweight matte paper and encased in premium solid wood frames.</p><p>Created to reflect the calming balance of Dark Academia & Textured Renaissance, combining Deep Obsidian, Burnished Gold, Burgundy Wine, Espresso Umber, Smoky Indigo tones to anchor modern interiors with refined elegance.</p>",Atelier & Canvas,Wall Art,"dark academia & textured renaissance wall art, framed canvas print, modern living room art, large statement art, neutral home decor, gallery wall art, bedroom wall decor, minimalist poster, terracotta art print, fine art giclee, sustainable wall art",Size,24x36 in (60x90 cm),Frame Style,Gallery Stretched Fine Art Canvas,canvas_slim_24x36-in_wood-frame,98.0,TRUE
dark-academia-textured-renaissance-atmospheric-misty-mountain-pines-no-5-f7522e,Dark Academia & Textured Renaissance - Atmospheric misty mountain pines No. 5,"<p>Transform your living space with Dark Academia & Textured Renaissance - Atmospheric misty mountain pines No. 5. Printed on museum-grade heavyweight matte paper and encased in premium solid wood frames.</p><p>Created to reflect the calming balance of Dark Academia & Textured Renaissance, combining Deep Obsidian, Burnished Gold, Burgundy Wine, Espresso Umber, Smoky Indigo tones to anchor modern interiors with refined elegance.</p>",Atelier & Canvas,Wall Art,"dark academia & textured renaissance wall art, framed canvas print, modern living room art, large statement art, neutral home decor, gallery wall art, bedroom wall decor, minimalist poster, terracotta art print, fine art giclee, sustainable wall art",Size,24x36 in (60x90 cm),Frame Style,Museum-Grade Matte Fine Art Print (Unframed),poster_matte_24x36-in_250-gsm,46.0,TRUE
dark-academia-textured-renaissance-atmospheric-misty-mountain-pines-no-5-f7522e,Dark Academia & Textured Renaissance - Atmospheric misty mountain pines No. 5,"<p>Transform your living space with Dark Academia & Textured Renaissance - Atmospheric misty mountain pines No. 5. Printed on museum-grade heavyweight matte paper and encased in premium solid wood frames.</p><p>Created to reflect the calming balance of Dark Academia & Textured Renaissance, combining Deep Obsidian, Burnished Gold, Burgundy Wine, Espresso Umber, Smoky Indigo tones to anchor modern interiors with refined elegance.</p>",Atelier & Canvas,Wall Art,"dark academia & textured renaissance wall art, framed canvas print, modern living room art, large statement art, neutral home decor, gallery wall art, bedroom wall decor, minimalist poster, terracotta art print, fine art giclee, sustainable wall art",Size,30x40 in (75x100 cm),Frame Style,Solid Natural Oak Wood Frame,framed-poster_flat_wood_natural_30x40-in_200-gsm,148.0,TRUE
dark-academia-textured-renaissance-atmospheric-misty-mountain-pines-no-5-f7522e,Dark Academia & Textured Renaissance - Atmospheric misty mountain pines No. 5,"<p>Transform your living space with Dark Academia & Textured Renaissance - Atmospheric misty mountain pines No. 5. Printed on museum-grade heavyweight matte paper and encased in premium solid wood frames.</p><p>Created to reflect the calming balance of Dark Academia & Textured Renaissance, combining Deep Obsidian, Burnished Gold, Burgundy Wine, Espresso Umber, Smoky Indigo tones to anchor modern interiors with refined elegance.</p>",Atelier & Canvas,Wall Art,"dark academia & textured renaissance wall art, framed canvas print, modern living room art, large statement art, neutral home decor, gallery wall art, bedroom wall decor, minimalist poster, terracotta art print, fine art giclee, sustainable wall art",Size,30x40 in (75x100 cm),Frame Style,Matte Black Solid Wood Frame,framed-poster_flat_wood_black_30x40-in_200-gsm,143.0,TRUE
dark-academia-textured-renaissance-atmospheric-misty-mountain-pines-no-5-f7522e,Dark Academia & Textured Renaissance - Atmospheric misty mountain pines No. 5,"<p>Transform your living space with Dark Academia & Textured Renaissance - Atmospheric misty mountain pines No. 5. Printed on museum-grade heavyweight matte paper and encased in premium solid wood frames.</p><p>Created to reflect the calming balance of Dark Academia & Textured Renaissance, combining Deep Obsidian, Burnished Gold, Burgundy Wine, Espresso Umber, Smoky Indigo tones to anchor modern interiors with refined elegance.</p>",Atelier & Canvas,Wall Art,"dark academia & textured renaissance wall art, framed canvas print, modern living room art, large statement art, neutral home decor, gallery wall art, bedroom wall decor, minimalist poster, terracotta art print, fine art giclee, sustainable wall art",Size,30x40 in (75x100 cm),Frame Style,Gallery Stretched Fine Art Canvas,canvas_slim_30x40-in_wood-frame,137.0,TRUE
dark-academia-textured-renaissance-atmospheric-misty-mountain-pines-no-5-f7522e,Dark Academia & Textured Renaissance - Atmospheric misty mountain pines No. 5,"<p>Transform your living space with Dark Academia & Textured Renaissance - Atmospheric misty mountain pines No. 5. Printed on museum-grade heavyweight matte paper and encased in premium solid wood frames.</p><p>Created to reflect the calming balance of Dark Academia & Textured Renaissance, combining Deep Obsidian, Burnished Gold, Burgundy Wine, Espresso Umber, Smoky Indigo tones to anchor modern interiors with refined elegance.</p>",Atelier & Canvas,Wall Art,"dark academia & textured renaissance wall art, framed canvas print, modern living room art, large statement art, neutral home decor, gallery wall art, bedroom wall decor, minimalist poster, terracotta art print, fine art giclee, sustainable wall art",Size,30x40 in (75x100 cm),Frame Style,Museum-Grade Matte Fine Art Print (Unframed),poster_matte_30x40-in_250-gsm,59.0,TRUE
mediterranean-terracotta-coastal-ease-terracotta-pottery-with-olive-twigs-no-7-1dfa6d,Mediterranean Terracotta & Coastal Ease - Terracotta pottery with olive twigs No. 7,"<p>Transform your living space with Mediterranean Terracotta & Coastal Ease - Terracotta pottery with olive twigs No. 7. Printed on museum-grade heavyweight matte paper and encased in premium solid wood frames.</p><p>Created to reflect the calming balance of Mediterranean Terracotta & Coastal Ease, combining Amalfi Ultramarine, Terracotta Clay, Olive Green, Sunlit Limewash, Warm Sand tones to anchor modern interiors with refined elegance.</p>",Atelier & Canvas,Wall Art,"mediterranean terracotta & coastal ease wall art, framed canvas print, modern living room art, large statement art, neutral home decor, gallery wall art, bedroom wall decor, minimalist poster, terracotta art print, fine art giclee, sustainable wall art",Size,12x18 in (30x45 cm),Frame Style,Solid Natural Oak Wood Frame,framed-poster_flat_wood_natural_12x18-in_200-gsm,52.0,TRUE
mediterranean-terracotta-coastal-ease-terracotta-pottery-with-olive-twigs-no-7-1dfa6d,Mediterranean Terracotta & Coastal Ease - Terracotta pottery with olive twigs No. 7,"<p>Transform your living space with Mediterranean Terracotta & Coastal Ease - Terracotta pottery with olive twigs No. 7. Printed on museum-grade heavyweight matte paper and encased in premium solid wood frames.</p><p>Created to reflect the calming balance of Mediterranean Terracotta & Coastal Ease, combining Amalfi Ultramarine, Terracotta Clay, Olive Green, Sunlit Limewash, Warm Sand tones to anchor modern interiors with refined elegance.</p>",Atelier & Canvas,Wall Art,"mediterranean terracotta & coastal ease wall art, framed canvas print, modern living room art, large statement art, neutral home decor, gallery wall art, bedroom wall decor, minimalist poster, terracotta art print, fine art giclee, sustainable wall art",Size,12x18 in (30x45 cm),Frame Style,Matte Black Solid Wood Frame,framed-poster_flat_wood_black_12x18-in_200-gsm,50.0,TRUE
mediterranean-terracotta-coastal-ease-terracotta-pottery-with-olive-twigs-no-7-1dfa6d,Mediterranean Terracotta & Coastal Ease - Terracotta pottery with olive twigs No. 7,"<p>Transform your living space with Mediterranean Terracotta & Coastal Ease - Terracotta pottery with olive twigs No. 7. Printed on museum-grade heavyweight matte paper and encased in premium solid wood frames.</p><p>Created to reflect the calming balance of Mediterranean Terracotta & Coastal Ease, combining Amalfi Ultramarine, Terracotta Clay, Olive Green, Sunlit Limewash, Warm Sand tones to anchor modern interiors with refined elegance.</p>",Atelier & Canvas,Wall Art,"mediterranean terracotta & coastal ease wall art, framed canvas print, modern living room art, large statement art, neutral home decor, gallery wall art, bedroom wall decor, minimalist poster, terracotta art print, fine art giclee, sustainable wall art",Size,12x18 in (30x45 cm),Frame Style,Museum-Grade Matte Fine Art Print (Unframed),poster_matte_12x18-in_250-gsm,26.0,TRUE
mediterranean-terracotta-coastal-ease-terracotta-pottery-with-olive-twigs-no-7-1dfa6d,Mediterranean Terracotta & Coastal Ease - Terracotta pottery with olive twigs No. 7,"<p>Transform your living space with Mediterranean Terracotta & Coastal Ease - Terracotta pottery with olive twigs No. 7. Printed on museum-grade heavyweight matte paper and encased in premium solid wood frames.</p><p>Created to reflect the calming balance of Mediterranean Terracotta & Coastal Ease, combining Amalfi Ultramarine, Terracotta Clay, Olive Green, Sunlit Limewash, Warm Sand tones to anchor modern interiors with refined elegance.</p>",Atelier & Canvas,Wall Art,"mediterranean terracotta & coastal ease wall art, framed canvas print, modern living room art, large statement art, neutral home decor, gallery wall art, bedroom wall decor, minimalist poster, terracotta art print, fine art giclee, sustainable wall art",Size,18x24 in (45x60 cm),Frame Style,Solid Natural Oak Wood Frame,framed-poster_flat_wood_natural_18x24-in_200-gsm,76.0,TRUE
mediterranean-terracotta-coastal-ease-terracotta-pottery-with-olive-twigs-no-7-1dfa6d,Mediterranean Terracotta & Coastal Ease - Terracotta pottery with olive twigs No. 7,"<p>Transform your living space with Mediterranean Terracotta & Coastal Ease - Terracotta pottery with olive twigs No. 7. Printed on museum-grade heavyweight matte paper and encased in premium solid wood frames.</p><p>Created to reflect the calming balance of Mediterranean Terracotta & Coastal Ease, combining Amalfi Ultramarine, Terracotta Clay, Olive Green, Sunlit Limewash, Warm Sand tones to anchor modern interiors with refined elegance.</p>",Atelier & Canvas,Wall Art,"mediterranean terracotta & coastal ease wall art, framed canvas print, modern living room art, large statement art, neutral home decor, gallery wall art, bedroom wall decor, minimalist poster, terracotta art print, fine art giclee, sustainable wall art",Size,18x24 in (45x60 cm),Frame Style,Matte Black Solid Wood Frame,framed-poster_flat_wood_black_18x24-in_200-gsm,73.0,TRUE
mediterranean-terracotta-coastal-ease-terracotta-pottery-with-olive-twigs-no-7-1dfa6d,Mediterranean Terracotta & Coastal Ease - Terracotta pottery with olive twigs No. 7,"<p>Transform your living space with Mediterranean Terracotta & Coastal Ease - Terracotta pottery with olive twigs No. 7. Printed on museum-grade heavyweight matte paper and encased in premium solid wood frames.</p><p>Created to reflect the calming balance of Mediterranean Terracotta & Coastal Ease, combining Amalfi Ultramarine, Terracotta Clay, Olive Green, Sunlit Limewash, Warm Sand tones to anchor modern interiors with refined elegance.</p>",Atelier & Canvas,Wall Art,"mediterranean terracotta & coastal ease wall art, framed canvas print, modern living room art, large statement art, neutral home decor, gallery wall art, bedroom wall decor, minimalist poster, terracotta art print, fine art giclee, sustainable wall art",Size,18x24 in (45x60 cm),Frame Style,Nordic White Wood Frame,framed-poster_flat_wood_white_18x24-in_200-gsm,73.0,TRUE
mediterranean-terracotta-coastal-ease-terracotta-pottery-with-olive-twigs-no-7-1dfa6d,Mediterranean Terracotta & Coastal Ease - Terracotta pottery with olive twigs No. 7,"<p>Transform your living space with Mediterranean Terracotta & Coastal Ease - Terracotta pottery with olive twigs No. 7. Printed on museum-grade heavyweight matte paper and encased in premium solid wood frames.</p><p>Created to reflect the calming balance of Mediterranean Terracotta & Coastal Ease, combining Amalfi Ultramarine, Terracotta Clay, Olive Green, Sunlit Limewash, Warm Sand tones to anchor modern interiors with refined elegance.</p>",Atelier & Canvas,Wall Art,"mediterranean terracotta & coastal ease wall art, framed canvas print, modern living room art, large statement art, neutral home decor, gallery wall art, bedroom wall decor, minimalist poster, terracotta art print, fine art giclee, sustainable wall art",Size,18x24 in (45x60 cm),Frame Style,Gallery Stretched Fine Art Canvas,canvas_slim_18x24-in_wood-frame,68.0,TRUE
mediterranean-terracotta-coastal-ease-terracotta-pottery-with-olive-twigs-no-7-1dfa6d,Mediterranean Terracotta & Coastal Ease - Terracotta pottery with olive twigs No. 7,"<p>Transform your living space with Mediterranean Terracotta & Coastal Ease - Terracotta pottery with olive twigs No. 7. Printed on museum-grade heavyweight matte paper and encased in premium solid wood frames.</p><p>Created to reflect the calming balance of Mediterranean Terracotta & Coastal Ease, combining Amalfi Ultramarine, Terracotta Clay, Olive Green, Sunlit Limewash, Warm Sand tones to anchor modern interiors with refined elegance.</p>",Atelier & Canvas,Wall Art,"mediterranean terracotta & coastal ease wall art, framed canvas print, modern living room art, large statement art, neutral home decor, gallery wall art, bedroom wall decor, minimalist poster, terracotta art print, fine art giclee, sustainable wall art",Size,18x24 in (45x60 cm),Frame Style,Museum-Grade Matte Fine Art Print (Unframed),poster_matte_18x24-in_250-gsm,33.0,TRUE
mediterranean-terracotta-coastal-ease-terracotta-pottery-with-olive-twigs-no-7-1dfa6d,Mediterranean Terracotta & Coastal Ease - Terracotta pottery with olive twigs No. 7,"<p>Transform your living space with Mediterranean Terracotta & Coastal Ease - Terracotta pottery with olive twigs No. 7. Printed on museum-grade heavyweight matte paper and encased in premium solid wood frames.</p><p>Created to reflect the calming balance of Mediterranean Terracotta & Coastal Ease, combining Amalfi Ultramarine, Terracotta Clay, Olive Green, Sunlit Limewash, Warm Sand tones to anchor modern interiors with refined elegance.</p>",Atelier & Canvas,Wall Art,"mediterranean terracotta & coastal ease wall art, framed canvas print, modern living room art, large statement art, neutral home decor, gallery wall art, bedroom wall decor, minimalist poster, terracotta art print, fine art giclee, sustainable wall art",Size,24x36 in (60x90 cm),Frame Style,Solid Natural Oak Wood Frame,framed-poster_flat_wood_natural_24x36-in_200-gsm,110.0,TRUE
mediterranean-terracotta-coastal-ease-terracotta-pottery-with-olive-twigs-no-7-1dfa6d,Mediterranean Terracotta & Coastal Ease - Terracotta pottery with olive twigs No. 7,"<p>Transform your living space with Mediterranean Terracotta & Coastal Ease - Terracotta pottery with olive twigs No. 7. Printed on museum-grade heavyweight matte paper and encased in premium solid wood frames.</p><p>Created to reflect the calming balance of Mediterranean Terracotta & Coastal Ease, combining Amalfi Ultramarine, Terracotta Clay, Olive Green, Sunlit Limewash, Warm Sand tones to anchor modern interiors with refined elegance.</p>",Atelier & Canvas,Wall Art,"mediterranean terracotta & coastal ease wall art, framed canvas print, modern living room art, large statement art, neutral home decor, gallery wall art, bedroom wall decor, minimalist poster, terracotta art print, fine art giclee, sustainable wall art",Size,24x36 in (60x90 cm),Frame Style,Matte Black Solid Wood Frame,framed-poster_flat_wood_black_24x36-in_200-gsm,105.0,TRUE
mediterranean-terracotta-coastal-ease-terracotta-pottery-with-olive-twigs-no-7-1dfa6d,Mediterranean Terracotta & Coastal Ease - Terracotta pottery with olive twigs No. 7,"<p>Transform your living space with Mediterranean Terracotta & Coastal Ease - Terracotta pottery with olive twigs No. 7. Printed on museum-grade heavyweight matte paper and encased in premium solid wood frames.</p><p>Created to reflect the calming balance of Mediterranean Terracotta & Coastal Ease, combining Amalfi Ultramarine, Terracotta Clay, Olive Green, Sunlit Limewash, Warm Sand tones to anchor modern interiors with refined elegance.</p>",Atelier & Canvas,Wall Art,"mediterranean terracotta & coastal ease wall art, framed canvas print, modern living room art, large statement art, neutral home decor, gallery wall art, bedroom wall decor, minimalist poster, terracotta art print, fine art giclee, sustainable wall art",Size,24x36 in (60x90 cm),Frame Style,Nordic White Wood Frame,framed-poster_flat_wood_white_24x36-in_200-gsm,105.0,TRUE
mediterranean-terracotta-coastal-ease-terracotta-pottery-with-olive-twigs-no-7-1dfa6d,Mediterranean Terracotta & Coastal Ease - Terracotta pottery with olive twigs No. 7,"<p>Transform your living space with Mediterranean Terracotta & Coastal Ease - Terracotta pottery with olive twigs No. 7. Printed on museum-grade heavyweight matte paper and encased in premium solid wood frames.</p><p>Created to reflect the calming balance of Mediterranean Terracotta & Coastal Ease, combining Amalfi Ultramarine, Terracotta Clay, Olive Green, Sunlit Limewash, Warm Sand tones to anchor modern interiors with refined elegance.</p>",Atelier & Canvas,Wall Art,"mediterranean terracotta & coastal ease wall art, framed canvas print, modern living room art, large statement art, neutral home decor, gallery wall art, bedroom wall decor, minimalist poster, terracotta art print, fine art giclee, sustainable wall art",Size,24x36 in (60x90 cm),Frame Style,Gallery Stretched Fine Art Canvas,canvas_slim_24x36-in_wood-frame,98.0,TRUE
mediterranean-terracotta-coastal-ease-terracotta-pottery-with-olive-twigs-no-7-1dfa6d,Mediterranean Terracotta & Coastal Ease - Terracotta pottery with olive twigs No. 7,"<p>Transform your living space with Mediterranean Terracotta & Coastal Ease - Terracotta pottery with olive twigs No. 7. Printed on museum-grade heavyweight matte paper and encased in premium solid wood frames.</p><p>Created to reflect the calming balance of Mediterranean Terracotta & Coastal Ease, combining Amalfi Ultramarine, Terracotta Clay, Olive Green, Sunlit Limewash, Warm Sand tones to anchor modern interiors with refined elegance.</p>",Atelier & Canvas,Wall Art,"mediterranean terracotta & coastal ease wall art, framed canvas print, modern living room art, large statement art, neutral home decor, gallery wall art, bedroom wall decor, minimalist poster, terracotta art print, fine art giclee, sustainable wall art",Size,24x36 in (60x90 cm),Frame Style,Museum-Grade Matte Fine Art Print (Unframed),poster_matte_24x36-in_250-gsm,46.0,TRUE
mediterranean-terracotta-coastal-ease-terracotta-pottery-with-olive-twigs-no-7-1dfa6d,Mediterranean Terracotta & Coastal Ease - Terracotta pottery with olive twigs No. 7,"<p>Transform your living space with Mediterranean Terracotta & Coastal Ease - Terracotta pottery with olive twigs No. 7. Printed on museum-grade heavyweight matte paper and encased in premium solid wood frames.</p><p>Created to reflect the calming balance of Mediterranean Terracotta & Coastal Ease, combining Amalfi Ultramarine, Terracotta Clay, Olive Green, Sunlit Limewash, Warm Sand tones to anchor modern interiors with refined elegance.</p>",Atelier & Canvas,Wall Art,"mediterranean terracotta & coastal ease wall art, framed canvas print, modern living room art, large statement art, neutral home decor, gallery wall art, bedroom wall decor, minimalist poster, terracotta art print, fine art giclee, sustainable wall art",Size,30x40 in (75x100 cm),Frame Style,Solid Natural Oak Wood Frame,framed-poster_flat_wood_natural_30x40-in_200-gsm,148.0,TRUE
mediterranean-terracotta-coastal-ease-terracotta-pottery-with-olive-twigs-no-7-1dfa6d,Mediterranean Terracotta & Coastal Ease - Terracotta pottery with olive twigs No. 7,"<p>Transform your living space with Mediterranean Terracotta & Coastal Ease - Terracotta pottery with olive twigs No. 7. Printed on museum-grade heavyweight matte paper and encased in premium solid wood frames.</p><p>Created to reflect the calming balance of Mediterranean Terracotta & Coastal Ease, combining Amalfi Ultramarine, Terracotta Clay, Olive Green, Sunlit Limewash, Warm Sand tones to anchor modern interiors with refined elegance.</p>",Atelier & Canvas,Wall Art,"mediterranean terracotta & coastal ease wall art, framed canvas print, modern living room art, large statement art, neutral home decor, gallery wall art, bedroom wall decor, minimalist poster, terracotta art print, fine art giclee, sustainable wall art",Size,30x40 in (75x100 cm),Frame Style,Matte Black Solid Wood Frame,framed-poster_flat_wood_black_30x40-in_200-gsm,143.0,TRUE
mediterranean-terracotta-coastal-ease-terracotta-pottery-with-olive-twigs-no-7-1dfa6d,Mediterranean Terracotta & Coastal Ease - Terracotta pottery with olive twigs No. 7,"<p>Transform your living space with Mediterranean Terracotta & Coastal Ease - Terracotta pottery with olive twigs No. 7. Printed on museum-grade heavyweight matte paper and encased in premium solid wood frames.</p><p>Created to reflect the calming balance of Mediterranean Terracotta & Coastal Ease, combining Amalfi Ultramarine, Terracotta Clay, Olive Green, Sunlit Limewash, Warm Sand tones to anchor modern interiors with refined elegance.</p>",Atelier & Canvas,Wall Art,"mediterranean terracotta & coastal ease wall art, framed canvas print, modern living room art, large statement art, neutral home decor, gallery wall art, bedroom wall decor, minimalist poster, terracotta art print, fine art giclee, sustainable wall art",Size,30x40 in (75x100 cm),Frame Style,Gallery Stretched Fine Art Canvas,canvas_slim_30x40-in_wood-frame,137.0,TRUE
mediterranean-terracotta-coastal-ease-terracotta-pottery-with-olive-twigs-no-7-1dfa6d,Mediterranean Terracotta & Coastal Ease - Terracotta pottery with olive twigs No. 7,"<p>Transform your living space with Mediterranean Terracotta & Coastal Ease - Terracotta pottery with olive twigs No. 7. Printed on museum-grade heavyweight matte paper and encased in premium solid wood frames.</p><p>Created to reflect the calming balance of Mediterranean Terracotta & Coastal Ease, combining Amalfi Ultramarine, Terracotta Clay, Olive Green, Sunlit Limewash, Warm Sand tones to anchor modern interiors with refined elegance.</p>",Atelier & Canvas,Wall Art,"mediterranean terracotta & coastal ease wall art, framed canvas print, modern living room art, large statement art, neutral home decor, gallery wall art, bedroom wall decor, minimalist poster, terracotta art print, fine art giclee, sustainable wall art",Size,30x40 in (75x100 cm),Frame Style,Museum-Grade Matte Fine Art Print (Unframed),poster_matte_30x40-in_250-gsm,59.0,TRUE
antique-botanical-herbarium-heirloom-citrus-branches-no-1-52e6a9,Antique Botanical & Herbarium - Heirloom citrus branches No. 1,"<p>Transform your living space with Antique Botanical & Herbarium - Heirloom citrus branches No. 1. Printed on museum-grade heavyweight matte paper and encased in premium solid wood frames.</p><p>Created to reflect the calming balance of Antique Botanical & Herbarium, combining Forest Moss, Eucalyptus Green, Antique Sepia, Old Ivory, Dried Rose tones to anchor modern interiors with refined elegance.</p>",Atelier & Canvas,Wall Art,"antique botanical & herbarium wall art, framed canvas print, modern living room art, large statement art, neutral home decor, gallery wall art, bedroom wall decor, minimalist poster, terracotta art print, fine art giclee, sustainable wall art",Size,12x18 in (30x45 cm),Frame Style,Solid Natural Oak Wood Frame,framed-poster_flat_wood_natural_12x18-in_200-gsm,52.0,TRUE
antique-botanical-herbarium-heirloom-citrus-branches-no-1-52e6a9,Antique Botanical & Herbarium - Heirloom citrus branches No. 1,"<p>Transform your living space with Antique Botanical & Herbarium - Heirloom citrus branches No. 1. Printed on museum-grade heavyweight matte paper and encased in premium solid wood frames.</p><p>Created to reflect the calming balance of Antique Botanical & Herbarium, combining Forest Moss, Eucalyptus Green, Antique Sepia, Old Ivory, Dried Rose tones to anchor modern interiors with refined elegance.</p>",Atelier & Canvas,Wall Art,"antique botanical & herbarium wall art, framed canvas print, modern living room art, large statement art, neutral home decor, gallery wall art, bedroom wall decor, minimalist poster, terracotta art print, fine art giclee, sustainable wall art",Size,12x18 in (30x45 cm),Frame Style,Matte Black Solid Wood Frame,framed-poster_flat_wood_black_12x18-in_200-gsm,50.0,TRUE
antique-botanical-herbarium-heirloom-citrus-branches-no-1-52e6a9,Antique Botanical & Herbarium - Heirloom citrus branches No. 1,"<p>Transform your living space with Antique Botanical & Herbarium - Heirloom citrus branches No. 1. Printed on museum-grade heavyweight matte paper and encased in premium solid wood frames.</p><p>Created to reflect the calming balance of Antique Botanical & Herbarium, combining Forest Moss, Eucalyptus Green, Antique Sepia, Old Ivory, Dried Rose tones to anchor modern interiors with refined elegance.</p>",Atelier & Canvas,Wall Art,"antique botanical & herbarium wall art, framed canvas print, modern living room art, large statement art, neutral home decor, gallery wall art, bedroom wall decor, minimalist poster, terracotta art print, fine art giclee, sustainable wall art",Size,12x18 in (30x45 cm),Frame Style,Museum-Grade Matte Fine Art Print (Unframed),poster_matte_12x18-in_250-gsm,26.0,TRUE
antique-botanical-herbarium-heirloom-citrus-branches-no-1-52e6a9,Antique Botanical & Herbarium - Heirloom citrus branches No. 1,"<p>Transform your living space with Antique Botanical & Herbarium - Heirloom citrus branches No. 1. Printed on museum-grade heavyweight matte paper and encased in premium solid wood frames.</p><p>Created to reflect the calming balance of Antique Botanical & Herbarium, combining Forest Moss, Eucalyptus Green, Antique Sepia, Old Ivory, Dried Rose tones to anchor modern interiors with refined elegance.</p>",Atelier & Canvas,Wall Art,"antique botanical & herbarium wall art, framed canvas print, modern living room art, large statement art, neutral home decor, gallery wall art, bedroom wall decor, minimalist poster, terracotta art print, fine art giclee, sustainable wall art",Size,18x24 in (45x60 cm),Frame Style,Solid Natural Oak Wood Frame,framed-poster_flat_wood_natural_18x24-in_200-gsm,76.0,TRUE
antique-botanical-herbarium-heirloom-citrus-branches-no-1-52e6a9,Antique Botanical & Herbarium - Heirloom citrus branches No. 1,"<p>Transform your living space with Antique Botanical & Herbarium - Heirloom citrus branches No. 1. Printed on museum-grade heavyweight matte paper and encased in premium solid wood frames.</p><p>Created to reflect the calming balance of Antique Botanical & Herbarium, combining Forest Moss, Eucalyptus Green, Antique Sepia, Old Ivory, Dried Rose tones to anchor modern interiors with refined elegance.</p>",Atelier & Canvas,Wall Art,"antique botanical & herbarium wall art, framed canvas print, modern living room art, large statement art, neutral home decor, gallery wall art, bedroom wall decor, minimalist poster, terracotta art print, fine art giclee, sustainable wall art",Size,18x24 in (45x60 cm),Frame Style,Matte Black Solid Wood Frame,framed-poster_flat_wood_black_18x24-in_200-gsm,73.0,TRUE
antique-botanical-herbarium-heirloom-citrus-branches-no-1-52e6a9,Antique Botanical & Herbarium - Heirloom citrus branches No. 1,"<p>Transform your living space with Antique Botanical & Herbarium - Heirloom citrus branches No. 1. Printed on museum-grade heavyweight matte paper and encased in premium solid wood frames.</p><p>Created to reflect the calming balance of Antique Botanical & Herbarium, combining Forest Moss, Eucalyptus Green, Antique Sepia, Old Ivory, Dried Rose tones to anchor modern interiors with refined elegance.</p>",Atelier & Canvas,Wall Art,"antique botanical & herbarium wall art, framed canvas print, modern living room art, large statement art, neutral home decor, gallery wall art, bedroom wall decor, minimalist poster, terracotta art print, fine art giclee, sustainable wall art",Size,18x24 in (45x60 cm),Frame Style,Nordic White Wood Frame,framed-poster_flat_wood_white_18x24-in_200-gsm,73.0,TRUE
antique-botanical-herbarium-heirloom-citrus-branches-no-1-52e6a9,Antique Botanical & Herbarium - Heirloom citrus branches No. 1,"<p>Transform your living space with Antique Botanical & Herbarium - Heirloom citrus branches No. 1. Printed on museum-grade heavyweight matte paper and encased in premium solid wood frames.</p><p>Created to reflect the calming balance of Antique Botanical & Herbarium, combining Forest Moss, Eucalyptus Green, Antique Sepia, Old Ivory, Dried Rose tones to anchor modern interiors with refined elegance.</p>",Atelier & Canvas,Wall Art,"antique botanical & herbarium wall art, framed canvas print, modern living room art, large statement art, neutral home decor, gallery wall art, bedroom wall decor, minimalist poster, terracotta art print, fine art giclee, sustainable wall art",Size,18x24 in (45x60 cm),Frame Style,Gallery Stretched Fine Art Canvas,canvas_slim_18x24-in_wood-frame,68.0,TRUE
antique-botanical-herbarium-heirloom-citrus-branches-no-1-52e6a9,Antique Botanical & Herbarium - Heirloom citrus branches No. 1,"<p>Transform your living space with Antique Botanical & Herbarium - Heirloom citrus branches No. 1. Printed on museum-grade heavyweight matte paper and encased in premium solid wood frames.</p><p>Created to reflect the calming balance of Antique Botanical & Herbarium, combining Forest Moss, Eucalyptus Green, Antique Sepia, Old Ivory, Dried Rose tones to anchor modern interiors with refined elegance.</p>",Atelier & Canvas,Wall Art,"antique botanical & herbarium wall art, framed canvas print, modern living room art, large statement art, neutral home decor, gallery wall art, bedroom wall decor, minimalist poster, terracotta art print, fine art giclee, sustainable wall art",Size,18x24 in (45x60 cm),Frame Style,Museum-Grade Matte Fine Art Print (Unframed),poster_matte_18x24-in_250-gsm,33.0,TRUE
antique-botanical-herbarium-heirloom-citrus-branches-no-1-52e6a9,Antique Botanical & Herbarium - Heirloom citrus branches No. 1,"<p>Transform your living space with Antique Botanical & Herbarium - Heirloom citrus branches No. 1. Printed on museum-grade heavyweight matte paper and encased in premium solid wood frames.</p><p>Created to reflect the calming balance of Antique Botanical & Herbarium, combining Forest Moss, Eucalyptus Green, Antique Sepia, Old Ivory, Dried Rose tones to anchor modern interiors with refined elegance.</p>",Atelier & Canvas,Wall Art,"antique botanical & herbarium wall art, framed canvas print, modern living room art, large statement art, neutral home decor, gallery wall art, bedroom wall decor, minimalist poster, terracotta art print, fine art giclee, sustainable wall art",Size,24x36 in (60x90 cm),Frame Style,Solid Natural Oak Wood Frame,framed-poster_flat_wood_natural_24x36-in_200-gsm,110.0,TRUE
antique-botanical-herbarium-heirloom-citrus-branches-no-1-52e6a9,Antique Botanical & Herbarium - Heirloom citrus branches No. 1,"<p>Transform your living space with Antique Botanical & Herbarium - Heirloom citrus branches No. 1. Printed on museum-grade heavyweight matte paper and encased in premium solid wood frames.</p><p>Created to reflect the calming balance of Antique Botanical & Herbarium, combining Forest Moss, Eucalyptus Green, Antique Sepia, Old Ivory, Dried Rose tones to anchor modern interiors with refined elegance.</p>",Atelier & Canvas,Wall Art,"antique botanical & herbarium wall art, framed canvas print, modern living room art, large statement art, neutral home decor, gallery wall art, bedroom wall decor, minimalist poster, terracotta art print, fine art giclee, sustainable wall art",Size,24x36 in (60x90 cm),Frame Style,Matte Black Solid Wood Frame,framed-poster_flat_wood_black_24x36-in_200-gsm,105.0,TRUE
antique-botanical-herbarium-heirloom-citrus-branches-no-1-52e6a9,Antique Botanical & Herbarium - Heirloom citrus branches No. 1,"<p>Transform your living space with Antique Botanical & Herbarium - Heirloom citrus branches No. 1. Printed on museum-grade heavyweight matte paper and encased in premium solid wood frames.</p><p>Created to reflect the calming balance of Antique Botanical & Herbarium, combining Forest Moss, Eucalyptus Green, Antique Sepia, Old Ivory, Dried Rose tones to anchor modern interiors with refined elegance.</p>",Atelier & Canvas,Wall Art,"antique botanical & herbarium wall art, framed canvas print, modern living room art, large statement art, neutral home decor, gallery wall art, bedroom wall decor, minimalist poster, terracotta art print, fine art giclee, sustainable wall art",Size,24x36 in (60x90 cm),Frame Style,Nordic White Wood Frame,framed-poster_flat_wood_white_24x36-in_200-gsm,105.0,TRUE
antique-botanical-herbarium-heirloom-citrus-branches-no-1-52e6a9,Antique Botanical & Herbarium - Heirloom citrus branches No. 1,"<p>Transform your living space with Antique Botanical & Herbarium - Heirloom citrus branches No. 1. Printed on museum-grade heavyweight matte paper and encased in premium solid wood frames.</p><p>Created to reflect the calming balance of Antique Botanical & Herbarium, combining Forest Moss, Eucalyptus Green, Antique Sepia, Old Ivory, Dried Rose tones to anchor modern interiors with refined elegance.</p>",Atelier & Canvas,Wall Art,"antique botanical & herbarium wall art, framed canvas print, modern living room art, large statement art, neutral home decor, gallery wall art, bedroom wall decor, minimalist poster, terracotta art print, fine art giclee, sustainable wall art",Size,24x36 in (60x90 cm),Frame Style,Gallery Stretched Fine Art Canvas,canvas_slim_24x36-in_wood-frame,98.0,TRUE
antique-botanical-herbarium-heirloom-citrus-branches-no-1-52e6a9,Antique Botanical & Herbarium - Heirloom citrus branches No. 1,"<p>Transform your living space with Antique Botanical & Herbarium - Heirloom citrus branches No. 1. Printed on museum-grade heavyweight matte paper and encased in premium solid wood frames.</p><p>Created to reflect the calming balance of Antique Botanical & Herbarium, combining Forest Moss, Eucalyptus Green, Antique Sepia, Old Ivory, Dried Rose tones to anchor modern interiors with refined elegance.</p>",Atelier & Canvas,Wall Art,"antique botanical & herbarium wall art, framed canvas print, modern living room art, large statement art, neutral home decor, gallery wall art, bedroom wall decor, minimalist poster, terracotta art print, fine art giclee, sustainable wall art",Size,24x36 in (60x90 cm),Frame Style,Museum-Grade Matte Fine Art Print (Unframed),poster_matte_24x36-in_250-gsm,46.0,TRUE
antique-botanical-herbarium-heirloom-citrus-branches-no-1-52e6a9,Antique Botanical & Herbarium - Heirloom citrus branches No. 1,"<p>Transform your living space with Antique Botanical & Herbarium - Heirloom citrus branches No. 1. Printed on museum-grade heavyweight matte paper and encased in premium solid wood frames.</p><p>Created to reflect the calming balance of Antique Botanical & Herbarium, combining Forest Moss, Eucalyptus Green, Antique Sepia, Old Ivory, Dried Rose tones to anchor modern interiors with refined elegance.</p>",Atelier & Canvas,Wall Art,"antique botanical & herbarium wall art, framed canvas print, modern living room art, large statement art, neutral home decor, gallery wall art, bedroom wall decor, minimalist poster, terracotta art print, fine art giclee, sustainable wall art",Size,30x40 in (75x100 cm),Frame Style,Solid Natural Oak Wood Frame,framed-poster_flat_wood_natural_30x40-in_200-gsm,148.0,TRUE
antique-botanical-herbarium-heirloom-citrus-branches-no-1-52e6a9,Antique Botanical & Herbarium - Heirloom citrus branches No. 1,"<p>Transform your living space with Antique Botanical & Herbarium - Heirloom citrus branches No. 1. Printed on museum-grade heavyweight matte paper and encased in premium solid wood frames.</p><p>Created to reflect the calming balance of Antique Botanical & Herbarium, combining Forest Moss, Eucalyptus Green, Antique Sepia, Old Ivory, Dried Rose tones to anchor modern interiors with refined elegance.</p>",Atelier & Canvas,Wall Art,"antique botanical & herbarium wall art, framed canvas print, modern living room art, large statement art, neutral home decor, gallery wall art, bedroom wall decor, minimalist poster, terracotta art print, fine art giclee, sustainable wall art",Size,30x40 in (75x100 cm),Frame Style,Matte Black Solid Wood Frame,framed-poster_flat_wood_black_30x40-in_200-gsm,143.0,TRUE
antique-botanical-herbarium-heirloom-citrus-branches-no-1-52e6a9,Antique Botanical & Herbarium - Heirloom citrus branches No. 1,"<p>Transform your living space with Antique Botanical & Herbarium - Heirloom citrus branches No. 1. Printed on museum-grade heavyweight matte paper and encased in premium solid wood frames.</p><p>Created to reflect the calming balance of Antique Botanical & Herbarium, combining Forest Moss, Eucalyptus Green, Antique Sepia, Old Ivory, Dried Rose tones to anchor modern interiors with refined elegance.</p>",Atelier & Canvas,Wall Art,"antique botanical & herbarium wall art, framed canvas print, modern living room art, large statement art, neutral home decor, gallery wall art, bedroom wall decor, minimalist poster, terracotta art print, fine art giclee, sustainable wall art",Size,30x40 in (75x100 cm),Frame Style,Gallery Stretched Fine Art Canvas,canvas_slim_30x40-in_wood-frame,137.0,TRUE
antique-botanical-herbarium-heirloom-citrus-branches-no-1-52e6a9,Antique Botanical & Herbarium - Heirloom citrus branches No. 1,"<p>Transform your living space with Antique Botanical & Herbarium - Heirloom citrus branches No. 1. Printed on museum-grade heavyweight matte paper and encased in premium solid wood frames.</p><p>Created to reflect the calming balance of Antique Botanical & Herbarium, combining Forest Moss, Eucalyptus Green, Antique Sepia, Old Ivory, Dried Rose tones to anchor modern interiors with refined elegance.</p>",Atelier & Canvas,Wall Art,"antique botanical & herbarium wall art, framed canvas print, modern living room art, large statement art, neutral home decor, gallery wall art, bedroom wall decor, minimalist poster, terracotta art print, fine art giclee, sustainable wall art",Size,30x40 in (75x100 cm),Frame Style,Museum-Grade Matte Fine Art Print (Unframed),poster_matte_30x40-in_250-gsm,59.0,TRUE
mid-century-bauhaus-modernism-intersecting-geometric-quadrants-no-2-e67409,Mid-Century Bauhaus & Modernism - Intersecting geometric quadrants No. 2,"<p>Transform your living space with Mid-Century Bauhaus & Modernism - Intersecting geometric quadrants No. 2. Printed on museum-grade heavyweight matte paper and encased in premium solid wood frames.</p><p>Created to reflect the calming balance of Mid-Century Bauhaus & Modernism, combining Deep Cobalt, Burnt Vermilion, Mustard Yellow, Matte Black, Warm Parchment tones to anchor modern interiors with refined elegance.</p>",Atelier & Canvas,Wall Art,"mid-century bauhaus & modernism wall art, framed canvas print, modern living room art, large statement art, neutral home decor, gallery wall art, bedroom wall decor, minimalist poster, terracotta art print, fine art giclee, sustainable wall art",Size,12x18 in (30x45 cm),Frame Style,Solid Natural Oak Wood Frame,framed-poster_flat_wood_natural_12x18-in_200-gsm,52.0,TRUE
mid-century-bauhaus-modernism-intersecting-geometric-quadrants-no-2-e67409,Mid-Century Bauhaus & Modernism - Intersecting geometric quadrants No. 2,"<p>Transform your living space with Mid-Century Bauhaus & Modernism - Intersecting geometric quadrants No. 2. Printed on museum-grade heavyweight matte paper and encased in premium solid wood frames.</p><p>Created to reflect the calming balance of Mid-Century Bauhaus & Modernism, combining Deep Cobalt, Burnt Vermilion, Mustard Yellow, Matte Black, Warm Parchment tones to anchor modern interiors with refined elegance.</p>",Atelier & Canvas,Wall Art,"mid-century bauhaus & modernism wall art, framed canvas print, modern living room art, large statement art, neutral home decor, gallery wall art, bedroom wall decor, minimalist poster, terracotta art print, fine art giclee, sustainable wall art",Size,12x18 in (30x45 cm),Frame Style,Matte Black Solid Wood Frame,framed-poster_flat_wood_black_12x18-in_200-gsm,50.0,TRUE
mid-century-bauhaus-modernism-intersecting-geometric-quadrants-no-2-e67409,Mid-Century Bauhaus & Modernism - Intersecting geometric quadrants No. 2,"<p>Transform your living space with Mid-Century Bauhaus & Modernism - Intersecting geometric quadrants No. 2. Printed on museum-grade heavyweight matte paper and encased in premium solid wood frames.</p><p>Created to reflect the calming balance of Mid-Century Bauhaus & Modernism, combining Deep Cobalt, Burnt Vermilion, Mustard Yellow, Matte Black, Warm Parchment tones to anchor modern interiors with refined elegance.</p>",Atelier & Canvas,Wall Art,"mid-century bauhaus & modernism wall art, framed canvas print, modern living room art, large statement art, neutral home decor, gallery wall art, bedroom wall decor, minimalist poster, terracotta art print, fine art giclee, sustainable wall art",Size,12x18 in (30x45 cm),Frame Style,Museum-Grade Matte Fine Art Print (Unframed),poster_matte_12x18-in_250-gsm,26.0,TRUE
mid-century-bauhaus-modernism-intersecting-geometric-quadrants-no-2-e67409,Mid-Century Bauhaus & Modernism - Intersecting geometric quadrants No. 2,"<p>Transform your living space with Mid-Century Bauhaus & Modernism - Intersecting geometric quadrants No. 2. Printed on museum-grade heavyweight matte paper and encased in premium solid wood frames.</p><p>Created to reflect the calming balance of Mid-Century Bauhaus & Modernism, combining Deep Cobalt, Burnt Vermilion, Mustard Yellow, Matte Black, Warm Parchment tones to anchor modern interiors with refined elegance.</p>",Atelier & Canvas,Wall Art,"mid-century bauhaus & modernism wall art, framed canvas print, modern living room art, large statement art, neutral home decor, gallery wall art, bedroom wall decor, minimalist poster, terracotta art print, fine art giclee, sustainable wall art",Size,18x24 in (45x60 cm),Frame Style,Solid Natural Oak Wood Frame,framed-poster_flat_wood_natural_18x24-in_200-gsm,76.0,TRUE
mid-century-bauhaus-modernism-intersecting-geometric-quadrants-no-2-e67409,Mid-Century Bauhaus & Modernism - Intersecting geometric quadrants No. 2,"<p>Transform your living space with Mid-Century Bauhaus & Modernism - Intersecting geometric quadrants No. 2. Printed on museum-grade heavyweight matte paper and encased in premium solid wood frames.</p><p>Created to reflect the calming balance of Mid-Century Bauhaus & Modernism, combining Deep Cobalt, Burnt Vermilion, Mustard Yellow, Matte Black, Warm Parchment tones to anchor modern interiors with refined elegance.</p>",Atelier & Canvas,Wall Art,"mid-century bauhaus & modernism wall art, framed canvas print, modern living room art, large statement art, neutral home decor, gallery wall art, bedroom wall decor, minimalist poster, terracotta art print, fine art giclee, sustainable wall art",Size,18x24 in (45x60 cm),Frame Style,Matte Black Solid Wood Frame,framed-poster_flat_wood_black_18x24-in_200-gsm,73.0,TRUE
mid-century-bauhaus-modernism-intersecting-geometric-quadrants-no-2-e67409,Mid-Century Bauhaus & Modernism - Intersecting geometric quadrants No. 2,"<p>Transform your living space with Mid-Century Bauhaus & Modernism - Intersecting geometric quadrants No. 2. Printed on museum-grade heavyweight matte paper and encased in premium solid wood frames.</p><p>Created to reflect the calming balance of Mid-Century Bauhaus & Modernism, combining Deep Cobalt, Burnt Vermilion, Mustard Yellow, Matte Black, Warm Parchment tones to anchor modern interiors with refined elegance.</p>",Atelier & Canvas,Wall Art,"mid-century bauhaus & modernism wall art, framed canvas print, modern living room art, large statement art, neutral home decor, gallery wall art, bedroom wall decor, minimalist poster, terracotta art print, fine art giclee, sustainable wall art",Size,18x24 in (45x60 cm),Frame Style,Nordic White Wood Frame,framed-poster_flat_wood_white_18x24-in_200-gsm,73.0,TRUE
mid-century-bauhaus-modernism-intersecting-geometric-quadrants-no-2-e67409,Mid-Century Bauhaus & Modernism - Intersecting geometric quadrants No. 2,"<p>Transform your living space with Mid-Century Bauhaus & Modernism - Intersecting geometric quadrants No. 2. Printed on museum-grade heavyweight matte paper and encased in premium solid wood frames.</p><p>Created to reflect the calming balance of Mid-Century Bauhaus & Modernism, combining Deep Cobalt, Burnt Vermilion, Mustard Yellow, Matte Black, Warm Parchment tones to anchor modern interiors with refined elegance.</p>",Atelier & Canvas,Wall Art,"mid-century bauhaus & modernism wall art, framed canvas print, modern living room art, large statement art, neutral home decor, gallery wall art, bedroom wall decor, minimalist poster, terracotta art print, fine art giclee, sustainable wall art",Size,18x24 in (45x60 cm),Frame Style,Gallery Stretched Fine Art Canvas,canvas_slim_18x24-in_wood-frame,68.0,TRUE
mid-century-bauhaus-modernism-intersecting-geometric-quadrants-no-2-e67409,Mid-Century Bauhaus & Modernism - Intersecting geometric quadrants No. 2,"<p>Transform your living space with Mid-Century Bauhaus & Modernism - Intersecting geometric quadrants No. 2. Printed on museum-grade heavyweight matte paper and encased in premium solid wood frames.</p><p>Created to reflect the calming balance of Mid-Century Bauhaus & Modernism, combining Deep Cobalt, Burnt Vermilion, Mustard Yellow, Matte Black, Warm Parchment tones to anchor modern interiors with refined elegance.</p>",Atelier & Canvas,Wall Art,"mid-century bauhaus & modernism wall art, framed canvas print, modern living room art, large statement art, neutral home decor, gallery wall art, bedroom wall decor, minimalist poster, terracotta art print, fine art giclee, sustainable wall art",Size,18x24 in (45x60 cm),Frame Style,Museum-Grade Matte Fine Art Print (Unframed),poster_matte_18x24-in_250-gsm,33.0,TRUE
mid-century-bauhaus-modernism-intersecting-geometric-quadrants-no-2-e67409,Mid-Century Bauhaus & Modernism - Intersecting geometric quadrants No. 2,"<p>Transform your living space with Mid-Century Bauhaus & Modernism - Intersecting geometric quadrants No. 2. Printed on museum-grade heavyweight matte paper and encased in premium solid wood frames.</p><p>Created to reflect the calming balance of Mid-Century Bauhaus & Modernism, combining Deep Cobalt, Burnt Vermilion, Mustard Yellow, Matte Black, Warm Parchment tones to anchor modern interiors with refined elegance.</p>",Atelier & Canvas,Wall Art,"mid-century bauhaus & modernism wall art, framed canvas print, modern living room art, large statement art, neutral home decor, gallery wall art, bedroom wall decor, minimalist poster, terracotta art print, fine art giclee, sustainable wall art",Size,24x36 in (60x90 cm),Frame Style,Solid Natural Oak Wood Frame,framed-poster_flat_wood_natural_24x36-in_200-gsm,110.0,TRUE
mid-century-bauhaus-modernism-intersecting-geometric-quadrants-no-2-e67409,Mid-Century Bauhaus & Modernism - Intersecting geometric quadrants No. 2,"<p>Transform your living space with Mid-Century Bauhaus & Modernism - Intersecting geometric quadrants No. 2. Printed on museum-grade heavyweight matte paper and encased in premium solid wood frames.</p><p>Created to reflect the calming balance of Mid-Century Bauhaus & Modernism, combining Deep Cobalt, Burnt Vermilion, Mustard Yellow, Matte Black, Warm Parchment tones to anchor modern interiors with refined elegance.</p>",Atelier & Canvas,Wall Art,"mid-century bauhaus & modernism wall art, framed canvas print, modern living room art, large statement art, neutral home decor, gallery wall art, bedroom wall decor, minimalist poster, terracotta art print, fine art giclee, sustainable wall art",Size,24x36 in (60x90 cm),Frame Style,Matte Black Solid Wood Frame,framed-poster_flat_wood_black_24x36-in_200-gsm,105.0,TRUE
mid-century-bauhaus-modernism-intersecting-geometric-quadrants-no-2-e67409,Mid-Century Bauhaus & Modernism - Intersecting geometric quadrants No. 2,"<p>Transform your living space with Mid-Century Bauhaus & Modernism - Intersecting geometric quadrants No. 2. Printed on museum-grade heavyweight matte paper and encased in premium solid wood frames.</p><p>Created to reflect the calming balance of Mid-Century Bauhaus & Modernism, combining Deep Cobalt, Burnt Vermilion, Mustard Yellow, Matte Black, Warm Parchment tones to anchor modern interiors with refined elegance.</p>",Atelier & Canvas,Wall Art,"mid-century bauhaus & modernism wall art, framed canvas print, modern living room art, large statement art, neutral home decor, gallery wall art, bedroom wall decor, minimalist poster, terracotta art print, fine art giclee, sustainable wall art",Size,24x36 in (60x90 cm),Frame Style,Nordic White Wood Frame,framed-poster_flat_wood_white_24x36-in_200-gsm,105.0,TRUE
mid-century-bauhaus-modernism-intersecting-geometric-quadrants-no-2-e67409,Mid-Century Bauhaus & Modernism - Intersecting geometric quadrants No. 2,"<p>Transform your living space with Mid-Century Bauhaus & Modernism - Intersecting geometric quadrants No. 2. Printed on museum-grade heavyweight matte paper and encased in premium solid wood frames.</p><p>Created to reflect the calming balance of Mid-Century Bauhaus & Modernism, combining Deep Cobalt, Burnt Vermilion, Mustard Yellow, Matte Black, Warm Parchment tones to anchor modern interiors with refined elegance.</p>",Atelier & Canvas,Wall Art,"mid-century bauhaus & modernism wall art, framed canvas print, modern living room art, large statement art, neutral home decor, gallery wall art, bedroom wall decor, minimalist poster, terracotta art print, fine art giclee, sustainable wall art",Size,24x36 in (60x90 cm),Frame Style,Gallery Stretched Fine Art Canvas,canvas_slim_24x36-in_wood-frame,98.0,TRUE
mid-century-bauhaus-modernism-intersecting-geometric-quadrants-no-2-e67409,Mid-Century Bauhaus & Modernism - Intersecting geometric quadrants No. 2,"<p>Transform your living space with Mid-Century Bauhaus & Modernism - Intersecting geometric quadrants No. 2. Printed on museum-grade heavyweight matte paper and encased in premium solid wood frames.</p><p>Created to reflect the calming balance of Mid-Century Bauhaus & Modernism, combining Deep Cobalt, Burnt Vermilion, Mustard Yellow, Matte Black, Warm Parchment tones to anchor modern interiors with refined elegance.</p>",Atelier & Canvas,Wall Art,"mid-century bauhaus & modernism wall art, framed canvas print, modern living room art, large statement art, neutral home decor, gallery wall art, bedroom wall decor, minimalist poster, terracotta art print, fine art giclee, sustainable wall art",Size,24x36 in (60x90 cm),Frame Style,Museum-Grade Matte Fine Art Print (Unframed),poster_matte_24x36-in_250-gsm,46.0,TRUE
mid-century-bauhaus-modernism-intersecting-geometric-quadrants-no-2-e67409,Mid-Century Bauhaus & Modernism - Intersecting geometric quadrants No. 2,"<p>Transform your living space with Mid-Century Bauhaus & Modernism - Intersecting geometric quadrants No. 2. Printed on museum-grade heavyweight matte paper and encased in premium solid wood frames.</p><p>Created to reflect the calming balance of Mid-Century Bauhaus & Modernism, combining Deep Cobalt, Burnt Vermilion, Mustard Yellow, Matte Black, Warm Parchment tones to anchor modern interiors with refined elegance.</p>",Atelier & Canvas,Wall Art,"mid-century bauhaus & modernism wall art, framed canvas print, modern living room art, large statement art, neutral home decor, gallery wall art, bedroom wall decor, minimalist poster, terracotta art print, fine art giclee, sustainable wall art",Size,30x40 in (75x100 cm),Frame Style,Solid Natural Oak Wood Frame,framed-poster_flat_wood_natural_30x40-in_200-gsm,148.0,TRUE
mid-century-bauhaus-modernism-intersecting-geometric-quadrants-no-2-e67409,Mid-Century Bauhaus & Modernism - Intersecting geometric quadrants No. 2,"<p>Transform your living space with Mid-Century Bauhaus & Modernism - Intersecting geometric quadrants No. 2. Printed on museum-grade heavyweight matte paper and encased in premium solid wood frames.</p><p>Created to reflect the calming balance of Mid-Century Bauhaus & Modernism, combining Deep Cobalt, Burnt Vermilion, Mustard Yellow, Matte Black, Warm Parchment tones to anchor modern interiors with refined elegance.</p>",Atelier & Canvas,Wall Art,"mid-century bauhaus & modernism wall art, framed canvas print, modern living room art, large statement art, neutral home decor, gallery wall art, bedroom wall decor, minimalist poster, terracotta art print, fine art giclee, sustainable wall art",Size,30x40 in (75x100 cm),Frame Style,Matte Black Solid Wood Frame,framed-poster_flat_wood_black_30x40-in_200-gsm,143.0,TRUE
mid-century-bauhaus-modernism-intersecting-geometric-quadrants-no-2-e67409,Mid-Century Bauhaus & Modernism - Intersecting geometric quadrants No. 2,"<p>Transform your living space with Mid-Century Bauhaus & Modernism - Intersecting geometric quadrants No. 2. Printed on museum-grade heavyweight matte paper and encased in premium solid wood frames.</p><p>Created to reflect the calming balance of Mid-Century Bauhaus & Modernism, combining Deep Cobalt, Burnt Vermilion, Mustard Yellow, Matte Black, Warm Parchment tones to anchor modern interiors with refined elegance.</p>",Atelier & Canvas,Wall Art,"mid-century bauhaus & modernism wall art, framed canvas print, modern living room art, large statement art, neutral home decor, gallery wall art, bedroom wall decor, minimalist poster, terracotta art print, fine art giclee, sustainable wall art",Size,30x40 in (75x100 cm),Frame Style,Gallery Stretched Fine Art Canvas,canvas_slim_30x40-in_wood-frame,137.0,TRUE
mid-century-bauhaus-modernism-intersecting-geometric-quadrants-no-2-e67409,Mid-Century Bauhaus & Modernism - Intersecting geometric quadrants No. 2,"<p>Transform your living space with Mid-Century Bauhaus & Modernism - Intersecting geometric quadrants No. 2. Printed on museum-grade heavyweight matte paper and encased in premium solid wood frames.</p><p>Created to reflect the calming balance of Mid-Century Bauhaus & Modernism, combining Deep Cobalt, Burnt Vermilion, Mustard Yellow, Matte Black, Warm Parchment tones to anchor modern interiors with refined elegance.</p>",Atelier & Canvas,Wall Art,"mid-century bauhaus & modernism wall art, framed canvas print, modern living room art, large statement art, neutral home decor, gallery wall art, bedroom wall decor, minimalist poster, terracotta art print, fine art giclee, sustainable wall art",Size,30x40 in (75x100 cm),Frame Style,Museum-Grade Matte Fine Art Print (Unframed),poster_matte_30x40-in_250-gsm,59.0,TRUE
japandi-wabi-sabi-minimalism-organic-textured-stone-arches-no-5-704d77,Japandi & Wabi-Sabi Minimalism - Organic textured stone arches No. 5,"<p>Transform your living space with Japandi & Wabi-Sabi Minimalism - Organic textured stone arches No. 5. Printed on museum-grade heavyweight matte paper and encased in premium solid wood frames.</p><p>Created to reflect the calming balance of Japandi & Wabi-Sabi Minimalism, combining Terracotta, Warm Ochre, Charcoal Slate, Muted Sage, Raw Linen, Sandstone tones to anchor modern interiors with refined elegance.</p>",Atelier & Canvas,Wall Art,"japandi & wabi-sabi minimalism wall art, framed canvas print, modern living room art, large statement art, neutral home decor, gallery wall art, bedroom wall decor, minimalist poster, terracotta art print, fine art giclee, sustainable wall art",Size,12x18 in (30x45 cm),Frame Style,Solid Natural Oak Wood Frame,framed-poster_flat_wood_natural_12x18-in_200-gsm,52.0,TRUE
japandi-wabi-sabi-minimalism-organic-textured-stone-arches-no-5-704d77,Japandi & Wabi-Sabi Minimalism - Organic textured stone arches No. 5,"<p>Transform your living space with Japandi & Wabi-Sabi Minimalism - Organic textured stone arches No. 5. Printed on museum-grade heavyweight matte paper and encased in premium solid wood frames.</p><p>Created to reflect the calming balance of Japandi & Wabi-Sabi Minimalism, combining Terracotta, Warm Ochre, Charcoal Slate, Muted Sage, Raw Linen, Sandstone tones to anchor modern interiors with refined elegance.</p>",Atelier & Canvas,Wall Art,"japandi & wabi-sabi minimalism wall art, framed canvas print, modern living room art, large statement art, neutral home decor, gallery wall art, bedroom wall decor, minimalist poster, terracotta art print, fine art giclee, sustainable wall art",Size,12x18 in (30x45 cm),Frame Style,Matte Black Solid Wood Frame,framed-poster_flat_wood_black_12x18-in_200-gsm,50.0,TRUE
japandi-wabi-sabi-minimalism-organic-textured-stone-arches-no-5-704d77,Japandi & Wabi-Sabi Minimalism - Organic textured stone arches No. 5,"<p>Transform your living space with Japandi & Wabi-Sabi Minimalism - Organic textured stone arches No. 5. Printed on museum-grade heavyweight matte paper and encased in premium solid wood frames.</p><p>Created to reflect the calming balance of Japandi & Wabi-Sabi Minimalism, combining Terracotta, Warm Ochre, Charcoal Slate, Muted Sage, Raw Linen, Sandstone tones to anchor modern interiors with refined elegance.</p>",Atelier & Canvas,Wall Art,"japandi & wabi-sabi minimalism wall art, framed canvas print, modern living room art, large statement art, neutral home decor, gallery wall art, bedroom wall decor, minimalist poster, terracotta art print, fine art giclee, sustainable wall art",Size,12x18 in (30x45 cm),Frame Style,Museum-Grade Matte Fine Art Print (Unframed),poster_matte_12x18-in_250-gsm,26.0,TRUE
japandi-wabi-sabi-minimalism-organic-textured-stone-arches-no-5-704d77,Japandi & Wabi-Sabi Minimalism - Organic textured stone arches No. 5,"<p>Transform your living space with Japandi & Wabi-Sabi Minimalism - Organic textured stone arches No. 5. Printed on museum-grade heavyweight matte paper and encased in premium solid wood frames.</p><p>Created to reflect the calming balance of Japandi & Wabi-Sabi Minimalism, combining Terracotta, Warm Ochre, Charcoal Slate, Muted Sage, Raw Linen, Sandstone tones to anchor modern interiors with refined elegance.</p>",Atelier & Canvas,Wall Art,"japandi & wabi-sabi minimalism wall art, framed canvas print, modern living room art, large statement art, neutral home decor, gallery wall art, bedroom wall decor, minimalist poster, terracotta art print, fine art giclee, sustainable wall art",Size,18x24 in (45x60 cm),Frame Style,Solid Natural Oak Wood Frame,framed-poster_flat_wood_natural_18x24-in_200-gsm,76.0,TRUE
japandi-wabi-sabi-minimalism-organic-textured-stone-arches-no-5-704d77,Japandi & Wabi-Sabi Minimalism - Organic textured stone arches No. 5,"<p>Transform your living space with Japandi & Wabi-Sabi Minimalism - Organic textured stone arches No. 5. Printed on museum-grade heavyweight matte paper and encased in premium solid wood frames.</p><p>Created to reflect the calming balance of Japandi & Wabi-Sabi Minimalism, combining Terracotta, Warm Ochre, Charcoal Slate, Muted Sage, Raw Linen, Sandstone tones to anchor modern interiors with refined elegance.</p>",Atelier & Canvas,Wall Art,"japandi & wabi-sabi minimalism wall art, framed canvas print, modern living room art, large statement art, neutral home decor, gallery wall art, bedroom wall decor, minimalist poster, terracotta art print, fine art giclee, sustainable wall art",Size,18x24 in (45x60 cm),Frame Style,Matte Black Solid Wood Frame,framed-poster_flat_wood_black_18x24-in_200-gsm,73.0,TRUE
japandi-wabi-sabi-minimalism-organic-textured-stone-arches-no-5-704d77,Japandi & Wabi-Sabi Minimalism - Organic textured stone arches No. 5,"<p>Transform your living space with Japandi & Wabi-Sabi Minimalism - Organic textured stone arches No. 5. Printed on museum-grade heavyweight matte paper and encased in premium solid wood frames.</p><p>Created to reflect the calming balance of Japandi & Wabi-Sabi Minimalism, combining Terracotta, Warm Ochre, Charcoal Slate, Muted Sage, Raw Linen, Sandstone tones to anchor modern interiors with refined elegance.</p>",Atelier & Canvas,Wall Art,"japandi & wabi-sabi minimalism wall art, framed canvas print, modern living room art, large statement art, neutral home decor, gallery wall art, bedroom wall decor, minimalist poster, terracotta art print, fine art giclee, sustainable wall art",Size,18x24 in (45x60 cm),Frame Style,Nordic White Wood Frame,framed-poster_flat_wood_white_18x24-in_200-gsm,73.0,TRUE
japandi-wabi-sabi-minimalism-organic-textured-stone-arches-no-5-704d77,Japandi & Wabi-Sabi Minimalism - Organic textured stone arches No. 5,"<p>Transform your living space with Japandi & Wabi-Sabi Minimalism - Organic textured stone arches No. 5. Printed on museum-grade heavyweight matte paper and encased in premium solid wood frames.</p><p>Created to reflect the calming balance of Japandi & Wabi-Sabi Minimalism, combining Terracotta, Warm Ochre, Charcoal Slate, Muted Sage, Raw Linen, Sandstone tones to anchor modern interiors with refined elegance.</p>",Atelier & Canvas,Wall Art,"japandi & wabi-sabi minimalism wall art, framed canvas print, modern living room art, large statement art, neutral home decor, gallery wall art, bedroom wall decor, minimalist poster, terracotta art print, fine art giclee, sustainable wall art",Size,18x24 in (45x60 cm),Frame Style,Gallery Stretched Fine Art Canvas,canvas_slim_18x24-in_wood-frame,68.0,TRUE
japandi-wabi-sabi-minimalism-organic-textured-stone-arches-no-5-704d77,Japandi & Wabi-Sabi Minimalism - Organic textured stone arches No. 5,"<p>Transform your living space with Japandi & Wabi-Sabi Minimalism - Organic textured stone arches No. 5. Printed on museum-grade heavyweight matte paper and encased in premium solid wood frames.</p><p>Created to reflect the calming balance of Japandi & Wabi-Sabi Minimalism, combining Terracotta, Warm Ochre, Charcoal Slate, Muted Sage, Raw Linen, Sandstone tones to anchor modern interiors with refined elegance.</p>",Atelier & Canvas,Wall Art,"japandi & wabi-sabi minimalism wall art, framed canvas print, modern living room art, large statement art, neutral home decor, gallery wall art, bedroom wall decor, minimalist poster, terracotta art print, fine art giclee, sustainable wall art",Size,18x24 in (45x60 cm),Frame Style,Museum-Grade Matte Fine Art Print (Unframed),poster_matte_18x24-in_250-gsm,33.0,TRUE
japandi-wabi-sabi-minimalism-organic-textured-stone-arches-no-5-704d77,Japandi & Wabi-Sabi Minimalism - Organic textured stone arches No. 5,"<p>Transform your living space with Japandi & Wabi-Sabi Minimalism - Organic textured stone arches No. 5. Printed on museum-grade heavyweight matte paper and encased in premium solid wood frames.</p><p>Created to reflect the calming balance of Japandi & Wabi-Sabi Minimalism, combining Terracotta, Warm Ochre, Charcoal Slate, Muted Sage, Raw Linen, Sandstone tones to anchor modern interiors with refined elegance.</p>",Atelier & Canvas,Wall Art,"japandi & wabi-sabi minimalism wall art, framed canvas print, modern living room art, large statement art, neutral home decor, gallery wall art, bedroom wall decor, minimalist poster, terracotta art print, fine art giclee, sustainable wall art",Size,24x36 in (60x90 cm),Frame Style,Solid Natural Oak Wood Frame,framed-poster_flat_wood_natural_24x36-in_200-gsm,110.0,TRUE
japandi-wabi-sabi-minimalism-organic-textured-stone-arches-no-5-704d77,Japandi & Wabi-Sabi Minimalism - Organic textured stone arches No. 5,"<p>Transform your living space with Japandi & Wabi-Sabi Minimalism - Organic textured stone arches No. 5. Printed on museum-grade heavyweight matte paper and encased in premium solid wood frames.</p><p>Created to reflect the calming balance of Japandi & Wabi-Sabi Minimalism, combining Terracotta, Warm Ochre, Charcoal Slate, Muted Sage, Raw Linen, Sandstone tones to anchor modern interiors with refined elegance.</p>",Atelier & Canvas,Wall Art,"japandi & wabi-sabi minimalism wall art, framed canvas print, modern living room art, large statement art, neutral home decor, gallery wall art, bedroom wall decor, minimalist poster, terracotta art print, fine art giclee, sustainable wall art",Size,24x36 in (60x90 cm),Frame Style,Matte Black Solid Wood Frame,framed-poster_flat_wood_black_24x36-in_200-gsm,105.0,TRUE
japandi-wabi-sabi-minimalism-organic-textured-stone-arches-no-5-704d77,Japandi & Wabi-Sabi Minimalism - Organic textured stone arches No. 5,"<p>Transform your living space with Japandi & Wabi-Sabi Minimalism - Organic textured stone arches No. 5. Printed on museum-grade heavyweight matte paper and encased in premium solid wood frames.</p><p>Created to reflect the calming balance of Japandi & Wabi-Sabi Minimalism, combining Terracotta, Warm Ochre, Charcoal Slate, Muted Sage, Raw Linen, Sandstone tones to anchor modern interiors with refined elegance.</p>",Atelier & Canvas,Wall Art,"japandi & wabi-sabi minimalism wall art, framed canvas print, modern living room art, large statement art, neutral home decor, gallery wall art, bedroom wall decor, minimalist poster, terracotta art print, fine art giclee, sustainable wall art",Size,24x36 in (60x90 cm),Frame Style,Nordic White Wood Frame,framed-poster_flat_wood_white_24x36-in_200-gsm,105.0,TRUE
japandi-wabi-sabi-minimalism-organic-textured-stone-arches-no-5-704d77,Japandi & Wabi-Sabi Minimalism - Organic textured stone arches No. 5,"<p>Transform your living space with Japandi & Wabi-Sabi Minimalism - Organic textured stone arches No. 5. Printed on museum-grade heavyweight matte paper and encased in premium solid wood frames.</p><p>Created to reflect the calming balance of Japandi & Wabi-Sabi Minimalism, combining Terracotta, Warm Ochre, Charcoal Slate, Muted Sage, Raw Linen, Sandstone tones to anchor modern interiors with refined elegance.</p>",Atelier & Canvas,Wall Art,"japandi & wabi-sabi minimalism wall art, framed canvas print, modern living room art, large statement art, neutral home decor, gallery wall art, bedroom wall decor, minimalist poster, terracotta art print, fine art giclee, sustainable wall art",Size,24x36 in (60x90 cm),Frame Style,Gallery Stretched Fine Art Canvas,canvas_slim_24x36-in_wood-frame,98.0,TRUE
japandi-wabi-sabi-minimalism-organic-textured-stone-arches-no-5-704d77,Japandi & Wabi-Sabi Minimalism - Organic textured stone arches No. 5,"<p>Transform your living space with Japandi & Wabi-Sabi Minimalism - Organic textured stone arches No. 5. Printed on museum-grade heavyweight matte paper and encased in premium solid wood frames.</p><p>Created to reflect the calming balance of Japandi & Wabi-Sabi Minimalism, combining Terracotta, Warm Ochre, Charcoal Slate, Muted Sage, Raw Linen, Sandstone tones to anchor modern interiors with refined elegance.</p>",Atelier & Canvas,Wall Art,"japandi & wabi-sabi minimalism wall art, framed canvas print, modern living room art, large statement art, neutral home decor, gallery wall art, bedroom wall decor, minimalist poster, terracotta art print, fine art giclee, sustainable wall art",Size,24x36 in (60x90 cm),Frame Style,Museum-Grade Matte Fine Art Print (Unframed),poster_matte_24x36-in_250-gsm,46.0,TRUE
japandi-wabi-sabi-minimalism-organic-textured-stone-arches-no-5-704d77,Japandi & Wabi-Sabi Minimalism - Organic textured stone arches No. 5,"<p>Transform your living space with Japandi & Wabi-Sabi Minimalism - Organic textured stone arches No. 5. Printed on museum-grade heavyweight matte paper and encased in premium solid wood frames.</p><p>Created to reflect the calming balance of Japandi & Wabi-Sabi Minimalism, combining Terracotta, Warm Ochre, Charcoal Slate, Muted Sage, Raw Linen, Sandstone tones to anchor modern interiors with refined elegance.</p>",Atelier & Canvas,Wall Art,"japandi & wabi-sabi minimalism wall art, framed canvas print, modern living room art, large statement art, neutral home decor, gallery wall art, bedroom wall decor, minimalist poster, terracotta art print, fine art giclee, sustainable wall art",Size,30x40 in (75x100 cm),Frame Style,Solid Natural Oak Wood Frame,framed-poster_flat_wood_natural_30x40-in_200-gsm,148.0,TRUE
japandi-wabi-sabi-minimalism-organic-textured-stone-arches-no-5-704d77,Japandi & Wabi-Sabi Minimalism - Organic textured stone arches No. 5,"<p>Transform your living space with Japandi & Wabi-Sabi Minimalism - Organic textured stone arches No. 5. Printed on museum-grade heavyweight matte paper and encased in premium solid wood frames.</p><p>Created to reflect the calming balance of Japandi & Wabi-Sabi Minimalism, combining Terracotta, Warm Ochre, Charcoal Slate, Muted Sage, Raw Linen, Sandstone tones to anchor modern interiors with refined elegance.</p>",Atelier & Canvas,Wall Art,"japandi & wabi-sabi minimalism wall art, framed canvas print, modern living room art, large statement art, neutral home decor, gallery wall art, bedroom wall decor, minimalist poster, terracotta art print, fine art giclee, sustainable wall art",Size,30x40 in (75x100 cm),Frame Style,Matte Black Solid Wood Frame,framed-poster_flat_wood_black_30x40-in_200-gsm,143.0,TRUE
japandi-wabi-sabi-minimalism-organic-textured-stone-arches-no-5-704d77,Japandi & Wabi-Sabi Minimalism - Organic textured stone arches No. 5,"<p>Transform your living space with Japandi & Wabi-Sabi Minimalism - Organic textured stone arches No. 5. Printed on museum-grade heavyweight matte paper and encased in premium solid wood frames.</p><p>Created to reflect the calming balance of Japandi & Wabi-Sabi Minimalism, combining Terracotta, Warm Ochre, Charcoal Slate, Muted Sage, Raw Linen, Sandstone tones to anchor modern interiors with refined elegance.</p>",Atelier & Canvas,Wall Art,"japandi & wabi-sabi minimalism wall art, framed canvas print, modern living room art, large statement art, neutral home decor, gallery wall art, bedroom wall decor, minimalist poster, terracotta art print, fine art giclee, sustainable wall art",Size,30x40 in (75x100 cm),Frame Style,Gallery Stretched Fine Art Canvas,canvas_slim_30x40-in_wood-frame,137.0,TRUE
japandi-wabi-sabi-minimalism-organic-textured-stone-arches-no-5-704d77,Japandi & Wabi-Sabi Minimalism - Organic textured stone arches No. 5,"<p>Transform your living space with Japandi & Wabi-Sabi Minimalism - Organic textured stone arches No. 5. Printed on museum-grade heavyweight matte paper and encased in premium solid wood frames.</p><p>Created to reflect the calming balance of Japandi & Wabi-Sabi Minimalism, combining Terracotta, Warm Ochre, Charcoal Slate, Muted Sage, Raw Linen, Sandstone tones to anchor modern interiors with refined elegance.</p>",Atelier & Canvas,Wall Art,"japandi & wabi-sabi minimalism wall art, framed canvas print, modern living room art, large statement art, neutral home decor, gallery wall art, bedroom wall decor, minimalist poster, terracotta art print, fine art giclee, sustainable wall art",Size,30x40 in (75x100 cm),Frame Style,Museum-Grade Matte Fine Art Print (Unframed),poster_matte_30x40-in_250-gsm,59.0,TRUE
